node_id,publication_date,url,title,first_seen,last_seen,seen_days,repub_no
63743511551304,2026-07-20T14:12:47+00:00,https://www.leckerschmecker.me/nudeln-in-zucchini-feta-sosse-a-a-perfekt/63743511551304,Nudeln in Zucchini-Feta-Soße: leichte Sommerküche,2026-07-22,2026-07-22,1,1
63743511578270,2026-07-20T14:12:48+00:00,https://www.leckerschmecker.me/spaghetti-mit-oelsardinen-a-b-mittelmeer/63743511578270,Pasta-Genuss wie am Mittelmeer,2026-07-22,2026-07-22,1,1
63743511721255,2026-07-20T15:24:00+00:00,https://www.leckerschmecker.me/zucchini-schinken-roellchen/63743511721255,Knusprige Zucchini-Schinken-Röllchen aus dem Ofen: So lecker kann einfach sein,2026-07-22,2026-07-22,1,1
63743511580554,2026-07-20T15:35:49+00:00,https://www.leckerschmecker.me/zucchini-tomaten-gratin-a-c-steckt/63743511580554,Dieses Gratin steckt voller mediterraner Aromen,2026-07-22,2026-07-22,1,1
63743511721285,2026-07-20T17:31:00+00:00,https://www.leckerschmecker.me/zucchini-mais-pizza/63743511721285,Zucchini-Mais-Pizza: die beste Pizza für Zucchini-Fans,2026-07-22,2026-07-22,1,1
63743511551794,2026-07-20T20:05:46+00:00,https://www.leckerschmecker.me/ofen-zucchini-mit-feta-einfach-a-b-probiere/63743511551794,Schnell und einfach: Probiere unsere Ofen-Zucchini mit Feta,2026-07-22,2026-07-22,1,1
63743511564325,2026-07-21T04:16:45+00:00,https://www.leckerschmecker.me/zucchini-gratin-mit-bechamelsosse-und-panko-parmesanhaube-a-e-momente/63743511564325,Zucchini-Gratin mit Béchamelsoße und Panko-Parmesanhaube,2026-07-22,2026-07-22,1,1
63743511721380,2026-07-21T05:32:39+00:00,https://www.leckerschmecker.me/beeren-caprese-salat-koestlicher/63743511721380,Köstlicher Caprese-Salat mit fruchtigem Update,2026-07-22,2026-07-23,2,1
63743511721236,2026-07-21T05:32:40+00:00,https://www.leckerschmecker.me/pistazien-blaubeerknoten-suess/63743511721236,Süß-saures Sommergebäck zum Verlieben: Pistazien-Blaubeerknoten,2026-07-22,2026-07-23,2,1
63743511721334,2026-07-21T05:32:41+00:00,https://www.leckerschmecker.me/protein-cookie-dough-loeffel/63743511721334,Löffel für Löffel ein Genuss: Protein-Cookie-Dough mit extra Eiweiß,2026-07-22,2026-07-23,2,1
63743511720784,2026-07-21T05:32:42+00:00,https://www.leckerschmecker.me/feta-erbsen-dip-bringt/63743511720784,Dieser Dip mit Feta und Erbsen bringt dich in Picknick-Laune,2026-07-22,2026-07-23,2,1
63743511578492,2026-07-21T05:43:11+00:00,https://www.leckerschmecker.me/zucchini-hackfleisch-gratin-a-c/63743511578492,Zucchini und Hackfleisch im Ofen: Das geht immer,2026-07-22,2026-07-23,2,1
63743511393486,2026-07-21T05:58:10+00:00,https://www.leckerschmecker.me/bacon-spiegelei-muffins-a-b/63743511393486,Lass dir Spiegelei-Muffins mit Schinken zum Frühstück schmecken,2026-07-22,2026-07-23,2,1
63743511617203,2026-07-21T05:58:20+00:00,https://www.leckerschmecker.me/schwarzwaelder-kirschtorte-kastenform-a-c/63743511617203,Klassiker mal anders: Schwarzwälder Kirschtorte aus der Kastenform,2026-07-22,2026-07-23,2,1
63743511676424,2026-07-21T06:01:09+00:00,https://www.leckerschmecker.me/kaffee-orangen-kuchen-vom-blech-a-b/63743511676424,Kaffee-Orangen-Kuchen: Wenn sich Aromen verlieben,2026-07-22,2026-07-23,2,1
63743511366678,2026-07-21T06:01:44+00:00,https://www.leckerschmecker.me/zitronentarte-a-c/63743511366678,"Französische Zitronentarte: cremig, sauer, süß, frisch",2026-07-22,2026-07-23,2,1
63743511721578,2026-07-21T06:41:00+00:00,https://www.leckerschmecker.me/iced-miso-latte/63743511721578,Mis-o en place mit unserem Iced-Miso-Latte,2026-07-22,2026-07-23,2,1
63743511573637,2026-07-21T06:43:46+00:00,https://www.leckerschmecker.me/pastasalat-mit-zitrone-und-haehnchen-a-a-leckerer/63743511573637,Dieser Pastasalat mit Zitrone und Hähnchen ist der perfekte Begleiter für sonnige Tage,2026-07-22,2026-07-23,2,1
63743511720081,2026-07-21T06:43:47+00:00,https://www.leckerschmecker.me/schlumpfeis-eis/63743511720081,Mit diesem Eis kannst du dein blaues Wunder erleben,2026-07-22,2026-07-23,2,1
63743511548185,2026-07-21T07:08:03+00:00,https://www.leckerschmecker.me/himbeer-mandel-overnight-oats-a-a/63743511548185,Himbeer-Mandel-Overnight-Oats: fruchtig und gesund,2026-07-22,2026-07-23,2,1
63743511558264,2026-07-21T07:11:29+00:00,https://www.leckerschmecker.me/fruehstueckspizza-mit-kimchi-a-a/63743511558264,Fusion-Frühstück: Koreanische Aromen treffen auf Pizza-Genuss,2026-07-22,2026-07-23,2,1
63743511720431,2026-07-21T07:23:41+00:00,https://www.leckerschmecker.me/pfirsich-lassi-sommerdrink/63743511720431,Pfirsich-Lassi: der cremige Sommerdrink mit Frischekick,2026-07-22,2026-07-23,2,1
63743511720708,2026-07-21T07:23:42+00:00,https://www.leckerschmecker.me/rucola-mango-salat-frisch/63743511720708,"Frisch, fruchtig, genial: Dieser vegane Rucola-Mango-Salat macht sofort gute Laune",2026-07-22,2026-07-23,2,1
63743511719587,2026-07-21T07:23:43+00:00,https://www.leckerschmecker.me/thunfisch-oliven-aufstrich-kueche/63743511719587,Thunfisch-Oliven-Aufstrich: mediterrane Küche aus dem Mixer,2026-07-22,2026-07-23,2,1
63743511720143,2026-07-21T07:23:43+00:00,https://www.leckerschmecker.me/schnelle-panini-aus-broetchenteig-probieren/63743511720143,In 10 Minuten fertig: Diese Panini aus Brötchenteig musst du probieren,2026-07-22,2026-07-23,2,1
63743511564231,2026-07-21T08:46:36+00:00,https://www.leckerschmecker.me/hackfleischpfanne-mit-zucchini-a-a-art/63743511564231,Hackfleischpfanne mit Zucchini griechischer Art: schmeckt nach Urlaub,2026-07-22,2026-07-23,2,1
63743511718775,2026-07-21T08:46:37+00:00,https://www.leckerschmecker.me/vanille-zitronen-ruehrkuchen-backst/63743511718775,"Goldgelb, saftig und zitronig: So backst du unseren liebsten Rührkuchen",2026-07-22,2026-07-23,2,1
63743511721697,2026-07-21T10:08:00+00:00,https://www.leckerschmecker.me/vegane-zwiebel-paprika-tomatenpfanne/63743511721697,"Eine Pfanne, simple Zutaten und überraschend viel Geschmack",2026-07-22,2026-07-23,2,1
63743511721081,2026-07-21T10:50:40+00:00,https://www.leckerschmecker.me/muhammara-gnocchi-bringen/63743511721081,Diese Muhammara-Gnocchi bringen Röstaromen und Cremigkeit perfekt zusammen,2026-07-22,2026-07-22,1,1
63743511541946,2026-07-21T10:50:41+00:00,https://www.leckerschmecker.me/heidelbeer-baiser-kuchen-vom-blech-a-a-blick/63743511541946,Heidelbeer-Baiser-Kuchen vom Blech: Schicht für Schicht ein Gedicht,2026-07-22,2026-07-23,2,1
63743511377733,2026-07-21T10:57:47+00:00,https://www.leckerschmecker.me/schimmel-auf-der-marmelade-a-b/63743511377733,Schimmel auf der Marmelade? Was du jetzt tun musst,2026-07-22,2026-07-23,2,1
63743511575502,2026-07-21T11:27:10+00:00,https://www.leckerschmecker.me/brombeer-limetten-cupcakes-a-a/63743511575502,"Kleine Kuchen, die glücklich machen: Brombeer-Limetten-Cupcakes",2026-07-22,2026-07-23,2,1
63743511543984,2026-07-21T11:29:41+00:00,https://www.leckerschmecker.me/sushi-auflauf-mit-lachs-und-mango-a-a-gefallen/63743511543984,Aus der Rolle gefallen: Sushi-Auflauf mit Lachs und Mango,2026-07-22,2026-07-23,2,1
63743511565120,2026-07-21T11:40:54+00:00,https://www.leckerschmecker.me/gebratener-zucchinisalat-a-a/63743511565120,Gebratener Zucchinisalat: So lecker kann Zucchini sein,2026-07-22,2026-07-23,2,1
63743511714325,2026-07-21T12:20:18+00:00,https://www.leckerschmecker.me/dot-cake-a-a/63743511714325,Hast du Lust auf den schönsten Trendkuchen des Jahres? So gelingt dir dein Dot Cake,2026-07-22,2026-07-23,2,1
63743511714210,2026-07-21T12:23:30+00:00,https://www.leckerschmecker.me/alkoholfreier-limoncello-spritz-a-a/63743511714210,Sommer im Glas: So gelingt dir ein alkoholfreier Limoncello-Spritz,2026-07-22,2026-07-23,2,1
63743511432244,2026-07-21T12:36:48+00:00,https://www.leckerschmecker.me/gefuellte-zucchini-mit-pfifferlingen-a-c/63743511432244,Heute gibt es gefüllte Zucchini mit Pfifferlingen aus dem Ofen,2026-07-22,2026-07-23,2,1
63743511448789,2026-07-21T12:40:29+00:00,https://www.leckerschmecker.me/kartoffel-zucchini-gratin-a-b/63743511448789,Kartoffel-Zucchini-Gratin ist ein Klassiker aus der Familienküche,2026-07-22,2026-07-23,2,1
63743511415397,2026-07-21T12:44:20+00:00,https://www.leckerschmecker.me/gefuellte-zucchini-mit-couscous-a-b/63743511415397,Sommerküche: gefüllte Zucchini mit Couscous und Kichererbsen,2026-07-22,2026-07-23,2,1
63743511402737,2026-07-21T13:28:40+00:00,https://www.leckerschmecker.me/gegrilltes-kaese-schinken-sandwich-a-f/63743511402737,Gegrillte Käse-Schinken-Toasts sind eine schnelle Snack-Idee,2026-07-22,2026-07-23,2,1
63743511411583,2026-07-21T13:33:15+00:00,https://www.leckerschmecker.me/zucchini-hackbaellchen-a-i/63743511411583,So lecker sind Zucchini-Hackbällchen mit Tomatensoße,2026-07-22,2026-07-23,2,1
63743511552582,2026-07-21T13:33:54+00:00,https://www.leckerschmecker.me/asiatische-zucchini-champignon-pfanne-a-c/63743511552582,Heutiges Tagesgericht: asiatische Zucchini-Champignon-Pfanne,2026-07-22,2026-07-23,2,1
63743511721018,2026-07-21T13:37:39+00:00,https://www.leckerschmecker.me/alkoholfreier-paloma-spritzige/63743511721018,Alkoholfreier Paloma: der spritzige Sommerdrink ohne Promille,2026-07-22,2026-07-23,2,1
63743511499399,2026-07-21T13:45:16+00:00,https://www.leckerschmecker.me/honig-rosmarin-butter-a-b/63743511499399,"Honig-Rosmarin-Butter: ein Aufstrich, der (fast) alles kann",2026-07-22,2026-07-23,2,1
63743511721504,2026-07-21T13:57:00+00:00,https://www.leckerschmecker.me/blaubeerkuchen-mit-skyr/63743511721504,Skyr und Blaubeere: neuer Lieblingskuchen diesen Sommer,2026-07-22,2026-07-23,2,1
63743511563254,2026-07-21T14:17:52+00:00,https://www.leckerschmecker.me/zucchini-mozzarella-auflauf-a-b-wetter/63743511563254,Käsig und doch sommerlich: Das verspricht dieser Zucchini-Auflauf,2026-07-22,2026-07-23,2,1
63743511719424,2026-07-21T14:17:53+00:00,https://www.leckerschmecker.me/gegrillte-zucchini-whipped-feta-aufwand/63743511719424,Gegrillte Zucchini auf Whipped Feta ist die Sommer-Vorspeise mit wenig Aufwand,2026-07-22,2026-07-23,2,1
63743511719655,2026-07-21T14:44:39+00:00,https://www.leckerschmecker.me/tomaten-mozzarella-tiramisu-warme/63743511719655,Tomaten-Mozzarella-Tiramisu: mediterraner Schichtgenuss für warme Tage,2026-07-22,2026-07-23,2,1
63743511720753,2026-07-21T15:24:45+00:00,https://www.leckerschmecker.me/vitello-tonnato-mit-wassermelone-perfekten/63743511720753,So wird Vitello Tonnato mit Wassermelone zur perfekten Sommerplatte,2026-07-22,2026-07-23,2,1
63743511585239,2026-07-21T16:20:23+00:00,https://www.leckerschmecker.me/zucchini-schmorpfanne-a-b/63743511585239,Zucchini und Hackfleisch: eine unwiderstehliche Kombination,2026-07-22,2026-07-23,2,1
63743511365173,2026-07-21T16:38:27+00:00,https://www.leckerschmecker.me/himbeer-mandel-schnitten-a-b/63743511365173,Fruchtiger Sommertraum: Himbeer-Mandel-Schnitten,2026-07-22,2026-07-23,2,1
63743511720795,2026-07-21T18:04:48+00:00,https://www.leckerschmecker.me/himbeer-limoncello-berry/63743511720795,Berry nice: fruchtiger Limoncello in Sommerlaune,2026-07-22,2026-07-23,2,1
63743511721082,2026-07-22T04:03:48+00:00,https://www.leckerschmecker.me/parmesan-roesti-spiegelei-brunch/63743511721082,Parmesan-Rösti mit Spiegelei ist Brunch und Comfort Food zugleich,2026-07-22,2026-07-23,2,1
63743511557151,2026-07-22T04:03:49+00:00,https://www.leckerschmecker.me/zucchini-lachs-pfanne-a-b-abendessen/63743511557151,Zucchini-Lachs-Pfanne: Abendessen mit dem gewissen Etwas,2026-07-22,2026-07-23,2,1
63743511404440,2026-07-22T04:53:28+00:00,https://www.leckerschmecker.me/spiegelei-toasts-a-p/63743511404440,Frühstück in 15 Minuten: Spiegelei-Toasts mit Käse,2026-07-22,2026-07-23,2,1
63743511721452,2026-07-22T05:07:00+00:00,https://www.leckerschmecker.me/mango-birchermuesli-mit-pistazie/63743511721452,"Tropisch, nussig, vollkommen: Mango-Birchermüsli mit Pistazie für anspruchsvolle Frühaufsteher",2026-07-22,2026-07-23,2,1
63743511721699,2026-07-22T05:35:43+00:00,https://www.leckerschmecker.me/pak-choi-airfryer-rezept/63743511721699,Dieses Airfryer-Rezept macht Pak Choi zur besten Beilage überhaupt,2026-07-22,2026-07-23,2,1
63743511721457,2026-07-22T05:35:44+00:00,https://www.leckerschmecker.me/tuerkischer-zwiebelsalat-bbq/63743511721457,Nie wieder ohne: kein BBQ ohne einen türkischen Zwiebelsalat,2026-07-22,2026-07-23,2,1
63743511721891,2026-07-22T05:35:45+00:00,https://www.leckerschmecker.me/weisse-bohnen-gurken-salat-bohnensalat/63743511721891,Dieser Bohnensalat mit Gurke und Dill ist das perfekte Sommerrezept,2026-07-22,2026-07-23,2,1
63743511721381,2026-07-22T05:35:46+00:00,https://www.leckerschmecker.me/vegane-brotpralinen-veganen/63743511721381,Diese veganen Brotpralinen sind der Hingucker auf jedem Büfett,2026-07-22,2026-07-23,2,1
63743511452094,2026-07-22T06:03:02+00:00,https://www.leckerschmecker.me/sandwich-mit-rote-bete-hummus-a-d/63743511452094,Unser Sandwich mit Rote-Bete-Hummus ist eine leckere Frühstücksidee,2026-07-22,2026-07-23,2,1
63743511408048,2026-07-22T06:33:56+00:00,https://www.leckerschmecker.me/egg-drop-sandwich-rezept-a-b/63743511408048,Frühstück mit Ei: So machst du ein koreanisches Egg Drop Sandwich,2026-07-22,2026-07-23,2,1
63743511721874,2026-07-22T06:39:00+00:00,https://www.leckerschmecker.me/pekannuss-pfannkuchen/63743511721874,So gut! Knusprige Pekannüsse treffen fluffige Pfannkuchen,2026-07-22,2026-07-23,2,1
63743511720217,2026-07-22T06:56:40+00:00,https://www.leckerschmecker.me/zwiebelschnitzel-aus-dem-airfryer-genuss/63743511720217,"Wenig Aufwand, viel Genuss: Zwiebelschnitzel aus dem Airfryer",2026-07-22,2026-07-23,2,1
63743511721057,2026-07-22T06:56:40+00:00,https://www.leckerschmecker.me/schweinefilet-kraeuterkruste-elegantes/63743511721057,Schweinefilet mit Kräuterkruste: elegantes Ofengericht ohne Stress,2026-07-22,2026-07-23,2,1
63743511495064,2026-07-22T07:01:28+00:00,https://www.leckerschmecker.me/pak-choi-kokossuppe-a-a/63743511495064,"Köstlich-cremige Pak Choi-Kokossuppe, die einfach glücklich macht",2026-07-22,2026-07-23,2,1
63743511498680,2026-07-22T07:13:55+00:00,https://www.leckerschmecker.me/hasselback-zucchini-a-e/63743511498680,Würzige Hasselback-Zucchini mit Käse überbacken: absolutes Wohlfühlgericht,2026-07-22,2026-07-23,2,1
63743511570238,2026-07-22T07:29:54+00:00,https://www.leckerschmecker.me/zucchini-moussaka-a-b-weisst/63743511570238,Zu viele Zucchini? Mach das daraus!,2026-07-22,2026-07-23,2,1
63743511715615,2026-07-22T07:29:54+00:00,https://www.leckerschmecker.me/eiskaffee-torte-feine/63743511715615,Eiskaffee-Torte: cremiger Sommerkuchen für Kaffeeliebhaber,2026-07-22,2026-07-23,2,1
63743511720301,2026-07-22T07:59:57+00:00,https://www.leckerschmecker.me/himbeer-pistazien-torte-creme/63743511720301,Himbeer-Pistazien-Torte mit Mascarpone-Creme: Schicht für Schicht verführerisch,2026-07-22,2026-07-24,3,1
63743511428409,2026-07-22T09:25:24+00:00,https://www.leckerschmecker.me/italienische-kueche-klassiker-a-d/63743511428409,Kennst du diese 10 italienischen Klassiker?,2026-07-22,2026-07-24,3,1
63743511721835,2026-07-22T09:32:00+00:00,https://www.leckerschmecker.me/matcha-himbeer-macarons/63743511721835,So gelingen dir Matcha-Himbeer-Macarons wie aus der Pâtisserie,2026-07-22,2026-07-23,2,1
63743511422739,2026-07-22T09:51:57+00:00,https://www.leckerschmecker.me/choriatiki-griechischer-bauernsalat-a-l/63743511422739,Griechischer Salat mit Feta: Choriatiki schmeckt nach Urlaub,2026-07-22,2026-07-24,3,1
63743511676972,2026-07-22T09:52:52+00:00,https://www.leckerschmecker.me/moussaka-nudelauflauf-a-b/63743511676972,Moussaka-Nudelauflauf: Tradition trifft Wohlfühlessen,2026-07-22,2026-07-23,2,1
63743511721730,2026-07-22T10:11:00+00:00,https://www.leckerschmecker.me/fermentierte-zucchini/63743511721730,So bleiben deine Zucchini monatelang frisch,2026-07-22,2026-07-23,2,1
63743511718544,2026-07-22T10:58:39+00:00,https://www.leckerschmecker.me/zucchini-linsen-suppe-gesamte/63743511718544,Die perfekte vegane Zucchini-Linsen-Suppe für die gesamte Familie,2026-07-22,2026-07-24,3,1
63743511719079,2026-07-22T10:58:40+00:00,https://www.leckerschmecker.me/jalapeno-cheddar-tuna-melt-bitte/63743511719079,"Jalapeño-Käse-Tuna-Melt: Ja, bitte — und nochmal ja!",2026-07-22,2026-07-24,3,1
63743511721270,2026-07-22T11:20:40+00:00,https://www.leckerschmecker.me/mango-kokosnuss-kastenkuchen-fruchtiger/63743511721270,Mango-Kokosnuss-Kastenkuchen: fruchtiger Rührkuchen mit Urlaubsfeeling,2026-07-22,2026-07-23,2,1
63743511494457,2026-07-22T11:20:41+00:00,https://www.leckerschmecker.me/himbeer-kokos-fudge-a-a-naschen/63743511494457,Himbeer-Kokos-Fudge: Naschen ohne Zucker,2026-07-22,2026-07-24,3,1
63743511709947,2026-07-22T11:20:42+00:00,https://www.leckerschmecker.me/mediterrane-schinkenroellchen-italienischer/63743511709947,Mediterrane Schinkenröllchen: Genuss wie im Mittelmeerurlaub,2026-07-22,2026-07-24,3,1
63743511722348,2026-07-22T11:23:00+00:00,https://www.leckerschmecker.me/himbeer-kaesekuchen-pizza-airfryer/63743511722348,"Süße Himbeer-Pizza aus dem Airfryer: ein Dessert, das alle überrascht",2026-07-22,2026-07-24,3,1
63743511716271,2026-07-22T11:37:19+00:00,https://www.leckerschmecker.me/erdbeer-kefir-a-a/63743511716271,So lecker startest du mit Erdbeer-Kefir in den Tag,2026-07-22,2026-07-24,3,1
63743511714761,2026-07-22T11:39:09+00:00,https://www.leckerschmecker.me/gefuellte-vegane-kartoffeltaschen-a-a/63743511714761,"Außen goldbraun, innen herzhaft: So lecker sind vegane Kartoffeltaschen",2026-07-22,2026-07-24,3,1
63743511714723,2026-07-22T11:42:27+00:00,https://www.leckerschmecker.me/krabbensalat-mit-gurken-a-a/63743511714723,Wenn es leicht und lecker sein soll: Krabbensalat mit Gurken,2026-07-22,2026-07-24,3,1
63743511567936,2026-07-22T12:11:45+00:00,https://www.leckerschmecker.me/banana-split-torte-a-a/63743511567936,Banana-Split-Torte: das Kultgericht als Kuchen,2026-07-22,2026-07-24,3,1
63743511562620,2026-07-22T12:16:18+00:00,https://www.leckerschmecker.me/gegrillter-kartoffelsalat-mit-zucchini-a-a/63743511562620,Nicht nur Grillfans feiern diesen Kartoffelsalat,2026-07-22,2026-07-24,3,1
63743511542376,2026-07-22T12:49:36+00:00,https://www.leckerschmecker.me/pfirsich-quark-kuchen-vom-blech-a-a-klassiker/63743511542376,"Saftig, unkompliziert, beliebt: dieser Blechkuchen mit Quark und Pfirsichen funktioniert immer",2026-07-22,2026-07-24,3,1
63743511721326,2026-07-22T13:29:36+00:00,https://www.leckerschmecker.me/mango-chili-aioli-verpasse/63743511721326,Verpasse Aioli einen fruchtig-feurigen Twist,2026-07-22,2026-07-24,3,1
63743511721586,2026-07-22T13:29:37+00:00,https://www.leckerschmecker.me/erdbeer-brownies-schoko-ganache-gelingen/63743511721586,So gelingen dir saftige Erdbeer-Brownies mit cremiger Schoko-Ganache,2026-07-22,2026-07-24,3,1
63743511721815,2026-07-22T13:29:38+00:00,https://www.leckerschmecker.me/curry-honigmelone-vom-grill-sommerdessert/63743511721815,Curry-Honigmelone vom Grill: Sommerdessert mit Wow-Effekt,2026-07-22,2026-07-24,3,1
63743511721431,2026-07-22T13:29:39+00:00,https://www.leckerschmecker.me/buttertoast-cookies-cookie/63743511721431,Ein Cookie aus deinem Butterbrot,2026-07-22,2026-07-24,3,1
63743511721737,2026-07-22T13:53:00+00:00,https://www.leckerschmecker.me/sauerkirsch-streuselkuchen/63743511721737,"Knusprig, leicht sauer, unwiderstehlich gut: ein herrlich sommerlicher Kirschkuchen",2026-07-22,2026-07-24,3,1
63743511551304,2026-07-22T14:10:45+00:00,https://www.leckerschmecker.me/nudeln-in-zucchini-feta-sosse-a-a-warme/63743511551304,Nudeln in Zucchini-Feta-Soße: leichte Sommerküche,2026-07-22,2026-07-24,3,2
63743511578270,2026-07-22T14:10:46+00:00,https://www.leckerschmecker.me/spaghetti-mit-oelsardinen-a-b-fisch/63743511578270,Pasta-Genuss wie am Mittelmeer,2026-07-22,2026-07-24,3,2
63743511721081,2026-07-22T14:44:46+00:00,https://www.leckerschmecker.me/muhammara-gnocchi-roestaromen/63743511721081,Diese Muhammara-Gnocchi bringen Röstaromen und Cremigkeit perfekt zusammen,2026-07-22,2026-07-24,3,2
63743511564325,2026-07-22T14:44:48+00:00,https://www.leckerschmecker.me/zucchini-gratin-mit-bechamelsosse-und-panko-parmesanhaube-a-e-zubereiten/63743511564325,Zucchini-Gratin mit Béchamelsoße und Panko-Parmesanhaube,2026-07-22,2026-07-24,3,2
63743511722069,2026-07-22T15:23:00+00:00,https://www.leckerschmecker.me/dumpling-nudeln-mit-wuerziger-sosse/63743511722069,Falten war gestern: Heute gibt’s Dumpling-Nudeln mit würziger Soße,2026-07-22,2026-07-24,3,1
63743511721657,2026-07-22T16:27:00+00:00,https://www.leckerschmecker.me/indonesische-nudelsuppe/63743511721657,Indonesische Nudelsuppe: Wundermittel gegen Erkältungen,2026-07-23,2026-07-23,1,1
63743511721379,2026-07-22T17:34:00+00:00,https://www.leckerschmecker.me/haehnchen-ananas-spiesse-vom-grill/63743511721379,Fruchtig-würzige Abwechslung auf dem Grill,2026-07-23,2026-07-23,1,1
63743511551794,2026-07-22T18:09:45+00:00,https://www.leckerschmecker.me/ofen-zucchini-mit-feta-einfach-a-b-warmer/63743511551794,Schnell und einfach: Probiere unsere Ofen-Zucchini mit Feta,2026-07-23,2026-07-24,2,2
63743511721866,2026-07-22T18:45:00+00:00,https://www.leckerschmecker.me/mexikanische-streetfood-mais-haehnchen-bowl/63743511721866,Tajín kommt direkt ins Spiel mit dieser mexikanischen Streetfood-Mais-Hähnchen-Bowl,2026-07-23,2026-07-23,1,1
63743511721285,2026-07-23T03:59:47+00:00,https://www.leckerschmecker.me/zucchini-mais-pizza-beste/63743511721285,Zucchini-Mais-Pizza: die beste Pizza für Zucchini-Fans,2026-07-23,2026-07-24,2,2
63743511721255,2026-07-23T03:59:48+00:00,https://www.leckerschmecker.me/zucchini-schinken-roellchen-knusprige/63743511721255,Knusprige Zucchini-Schinken-Röllchen aus dem Ofen: So lecker kann einfach sein,2026-07-23,2026-07-24,2,2
63743511721868,2026-07-23T05:03:00+00:00,https://www.leckerschmecker.me/karotten-bagel/63743511721868,Karottensaft im Teig: Der Trick für unglaublich saftige Bagels,2026-07-23,2026-07-23,1,1
63743511721730,2026-07-23T05:27:41+00:00,https://www.leckerschmecker.me/fermentierte-zucchini-bleiben/63743511721730,So bleiben deine Zucchini monatelang frisch,2026-07-23,2026-07-24,2,2
63743511722472,2026-07-23T05:27:42+00:00,https://www.leckerschmecker.me/lemon-curd-chia-pudding-cremig/63743511722472,"Cremig, zitronig, genial: Lemon-Curd-Chia-Pudding",2026-07-23,2026-07-24,2,1
63743511721874,2026-07-23T05:27:43+00:00,https://www.leckerschmecker.me/pekannuss-pfannkuchen-knusprige/63743511721874,So gut! Knusprige Pekannüsse treffen fluffige Pfannkuchen,2026-07-23,2026-07-24,2,2
63743511721452,2026-07-23T05:27:44+00:00,https://www.leckerschmecker.me/mango-birchermuesli-mit-pistazie-tropisch/63743511721452,"Tropisch, nussig, vollkommen: Mango-Birchermüsli mit Pistazie für anspruchsvolle Frühaufsteher",2026-07-23,2026-07-24,2,2
63743511722081,2026-07-23T05:27:45+00:00,https://www.leckerschmecker.me/zucchini-leder-machst/63743511722081,Zucchini mal anders: So machst du aus dem Sommergemüse einen genialen veganen Snack,2026-07-23,2026-07-24,2,1
63743511721835,2026-07-23T06:10:34+00:00,https://www.leckerschmecker.me/matcha-himbeer-macarons-gelingen/63743511721835,So gelingen dir Matcha-Himbeer-Macarons wie aus der Pâtisserie,2026-07-23,2026-07-24,2,2
63743511553319,2026-07-23T06:32:18+00:00,https://www.leckerschmecker.me/gegrillte-zucchini-mit-burrata-und-pesto-a-c/63743511553319,Gegrillte Zucchini mit Burrata und Pesto,2026-07-23,2026-07-24,2,1
63743511722076,2026-07-23T06:40:00+00:00,https://www.leckerschmecker.me/amerikanische-bratkartoffeln/63743511722076,"Pommes zu Hause essen ist das eine, Home Fries sind jedoch etwas ganz anderes",2026-07-23,2026-07-23,1,1
63743511676972,2026-07-23T06:58:38+00:00,https://www.leckerschmecker.me/moussaka-nudelauflauf-a-b-tradition/63743511676972,Moussaka-Nudelauflauf: Tradition trifft Wohlfühlessen,2026-07-23,2026-07-24,2,2
63743511720795,2026-07-23T06:58:38+00:00,https://www.leckerschmecker.me/himbeer-limoncello-nice/63743511720795,Berry nice: fruchtiger Limoncello in Sommerlaune,2026-07-23,2026-07-24,2,2
63743511544539,2026-07-23T07:10:57+00:00,https://www.leckerschmecker.me/kirsch-joghurt-kuchen-blech-a-c/63743511544539,Diesen Blechkuchen mit Joghurt und Kirschen wirst du lieben,2026-07-23,2026-07-24,2,1
63743511492445,2026-07-23T07:14:32+00:00,https://www.leckerschmecker.me/kirsch-schmandkuchen-vom-blech-a-c/63743511492445,"Kirsch-Schmandkuchen vom Blech: saftig, vielschichtig, lecker",2026-07-23,2026-07-24,2,1
63743511720708,2026-07-23T07:29:44+00:00,https://www.leckerschmecker.me/rucola-mango-salat-fruchtig/63743511720708,"Frisch, fruchtig, genial: Dieser vegane Rucola-Mango-Salat macht sofort gute Laune",2026-07-23,2026-07-25,3,2
63743511541946,2026-07-23T08:12:37+00:00,https://www.leckerschmecker.me/heidelbeer-baiser-kuchen-vom-blech-a-a-samtige/63743511541946,Heidelbeer-Baiser-Kuchen vom Blech: Schicht für Schicht ein Gedicht,2026-07-24,2026-07-25,2,2
63743511718775,2026-07-23T08:12:39+00:00,https://www.leckerschmecker.me/vanille-zitronen-ruehrkuchen-unseren/63743511718775,"Goldgelb, saftig und zitronig: So backst du unseren liebsten Rührkuchen",2026-07-24,2026-07-25,2,2
63743511721697,2026-07-23T08:12:39+00:00,https://www.leckerschmecker.me/vegane-zwiebel-paprika-tomatenpfanne-pfanne/63743511721697,"Eine Pfanne, simple Zutaten und überraschend viel Geschmack",2026-07-24,2026-07-24,1,2
63743511422347,2026-07-23T08:44:49+00:00,https://www.leckerschmecker.me/brombeermarmelade-a-c/63743511422347,Sommer zum Frühstück: Wir machen Brombeermarmelade,2026-07-24,2026-07-25,2,1
63743511697721,2026-07-23T09:22:26+00:00,https://www.leckerschmecker.me/halloumi-couscous-salat-mit-granatapfelkernen-a-a/63743511697721,"Knuspriger Halloumi, saftiger Granatapfel: Dieser Couscous-Salat ist ein echtes Highlight",2026-07-24,2026-07-25,2,1
63743511722584,2026-07-23T10:07:00+00:00,https://www.leckerschmecker.me/burrata-pesto-zucchini-roellchen/63743511722584,Diese Burrata-Pesto-Zucchini-Röllchen sind die schönste Vorspeise des Sommers,2026-07-24,2026-07-25,2,1
63743511687551,2026-07-23T10:52:59+00:00,https://www.leckerschmecker.me/erdbeerkaltschale-mit-griessnockerln-a-a/63743511687551,So hat Kindheit geschmeckt: Dieses Erdbeerrezept weckt süße Erinnerungen,2026-07-24,2026-07-25,2,1
63743511722330,2026-07-23T11:19:00+00:00,https://www.leckerschmecker.me/tomatokeftedes-aus-dem-airfryer/63743511722330,Wie dein Airfryer dir zu einem Santorini-Urlaub verhilft,2026-07-24,2026-07-25,2,1
63743511552582,2026-07-23T11:34:36+00:00,https://www.leckerschmecker.me/asiatische-zucchini-champignon-pfanne-a-c-heutiges/63743511552582,Heutiges Tagesgericht: asiatische Zucchini-Champignon-Pfanne,2026-07-24,2026-07-25,2,2
63743511565120,2026-07-23T11:34:38+00:00,https://www.leckerschmecker.me/gebratener-zucchinisalat-a-a-salat/63743511565120,Gebratener Zucchinisalat: So lecker kann Zucchini sein,2026-07-24,2026-07-25,2,2
63743511721504,2026-07-23T11:34:38+00:00,https://www.leckerschmecker.me/blaubeerkuchen-mit-skyr-blaubeere/63743511721504,Skyr und Blaubeere: neuer Lieblingskuchen diesen Sommer,2026-07-24,2026-07-25,2,2
63743511405954,2026-07-23T12:17:40+00:00,https://www.leckerschmecker.me/zucchini-curry-a-y/63743511405954,Zucchini-Curry: Sommergericht zum Verlieben,2026-07-24,2026-07-25,2,1
63743511406548,2026-07-23T12:49:46+00:00,https://www.leckerschmecker.me/zucchini-pfanne-mit-reis-b-b/63743511406548,Zucchini-Pfanne mit Reis: leckere Feierabendküche,2026-07-24,2026-07-25,2,1
63743511721866,2026-07-23T13:24:30+00:00,https://www.leckerschmecker.me/mexikanische-streetfood-mais-haehnchen-bowl-taj/63743511721866,Tajín kommt direkt ins Spiel mit dieser mexikanischen Streetfood-Mais-Hähnchen-Bowl,2026-07-24,2026-07-25,2,2
63743511721379,2026-07-23T13:24:31+00:00,https://www.leckerschmecker.me/haehnchen-ananas-spiesse-vom-grill-fruchtig/63743511721379,Fruchtig-würzige Abwechslung auf dem Grill,2026-07-24,2026-07-25,2,2
63743511721657,2026-07-23T13:24:32+00:00,https://www.leckerschmecker.me/indonesische-nudelsuppe-wundermittel/63743511721657,Indonesische Nudelsuppe: Wundermittel gegen Erkältungen,2026-07-24,2026-07-25,2,2
63743511721482,2026-07-23T13:52:00+00:00,https://www.leckerschmecker.me/schwarzwaelder-kirsch-als-tres-leches-kuchen/63743511721482,Saftig bis in die letzte Krume: Schwarzwälder Kirsch neu gedacht,2026-07-24,2026-07-25,2,1
63743511563254,2026-07-23T14:02:46+00:00,https://www.leckerschmecker.me/zucchini-mozzarella-auflauf-a-b-laesst/63743511563254,Käsig und doch sommerlich: Das verspricht dieser Zucchini-Auflauf,2026-07-24,2026-07-25,2,2
63743511493681,2026-07-23T14:25:45+00:00,https://www.leckerschmecker.me/feta-spiegelei-a-e/63743511493681,Trendig und umwerfend gut: Feta-Spiegelei,2026-07-24,2026-07-25,2,1
63743511722043,2026-07-23T15:23:00+00:00,https://www.leckerschmecker.me/ricotta-feigen-pasta/63743511722043,Diese Ricotta-Feigen-Pasta schmeckt wie Sommer in Italien,2026-07-24,2026-07-24,1,1
63743511722406,2026-07-23T16:24:00+00:00,https://www.leckerschmecker.me/knuspriger-reissalat-mit-edamame/63743511722406,Resteessen mit Crunch: knuspriger Reissalat mit Edamame,2026-07-24,2026-07-24,1,1
63743511721808,2026-07-23T17:43:00+00:00,https://www.leckerschmecker.me/blaubeer-zitronenlimonade/63743511721808,Fruchtig-frische Abkühlung mit einer beerigen Blaubeer-Zitronenlimonade,2026-07-24,2026-07-25,2,1
63743511722401,2026-07-23T18:39:00+00:00,https://www.leckerschmecker.me/limoncello-sangria/63743511722401,Sommer im Krug: Limoncello Sangria,2026-07-24,2026-07-25,2,1
63743511404440,2026-07-24T04:01:42+00:00,https://www.leckerschmecker.me/spiegelei-toasts-a-p-kaese/63743511404440,Frühstück in 15 Minuten: Spiegelei-Toasts mit Käse,2026-07-24,2026-07-25,2,2
63743511557151,2026-07-24T04:01:43+00:00,https://www.leckerschmecker.me/zucchini-lachs-pfanne-a-b-gewissen/63743511557151,Zucchini-Lachs-Pfanne: Abendessen mit dem gewissen Etwas,2026-07-24,2026-07-25,2,2
63743511721082,2026-07-24T04:01:44+00:00,https://www.leckerschmecker.me/parmesan-roesti-spiegelei-comfort/63743511721082,Parmesan-Rösti mit Spiegelei ist Brunch und Comfort Food zugleich,2026-07-24,2026-07-25,2,2
63743511714210,2026-07-24T04:01:45+00:00,https://www.leckerschmecker.me/alkoholfreier-limoncello-spritz-a-a-sonniger/63743511714210,Sommer im Glas: So gelingt dir ein alkoholfreier Limoncello-Spritz,2026-07-24,2026-07-25,2,2
63743511719587,2026-07-24T04:01:46+00:00,https://www.leckerschmecker.me/thunfisch-oliven-aufstrich-mixer/63743511719587,Thunfisch-Oliven-Aufstrich: mediterrane Küche aus dem Mixer,2026-07-24,2026-07-25,2,2
63743511721931,2026-07-24T05:09:00+00:00,https://www.leckerschmecker.me/menemen-mit-feta-und-oliven/63743511721931,Türkisches Frühstück neu entdeckt: Menemen mit Feta und Oliven,2026-07-24,2026-07-24,1,1
63743511722891,2026-07-24T05:25:40+00:00,https://www.leckerschmecker.me/kartoffelspiesse-mit-honig-glasur-senf/63743511722891,Diese Honig-Senf-Kartoffelspieße vom Grill stehlen jedem Steak die Show,2026-07-24,2026-07-24,1,1
63743511722076,2026-07-24T05:25:41+00:00,https://www.leckerschmecker.me/amerikanische-bratkartoffeln-pommes/63743511722076,"Pommes zu Hause essen ist das eine, Home Fries sind jedoch etwas ganz anderes",2026-07-24,2026-07-25,2,2
63743511721868,2026-07-24T05:25:42+00:00,https://www.leckerschmecker.me/karotten-bagel-karottensaft/63743511721868,Karottensaft im Teig: Der Trick für unglaublich saftige Bagels,2026-07-24,2026-07-25,2,2
63743511565568,2026-07-24T05:58:36+00:00,https://www.leckerschmecker.me/zucchini-avocado-aufstrich-a-b/63743511565568,Sorgt für Frische auf dem Frühstückstisch: Zucchini-Avocado-Aufstrich,2026-07-24,2026-07-25,2,1
63743511571246,2026-07-24T06:29:24+00:00,https://www.leckerschmecker.me/zucchini-pesto-stulle-mit-burrata-a-b/63743511571246,Zucchini schon zum Frühstück: Als Stulle mit Burrata,2026-07-24,2026-07-25,2,1
63743511576817,2026-07-24T06:31:24+00:00,https://www.leckerschmecker.me/kefir-schokokuchen-a-b/63743511576817,Eine Geheimzutat macht diesen Kuchen besonders saftig,2026-07-24,2026-07-25,2,1
63743511722457,2026-07-24T06:41:00+00:00,https://www.leckerschmecker.me/mandel-granita/63743511722457,Ein Schluck Sizilien: So machst du Mandel-Granita wie in Italien,2026-07-24,2026-07-24,1,1
63743511688782,2026-07-24T06:50:38+00:00,https://www.leckerschmecker.me/omelett-stulle-aus-dem-airfryer-a-a-deluxe/63743511688782,In wenigen Minuten fertig: das knusprige Schwarzbrot-Sandwich aus dem Airfryer,2026-07-24,2026-07-25,2,1
63743511721270,2026-07-24T06:50:39+00:00,https://www.leckerschmecker.me/mango-kokosnuss-kastenkuchen-ruehrkuchen/63743511721270,Mango-Kokosnuss-Kastenkuchen: fruchtiger Rührkuchen mit Urlaubsfeeling,2026-07-24,2026-07-25,2,2
63743511418037,2026-07-24T06:54:12+00:00,https://www.leckerschmecker.me/zucchini-pizza-bites-a-i/63743511418037,Zucchini-Pizza-Bites: Hingucker auf jeder Party,2026-07-24,2026-07-25,2,1
63743511397303,2026-07-24T06:56:33+00:00,https://www.leckerschmecker.me/blaubeermarmelade-mit-vanille-a-c/63743511397303,Für süße Frühstücksfans: Blaubeermarmelade mit Vanille,2026-07-24,2026-07-25,2,1
63743511495064,2026-07-24T07:30:39+00:00,https://www.leckerschmecker.me/pak-choi-kokossuppe-a-a-koestlich/63743511495064,"Köstlich-cremige Pak Choi-Kokossuppe, die einfach glücklich macht",2026-07-24,2026-07-25,2,2
63743511721891,2026-07-24T08:08:34+00:00,https://www.leckerschmecker.me/weisse-bohnen-gurken-salat-gurke/63743511721891,Dieser Bohnensalat mit Gurke und Dill ist das perfekte Sommerrezept,2026-07-24,2026-07-25,2,2
63743511559620,2026-07-24T08:17:52+00:00,https://www.leckerschmecker.me/zucchini-mango-relish-a-b/63743511559620,Sommer zum Löffeln: Dieses Zucchini-Mango-Relish macht alles nur besser,2026-07-24,2026-07-26,3,1
63743511722695,2026-07-24T08:23:00+00:00,https://www.leckerschmecker.me/mascarpone-eis-mit-johannisbeeren/63743511722695,Ein Eis zum Verlieben: Mascarpone trifft Johannisbeere,2026-07-24,2026-07-24,1,1
63743511722281,2026-07-24T09:34:00+00:00,https://www.leckerschmecker.me/gedoerrte-zucchini-aus-dem-airfryer/63743511722281,Gedörrte Zucchini aus dem Airfryer: die beste Methode für deine Zucchini-Ernte,2026-07-24,2026-07-24,1,1
63743511405896,2026-07-24T10:49:34+00:00,https://www.leckerschmecker.me/zucchini-baellchen-kolokithikeftedes-b-a/63743511405896,So lecker sind Kolokithikeftedes,2026-07-24,2026-07-26,3,1
63743511411616,2026-07-24T10:52:31+00:00,https://www.leckerschmecker.me/zucchini-carbonara-a-u/63743511411616,Zucchini-Carbonara: leichtes Sommergericht,2026-07-24,2026-07-26,3,1
63743511723497,2026-07-24T11:22:00+00:00,https://www.leckerschmecker.me/halloumi-schawarma-aus-dem-airfryer/63743511723497,Say Cheese! Halloumi-Schawarma mit Knusperfaktor,2026-07-24,2026-07-24,1,1
63743511721737,2026-07-24T11:37:36+00:00,https://www.leckerschmecker.me/sauerkirsch-streuselkuchen-knusprig/63743511721737,"Knusprig, leicht sauer, unwiderstehlich gut: ein herrlich sommerlicher Kirschkuchen",2026-07-24,2026-07-26,3,2
63743511542376,2026-07-24T11:37:38+00:00,https://www.leckerschmecker.me/pfirsich-quark-kuchen-vom-blech-a-a-bodenstaendigen/63743511542376,"Saftig, unkompliziert, beliebt: dieser Blechkuchen mit Quark und Pfirsichen funktioniert immer",2026-07-24,2026-07-26,3,2
63743511552530,2026-07-24T12:06:32+00:00,https://www.leckerschmecker.me/griessauflauf-mit-himbeeren-und-quark-a-a/63743511552530,Bei diesem süßen Auflauf geht Liebe definitiv durch den Magen!,2026-07-24,2026-07-26,3,1
63743511559653,2026-07-24T12:08:57+00:00,https://www.leckerschmecker.me/bruschetta-mit-gegrillter-zucchini-a-a/63743511559653,Ein Hauch Toskana: wie gegrillte Zucchini die Bruschetta veredelt,2026-07-24,2026-07-26,3,1
63743511564459,2026-07-24T12:12:40+00:00,https://www.leckerschmecker.me/brombeer-mousse-tarte-a-a/63743511564459,Brombeer-Liebe im Tarte-Format – einfach unwiderstehlich,2026-07-24,2026-07-26,3,1
63743511564597,2026-07-24T12:55:55+00:00,https://www.leckerschmecker.me/aprikosen-schmand-tarte-a-b/63743511564597,"Knusprig, fruchtig und cremig: So schmeckt unsere Aprikosen-Schmand-Tarte",2026-07-24,2026-07-26,3,1
63743511722406,2026-07-24T13:37:35+00:00,https://www.leckerschmecker.me/knuspriger-reissalat-mit-edamame-resteessen/63743511722406,Resteessen mit Crunch: knuspriger Reissalat mit Edamame,2026-07-24,2026-07-26,3,2
63743511722043,2026-07-24T13:37:37+00:00,https://www.leckerschmecker.me/ricotta-feigen-pasta-schmeckt/63743511722043,Diese Ricotta-Feigen-Pasta schmeckt wie Sommer in Italien,2026-07-24,2026-07-26,3,2
63743511722511,2026-07-24T13:54:00+00:00,https://www.leckerschmecker.me/strawberry-delight-no-bake-kuchen/63743511722511,Der amerikanische Cousin unseres Erdbeerkuchens: Strawberry-Delight-No-Bake-Kuchen,2026-07-24,2026-07-25,2,1
63743511551304,2026-07-24T13:59:41+00:00,https://www.leckerschmecker.me/nudeln-in-zucchini-feta-sosse-a-a-jahreszeit/63743511551304,Nudeln in Zucchini-Feta-Soße: leichte Sommerküche,2026-07-24,2026-07-26,3,3
63743511564325,2026-07-24T13:59:42+00:00,https://www.leckerschmecker.me/zucchini-gratin-mit-bechamelsosse-und-panko-parmesanhaube-a-e-ofengerichtes/63743511564325,Zucchini-Gratin mit Béchamelsoße und Panko-Parmesanhaube,2026-07-24,2026-07-26,3,3
63743511676972,2026-07-24T14:39:40+00:00,https://www.leckerschmecker.me/moussaka-nudelauflauf-a-b-trifft/63743511676972,Moussaka-Nudelauflauf: Tradition trifft Wohlfühlessen,2026-07-24,2026-07-26,3,3
63743511721285,2026-07-24T14:39:41+00:00,https://www.leckerschmecker.me/zucchini-mais-pizza-fuer/63743511721285,Zucchini-Mais-Pizza: die beste Pizza für Zucchini-Fans,2026-07-24,2026-07-26,3,3
63743511722774,2026-07-24T15:24:00+00:00,https://www.leckerschmecker.me/knoblauchbrot-ohne-kneten/63743511722774,"Knusprig, aromatisch, unkompliziert: Dieses Knoblauchbrot gelingt dir mit wenig Aufwand",2026-07-24,2026-07-26,3,1
63743511716271,2026-07-24T15:35:46+00:00,https://www.leckerschmecker.me/erdbeer-kefir-a-a-fruehstueck/63743511716271,So lecker startest du mit Erdbeer-Kefir in den Tag,2026-07-24,2026-07-26,3,2
63743511722413,2026-07-24T16:27:00+00:00,https://www.leckerschmecker.me/erbsen-minze-salat-mit-ricotta-und-zitrone/63743511722413,Schmeckt wie ein Sommernachmittag: Erbsen-Minze-Salat mit cremigem Ricotta,2026-07-24,2026-07-25,2,1
63743511722812,2026-07-24T17:31:00+00:00,https://www.leckerschmecker.me/vegane-zucchini-quinoa-muffins/63743511722812,Lass dich von den Geheimzutaten in diesen saftig-süßen Muffins überraschen,2026-07-24,2026-07-25,2,1
63743511722719,2026-07-24T18:39:00+00:00,https://www.leckerschmecker.me/french-martini/63743511722719,"Ein French Martini, s’il vous plaît!",2026-07-25,2026-07-25,1,1
63743511721697,2026-07-24T18:58:44+00:00,https://www.leckerschmecker.me/vegane-zwiebel-paprika-tomatenpfanne-simple/63743511721697,"Eine Pfanne, simple Zutaten und überraschend viel Geschmack",2026-07-25,2026-07-26,2,3
63743511553319,2026-07-25T04:15:40+00:00,https://www.leckerschmecker.me/gegrillte-zucchini-mit-burrata-und-pesto-a-c-gegessen/63743511553319,Gegrillte Zucchini mit Burrata und Pesto,2026-07-25,2026-07-27,3,2
63743511721255,2026-07-25T04:15:41+00:00,https://www.leckerschmecker.me/zucchini-schinken-roellchen-ofen/63743511721255,Knusprige Zucchini-Schinken-Röllchen aus dem Ofen: So lecker kann einfach sein,2026-07-25,2026-07-27,3,3
63743511722069,2026-07-25T04:15:42+00:00,https://www.leckerschmecker.me/dumpling-nudeln-mit-wuerziger-sosse-falten/63743511722069,Falten war gestern: Heute gibt’s Dumpling-Nudeln mit würziger Soße,2026-07-25,2026-07-27,3,2
63743511718544,2026-07-25T04:15:43+00:00,https://www.leckerschmecker.me/zucchini-linsen-suppe-familie/63743511718544,Die perfekte vegane Zucchini-Linsen-Suppe für die gesamte Familie,2026-07-25,2026-07-27,3,2
63743511723308,2026-07-25T05:02:00+00:00,https://www.leckerschmecker.me/linsen-broetchen/63743511723308,Linsen-Brötchen: leckere Abwechslung im Brotkorb,2026-07-25,2026-07-27,3,1
63743511722281,2026-07-25T05:19:36+00:00,https://www.leckerschmecker.me/gedoerrte-zucchini-aus-dem-airfryer-beste/63743511722281,Gedörrte Zucchini aus dem Airfryer: die beste Methode für deine Zucchini-Ernte,2026-07-25,2026-07-27,3,2
63743511723060,2026-07-25T05:19:37+00:00,https://www.leckerschmecker.me/tomaten-sandwich-amerikanischer-art-einfache/63743511723060,Dieses einfache Tomaten-Sandwich ist ein Klassiker aus den Südstaaten der USA,2026-07-25,2026-07-27,3,1
63743511722457,2026-07-25T05:19:38+00:00,https://www.leckerschmecker.me/mandel-granita-schluck/63743511722457,Ein Schluck Sizilien: So machst du Mandel-Granita wie in Italien,2026-07-25,2026-07-27,3,2
63743511723011,2026-07-25T05:19:39+00:00,https://www.leckerschmecker.me/french-toast-wuerfel-mit-feigen-knusprig/63743511723011,"Knusprig, fluffig, fruchtig: Diese French-Toast-Würfel mit Feigen musst du probieren",2026-07-25,2026-07-27,3,1
63743511722507,2026-07-25T05:53:00+00:00,https://www.leckerschmecker.me/erdbeer-ingwer-smoothie/63743511722507,Erfrischend anders: Mixe dir einen Erdbeer-Ingwer-Smoothie zum Frühstück,2026-07-25,2026-07-25,1,1
63743511723497,2026-07-25T06:04:37+00:00,https://www.leckerschmecker.me/halloumi-schawarma-aus-dem-airfryer-say/63743511723497,Say Cheese! Halloumi-Schawarma mit Knusperfaktor,2026-07-25,2026-07-27,3,2
63743511722695,2026-07-25T06:04:38+00:00,https://www.leckerschmecker.me/mascarpone-eis-mit-johannisbeeren-verlieben/63743511722695,Ein Eis zum Verlieben: Mascarpone trifft Johannisbeere,2026-07-25,2026-07-27,3,2
63743511723406,2026-07-25T06:04:39+00:00,https://www.leckerschmecker.me/ravioli-mit-pfifferlingfuellung-gelingen/63743511723406,So gelingen dir perfekte Ravioli mit Pfifferlingfüllung wie in Italien,2026-07-25,2026-07-27,3,1
63743511723310,2026-07-25T06:04:40+00:00,https://www.leckerschmecker.me/curry-zucchini-vom-grill-aromatischer/63743511723310,Curry-Zucchini vom Grill: aromatischer Grillgenuss mit feiner Würze,2026-07-25,2026-07-27,3,1
63743511723417,2026-07-25T06:04:41+00:00,https://www.leckerschmecker.me/zitronen-parmesan-couscous-schnelle/63743511723417,Zitronen-Parmesan-Couscous: schnelle Küche mit viel Geschmack,2026-07-25,2026-07-27,3,1
63743511383751,2026-07-25T06:10:21+00:00,https://www.leckerschmecker.me/frappuccino-a-b/63743511383751,Eiskalter Kaffeegenuss: So bereitest du zu Hause einen Frappuccino zu,2026-07-25,2026-07-27,3,1
63743511415438,2026-07-25T06:21:35+00:00,https://www.leckerschmecker.me/zucchini-arancini-a-b/63743511415438,Zucchini-Arancini: knuspriges Fingerfood aus Italien,2026-07-25,2026-07-27,3,1
63743511722858,2026-07-25T06:39:00+00:00,https://www.leckerschmecker.me/knoblauch-honig-butter/63743511722858,Zum Grillen oder auch so ein Genuss: Butter mit Knoblauch und Honig,2026-07-25,2026-07-25,1,1
63743511389890,2026-07-25T06:49:48+00:00,https://www.leckerschmecker.me/gegrillte-sardinen-a-a/63743511389890,Gegrillte Sardinen mit Knoblauch und Zitrone: mediterranes Grillflair,2026-07-25,2026-07-27,3,1
63743511721931,2026-07-25T06:54:39+00:00,https://www.leckerschmecker.me/menemen-mit-feta-und-oliven-tuerkisches/63743511721931,Türkisches Frühstück neu entdeckt: Menemen mit Feta und Oliven,2026-07-25,2026-07-27,3,2
63743511722891,2026-07-25T06:54:40+00:00,https://www.leckerschmecker.me/kartoffelspiesse-mit-honig-glasur-grill/63743511722891,Diese Honig-Senf-Kartoffelspieße vom Grill stehlen jedem Steak die Show,2026-07-25,2026-07-27,3,2
63743511718775,2026-07-25T07:37:36+00:00,https://www.leckerschmecker.me/vanille-zitronen-ruehrkuchen-liebsten/63743511718775,"Goldgelb, saftig und zitronig: So backst du unseren liebsten Rührkuchen",2026-07-25,2026-07-27,3,3
63743511722081,2026-07-25T07:37:37+00:00,https://www.leckerschmecker.me/zucchini-leder-sommergemuese/63743511722081,Zucchini mal anders: So machst du aus dem Sommergemüse einen genialen veganen Snack,2026-07-25,2026-07-27,3,2
63743511721730,2026-07-25T08:13:36+00:00,https://www.leckerschmecker.me/fermentierte-zucchini-monatelang/63743511721730,So bleiben deine Zucchini monatelang frisch,2026-07-25,2026-07-25,1,3
63743511394605,2026-07-25T08:17:41+00:00,https://www.leckerschmecker.me/sauerkirsch-smoothie-a-a/63743511394605,Morgendlicher Muntermacher: Sauerkirsch-Smoothie,2026-07-25,2026-07-27,3,1
63743511711201,2026-07-25T08:18:22+00:00,https://www.leckerschmecker.me/kirschsuppe-mit-klueten-a-b/63743511711201,Die fruchtige Seite der norddeutschen Küche,2026-07-25,2026-07-26,2,1
63743511722938,2026-07-25T08:25:00+00:00,https://www.leckerschmecker.me/funfetti-eis/63743511722938,"Achtung, der Kuchenteig kommt in dieses Eis!",2026-07-25,2026-07-25,1,1
63743511722076,2026-07-25T08:54:29+00:00,https://www.leckerschmecker.me/amerikanische-bratkartoffeln-hause/63743511722076,"Pommes zu Hause essen ist das eine, Home Fries sind jedoch etwas ganz anderes",2026-07-25,2026-07-27,3,3
63743511723652,2026-07-25T09:38:00+00:00,https://www.leckerschmecker.me/hot-honey-wrap/63743511723652,Hot-Honey-Wrap: Süße Schärfe trifft auf knuspriges Hähnchen,2026-07-25,2026-07-27,3,1
63743511722861,2026-07-25T10:14:00+00:00,https://www.leckerschmecker.me/marokkanisches-huhn-mit-oliven/63743511722861,One-Pot-Schmorgericht: marokkanisches Huhn mit Oliven,2026-07-25,2026-07-26,2,1
63743511552582,2026-07-25T11:19:28+00:00,https://www.leckerschmecker.me/asiatische-zucchini-champignon-pfanne-a-c-tagesgericht/63743511552582,Heutiges Tagesgericht: asiatische Zucchini-Champignon-Pfanne,2026-07-25,2026-07-27,3,3
63743511721504,2026-07-25T11:19:29+00:00,https://www.leckerschmecker.me/blaubeerkuchen-mit-skyr-neuer/63743511721504,Skyr und Blaubeere: neuer Lieblingskuchen diesen Sommer,2026-07-25,2026-07-27,3,3
63743511723266,2026-07-25T11:28:00+00:00,https://www.leckerschmecker.me/erdbeercrumble-aus-dem-airfryer/63743511723266,Dieser Erdbeercrumble ist die Rettung für hungrige Naschkatzen,2026-07-25,2026-07-25,1,1
63743511722719,2026-07-25T13:33:27+00:00,https://www.leckerschmecker.me/french-martini-il/63743511722719,"Ein French Martini, s’il vous plaît!",2026-07-25,2026-07-27,3,2
63743511722812,2026-07-25T13:33:28+00:00,https://www.leckerschmecker.me/vegane-zucchini-quinoa-muffins-lass/63743511722812,Lass dich von den Geheimzutaten in diesen saftig-süßen Muffins überraschen,2026-07-25,2026-07-27,3,2
63743511722413,2026-07-25T13:33:29+00:00,https://www.leckerschmecker.me/erbsen-minze-salat-mit-ricotta-und-zitrone-schmeckt/63743511722413,Schmeckt wie ein Sommernachmittag: Erbsen-Minze-Salat mit cremigem Ricotta,2026-07-25,2026-07-27,3,2
63743511723343,2026-07-25T13:59:00+00:00,https://www.leckerschmecker.me/johannisbeer-joghurt-kuchen/63743511723343,Johannisbeer-Joghurt-Kuchen: süßes Highlight der Beerensaison,2026-07-25,2026-07-27,3,1
63743511428177,2026-07-25T15:34:00+00:00,https://www.leckerschmecker.me/gurkensalat-mit-zitronen-joghurt-dressing-a-c/63743511428177,Gurkensalat mit Zitronen-Joghurt-Dressing: erfrischender Salatgenuss,2026-07-25,2026-07-27,3,1
63743511722924,2026-07-25T16:24:00+00:00,https://www.leckerschmecker.me/limoncello-cookies/63743511722924,"Kekse mit Schwips: zitronig, knusprig, gut",2026-07-26,2026-07-27,2,1
63743511688782,2026-07-25T16:43:34+00:00,https://www.leckerschmecker.me/omelett-stulle-aus-dem-airfryer-a-a-knusprige/63743511688782,In wenigen Minuten fertig: das knusprige Schwarzbrot-Sandwich aus dem Airfryer,2026-07-26,2026-07-27,2,2
63743511723179,2026-07-25T17:33:00+00:00,https://www.leckerschmecker.me/zucchini-schinken-strudel/63743511723179,Zucchini-Schinken-Strudel: knuspriges Ofengericht,2026-07-26,2026-07-27,2,1
63743511721808,2026-07-25T18:12:40+00:00,https://www.leckerschmecker.me/blaubeer-zitronenlimonade-fruchtig/63743511721808,Fruchtig-frische Abkühlung mit einer beerigen Blaubeer-Zitronenlimonade,2026-07-26,2026-07-27,2,2
63743511722796,2026-07-25T18:37:00+00:00,https://www.leckerschmecker.me/chai-spritz/63743511722796,Vergiss Hugo und Aperol: So gut schmeckt ein alkoholfreier Chai-Spritz,2026-07-26,2026-07-26,1,1
63743511404440,2026-07-26T04:16:42+00:00,https://www.leckerschmecker.me/spiegelei-toasts-a-p-schnelles/63743511404440,Frühstück in 15 Minuten: Spiegelei-Toasts mit Käse,2026-07-26,2026-07-27,2,3
63743511714210,2026-07-26T04:16:44+00:00,https://www.leckerschmecker.me/alkoholfreier-limoncello-spritz-a-a-promille/63743511714210,Sommer im Glas: So gelingt dir ein alkoholfreier Limoncello-Spritz,2026-07-26,2026-07-27,2,3
63743511719587,2026-07-26T04:16:45+00:00,https://www.leckerschmecker.me/thunfisch-oliven-aufstrich-wusstest/63743511719587,Thunfisch-Oliven-Aufstrich: mediterrane Küche aus dem Mixer,2026-07-26,2026-07-27,2,3
63743511722584,2026-07-26T04:16:45+00:00,https://www.leckerschmecker.me/burrata-pesto-zucchini-roellchen-schoenste/63743511722584,Diese Burrata-Pesto-Zucchini-Röllchen sind die schönste Vorspeise des Sommers,2026-07-26,2026-07-27,2,2
63743511722775,2026-07-26T05:04:00+00:00,https://www.leckerschmecker.me/biscoff-dalgona-latte/63743511722775,"Erfrischend-süßer Kaffeegenuss, der süße Schnuten glücklich macht",2026-07-26,2026-07-27,2,1
63743511723266,2026-07-26T05:27:36+00:00,https://www.leckerschmecker.me/erdbeercrumble-aus-dem-airfryer-rettung/63743511723266,Dieser Erdbeercrumble ist die Rettung für hungrige Naschkatzen,2026-07-26,2026-07-27,2,2
63743511722938,2026-07-26T05:27:37+00:00,https://www.leckerschmecker.me/funfetti-eis-achtung/63743511722938,"Achtung, der Kuchenteig kommt in dieses Eis!",2026-07-26,2026-07-27,2,2
63743511722858,2026-07-26T05:27:38+00:00,https://www.leckerschmecker.me/knoblauch-honig-butter-grillen/63743511722858,Zum Grillen oder auch so ein Genuss: Butter mit Knoblauch und Honig,2026-07-26,2026-07-27,2,2
63743511722507,2026-07-26T05:27:39+00:00,https://www.leckerschmecker.me/erdbeer-ingwer-smoothie-erfrischend/63743511722507,Erfrischend anders: Mixe dir einen Erdbeer-Ingwer-Smoothie zum Frühstück,2026-07-26,2026-07-27,2,2
63743511723040,2026-07-26T05:55:00+00:00,https://www.leckerschmecker.me/butterhoernchen/63743511723040,Butterhörnchen: der Star für dein Sonntagsfrühstück,2026-07-26,2026-07-27,2,1
63743511721730,2026-07-26T06:45:33+00:00,https://www.leckerschmecker.me/fermentierte-zucchini-frisch/63743511721730,So bleiben deine Zucchini monatelang frisch,2026-07-26,2026-07-27,2,4
63743511722511,2026-07-26T06:45:34+00:00,https://www.leckerschmecker.me/strawberry-delight-no-bake-kuchen-amerikanische/63743511722511,Der amerikanische Cousin unseres Erdbeerkuchens: Strawberry-Delight-No-Bake-Kuchen,2026-07-26,2026-07-27,2,2
63743511721891,2026-07-26T07:31:33+00:00,https://www.leckerschmecker.me/weisse-bohnen-gurken-salat-dill/63743511721891,Dieser Bohnensalat mit Gurke und Dill ist das perfekte Sommerrezept,2026-07-26,2026-07-27,2,3
63743511495064,2026-07-26T07:31:34+00:00,https://www.leckerschmecker.me/pak-choi-kokossuppe-a-a-cremige/63743511495064,"Köstlich-cremige Pak Choi-Kokossuppe, die einfach glücklich macht",2026-07-26,2026-07-27,2,3
63743511722401,2026-07-26T07:31:35+00:00,https://www.leckerschmecker.me/limoncello-sangria-sommer/63743511722401,Sommer im Krug: Limoncello Sangria,2026-07-26,2026-07-27,2,2
63743511722861,2026-07-26T08:58:33+00:00,https://www.leckerschmecker.me/marokkanisches-huhn-mit-oliven-one/63743511722861,One-Pot-Schmorgericht: marokkanisches Huhn mit Oliven,2026-07-26,2026-07-27,2,2
63743511711201,2026-07-26T08:58:34+00:00,https://www.leckerschmecker.me/kirschsuppe-mit-klueten-a-b-fruchtige/63743511711201,Die fruchtige Seite der norddeutschen Küche,2026-07-26,2026-07-27,2,2
63743511554962,2026-07-26T09:21:54+00:00,https://www.leckerschmecker.me/fruehstuecks-crumble-mit-mohn-und-kirschen-a-c/63743511554962,Mit diesem süßen Frühstück werden Kirschen zum Star,2026-07-26,2026-07-28,3,1
63743511723319,2026-07-26T09:43:00+00:00,https://www.leckerschmecker.me/schoko-zucchinibrot/63743511723319,Lass dich von dieser schokoladigen Alternative zu Bananenbrot begeistern,2026-07-26,2026-07-27,2,1
63743511542376,2026-07-26T10:44:30+00:00,https://www.leckerschmecker.me/pfirsich-quark-kuchen-vom-blech-a-a-genauso/63743511542376,"Saftig, unkompliziert, beliebt: dieser Blechkuchen mit Quark und Pfirsichen funktioniert immer",2026-07-26,2026-07-28,3,3
63743511559653,2026-07-26T11:21:29+00:00,https://www.leckerschmecker.me/bruschetta-mit-gegrillter-zucchini-a-a-hauch/63743511559653,Ein Hauch Toskana: wie gegrillte Zucchini die Bruschetta veredelt,2026-07-26,2026-07-28,3,2
63743511721737,2026-07-26T11:21:31+00:00,https://www.leckerschmecker.me/sauerkirsch-streuselkuchen-sauer/63743511721737,"Knusprig, leicht sauer, unwiderstehlich gut: ein herrlich sommerlicher Kirschkuchen",2026-07-26,2026-07-28,3,3
63743511723554,2026-07-26T11:23:00+00:00,https://www.leckerschmecker.me/mac-n-cheese-balls-airfryer/63743511723554,Der Airfryer zaubert Mac’n’Cheese Balls kinderleicht,2026-07-26,2026-07-27,2,1
63743511722796,2026-07-26T13:19:29+00:00,https://www.leckerschmecker.me/chai-spritz-vergiss/63743511722796,Vergiss Hugo und Aperol: So gut schmeckt ein alkoholfreier Chai-Spritz,2026-07-27,2026-07-28,2,2
63743511722304,2026-07-26T13:56:00+00:00,https://www.leckerschmecker.me/proseccotorte-mit-himbeeren/63743511722304,Proseccotorte mit Himbeeren: Das sommerliche Rezept für besondere Anlässe,2026-07-27,2026-07-27,1,1
63743511722774,2026-07-26T14:10:38+00:00,https://www.leckerschmecker.me/knoblauchbrot-ohne-kneten-knusprig/63743511722774,"Knusprig, aromatisch, unkompliziert: Dieses Knoblauchbrot gelingt dir mit wenig Aufwand",2026-07-27,2026-07-28,2,2
63743511551304,2026-07-26T14:10:40+00:00,https://www.leckerschmecker.me/nudeln-in-zucchini-feta-sosse-a-a-passt/63743511551304,Nudeln in Zucchini-Feta-Soße: leichte Sommerküche,2026-07-27,2026-07-28,2,4
63743511723600,2026-07-26T15:22:00+00:00,https://www.leckerschmecker.me/laotischer-larb-salat-mit-tofu/63743511723600,"Dieser Salat zeigt dir, was „Aroma“ bedeutet",2026-07-27,2026-07-27,1,1
63743511436637,2026-07-26T16:07:40+00:00,https://www.leckerschmecker.me/ofenlachs-mit-spinat-und-tomaten-b-g/63743511436637,Ofenlachs mit Spinat und Tomaten: mediterrane Feierabendküche,2026-07-27,2026-07-28,2,1
63743511723477,2026-07-26T16:28:00+00:00,https://www.leckerschmecker.me/pfifferling-orzo/63743511723477,"Wenn der Wald ruft, gibt&#8217;s frisches Pfifferling-Orzo zum Abendessen",2026-07-27,2026-07-27,1,1
63743511723563,2026-07-26T17:29:00+00:00,https://www.leckerschmecker.me/tempura-pfifferlinge/63743511723563,"Knusper, knusper, knister: Die Pfifferlingszeit ist da",2026-07-27,2026-07-27,1,1
63743511722971,2026-07-26T18:41:00+00:00,https://www.leckerschmecker.me/feigen-old-fashioned/63743511722971,Eleganz zum Trinken: So schmeckt Old Fashioned mit Feigen,2026-07-27,2026-07-27,1,1
63743511580888,2026-07-26T20:37:21+00:00,https://www.leckerschmecker.me/zucchini-blaetterteig-paeckchen-a-b/63743511580888,"Außen knusprig, innen cremig: Zucchini-Blätterteig-Päckchen",2026-07-27,2026-07-28,2,1
63743511721931,2026-07-27T04:12:37+00:00,https://www.leckerschmecker.me/menemen-mit-feta-und-oliven-fruehstueck/63743511721931,Türkisches Frühstück neu entdeckt: Menemen mit Feta und Oliven,2026-07-27,2026-07-28,2,3
63743511722695,2026-07-27T04:12:38+00:00,https://www.leckerschmecker.me/mascarpone-eis-mit-johannisbeeren-trifft/63743511722695,Ein Eis zum Verlieben: Mascarpone trifft Johannisbeere,2026-07-27,2026-07-28,2,3
63743511723417,2026-07-27T04:12:38+00:00,https://www.leckerschmecker.me/zitronen-parmesan-couscous-kueche/63743511723417,Zitronen-Parmesan-Couscous: schnelle Küche mit viel Geschmack,2026-07-27,2026-07-28,2,2
63743511722069,2026-07-27T04:12:39+00:00,https://www.leckerschmecker.me/dumpling-nudeln-mit-wuerziger-sosse-gestern/63743511722069,Falten war gestern: Heute gibt’s Dumpling-Nudeln mit würziger Soße,2026-07-27,2026-07-28,2,3
63743511721697,2026-07-27T04:12:40+00:00,https://www.leckerschmecker.me/vegane-zwiebel-paprika-tomatenpfanne-zutaten/63743511721697,"Eine Pfanne, simple Zutaten und überraschend viel Geschmack",2026-07-27,2026-07-28,2,4
63743511406701,2026-07-27T04:22:19+00:00,https://www.leckerschmecker.me/zucchini-feta-brot-a-p/63743511406701,Saftiges Zucchini-Feta-Brot ohne Hefe backen,2026-07-27,2026-07-28,2,1
63743511723554,2026-07-27T05:30:42+00:00,https://www.leckerschmecker.me/mac-n-cheese-balls-airfryer-zaubert/63743511723554,Der Airfryer zaubert Mac’n’Cheese Balls kinderleicht,2026-07-27,2026-07-28,2,2
63743511723319,2026-07-27T05:30:43+00:00,https://www.leckerschmecker.me/schoko-zucchinibrot-lass/63743511723319,Lass dich von dieser schokoladigen Alternative zu Bananenbrot begeistern,2026-07-27,2026-07-28,2,2
63743511722775,2026-07-27T05:30:44+00:00,https://www.leckerschmecker.me/biscoff-dalgona-latte-erfrischend/63743511722775,"Erfrischend-süßer Kaffeegenuss, der süße Schnuten glücklich macht",2026-07-27,2026-07-28,2,2
63743511723401,2026-07-27T05:52:00+00:00,https://www.leckerschmecker.me/spinat-feta-wraps/63743511723401,Mit diesen würzigen Wraps startest du herrlich in den Tag,2026-07-27,2026-07-27,1,1
63743511723442,2026-07-27T06:39:00+00:00,https://www.leckerschmecker.me/blaubeer-skyr-overnight-oats/63743511723442,Beerenglück in Becherform: Overnight Oats mit Blaubeeren und Skyr,2026-07-27,2026-07-27,1,1
63743511723040,2026-07-27T06:49:40+00:00,https://www.leckerschmecker.me/butterhoernchen-star/63743511723040,Butterhörnchen: der Star für dein Sonntagsfrühstück,2026-07-27,2026-07-28,2,2
63743511714210,2026-07-27T06:49:41+00:00,https://www.leckerschmecker.me/alkoholfreier-limoncello-spritz-a-a-alkoholfreiem/63743511714210,Sommer im Glas: So gelingt dir ein alkoholfreier Limoncello-Spritz,2026-07-27,2026-07-28,2,4
63743511722081,2026-07-27T07:20:31+00:00,https://www.leckerschmecker.me/zucchini-leder-genialen/63743511722081,Zucchini mal anders: So machst du aus dem Sommergemüse einen genialen veganen Snack,2026-07-27,2026-07-28,2,3
63743511389890,2026-07-27T07:20:32+00:00,https://www.leckerschmecker.me/gegrillte-sardinen-a-a-knoblauch/63743511389890,Gegrillte Sardinen mit Knoblauch und Zitrone: mediterranes Grillflair,2026-07-27,2026-07-28,2,2
63743511722891,2026-07-27T07:20:32+00:00,https://www.leckerschmecker.me/kartoffelspiesse-mit-honig-glasur-stehlen/63743511722891,Diese Honig-Senf-Kartoffelspieße vom Grill stehlen jedem Steak die Show,2026-07-27,2026-07-28,2,3
63743511723652,2026-07-27T08:00:34+00:00,https://www.leckerschmecker.me/hot-honey-wrap-suesse/63743511723652,Hot-Honey-Wrap: Süße Schärfe trifft auf knuspriges Hähnchen,2026-07-27,2026-07-29,3,2
63743511723060,2026-07-27T08:00:35+00:00,https://www.leckerschmecker.me/tomaten-sandwich-amerikanischer-art-klassiker/63743511723060,Dieses einfache Tomaten-Sandwich ist ein Klassiker aus den Südstaaten der USA,2026-07-27,2026-07-29,3,2
63743511553319,2026-07-27T08:00:36+00:00,https://www.leckerschmecker.me/gegrillte-zucchini-mit-burrata-und-pesto-a-c-saison/63743511553319,Gegrillte Zucchini mit Burrata und Pesto,2026-07-27,2026-07-28,2,3
63743511723825,2026-07-27T08:12:00+00:00,https://www.leckerschmecker.me/salted-iced-latte-dattelsirup/63743511723825,Der neue Salted Caramel Latte? Hier ist der Salted Iced Latte mit Dattelsirup,2026-07-27,2026-07-27,1,1
63743511351446,2026-07-27T08:53:00+00:00,https://www.leckerschmecker.me/milchbroetchen-selber-machen-a-b/63743511351446,Milchbrötchen selber machen ist ganz einfach,2026-07-27,2026-07-29,3,1
63743511719692,2026-07-27T08:57:33+00:00,https://www.leckerschmecker.me/kiwi-mochi-a-a/63743511719692,"Außen zart, innen fruchtig: So machst du Kiwi-Mochi selbst",2026-07-27,2026-07-29,3,1
63743511720686,2026-07-27T09:00:11+00:00,https://www.leckerschmecker.me/tapiokapudding-mit-basilikum-kiwimus-a-a/63743511720686,"Cremig, fruchtig, vegan: Dieses Frühstück begeistert auf den ersten Löffel",2026-07-27,2026-07-29,3,1
63743511721018,2026-07-27T09:02:15+00:00,https://www.leckerschmecker.me/alkoholfreier-paloma-a-a/63743511721018,So erfrischend kann alkoholfrei sein: der perfekte Paloma für heiße Tage,2026-07-27,2026-07-29,3,2
63743511419890,2026-07-27T09:25:48+00:00,https://www.leckerschmecker.me/wie-isst-man-feigen-a-q/63743511419890,Feigen sind eine Delikatesse: Doch wie isst man sie richtig?,2026-07-27,2026-07-29,3,1
63743511724039,2026-07-27T09:33:00+00:00,https://www.leckerschmecker.me/zucchini-mais-salat/63743511724039,Beilage oder Hauptspeise? Dieser Salat kann problemlos beides sein,2026-07-27,2026-07-27,1,1
63743511558163,2026-07-27T10:01:50+00:00,https://www.leckerschmecker.me/riesenbohnen-ratatouille-a-a/63743511558163,Sommergefühle pur: Riesenbohnen-Ratatouille,2026-07-27,2026-07-29,3,1
63743511723243,2026-07-27T10:09:00+00:00,https://www.leckerschmecker.me/maultaschen-zucchini-pfanne/63743511723243,Maultaschen-Zucchini-Pfanne: schwäbisch-mediterrane Fusion-Küche,2026-07-27,2026-07-28,2,1
63743511711201,2026-07-27T10:46:35+00:00,https://www.leckerschmecker.me/kirschsuppe-mit-klueten-a-b-seite/63743511711201,Die fruchtige Seite der norddeutschen Küche,2026-07-27,2026-07-29,3,3
63743511723343,2026-07-27T10:46:36+00:00,https://www.leckerschmecker.me/johannisbeer-joghurt-kuchen-suesses/63743511723343,Johannisbeer-Joghurt-Kuchen: süßes Highlight der Beerensaison,2026-07-27,2026-07-28,2,2
63743511520398,2026-07-27T11:19:57+00:00,https://www.leckerschmecker.me/limoncello-mascarpone-kuchen-a-d/63743511520398,"Sommer, Sonne und eine ordentliche Ladung Limoncello: Danach schmeckt dieser Kuchen",2026-07-27,2026-07-29,3,1
63743511724045,2026-07-27T11:22:00+00:00,https://www.leckerschmecker.me/gegrillter-pfirsich-aus-dem-airfryer/63743511724045,Noch nie war Dessert so einfach: gegrillter Pfirsich aus dem Airfryer,2026-07-27,2026-07-27,1,1
63743511546028,2026-07-27T11:23:28+00:00,https://www.leckerschmecker.me/nektarinen-buttermilch-kuchen-a-b/63743511546028,Sommerlich-fruchtiger Kuchengenuss: So backst du einen Nektarinen-Buttermilch-Kuchen,2026-07-27,2026-07-29,3,1
63743511722076,2026-07-27T11:38:36+00:00,https://www.leckerschmecker.me/amerikanische-bratkartoffeln-essen/63743511722076,"Pommes zu Hause essen ist das eine, Home Fries sind jedoch etwas ganz anderes",2026-07-27,2026-07-29,3,4
63743511563578,2026-07-27T11:49:46+00:00,https://www.leckerschmecker.me/couscous-salat-mit-tofu-a-a/63743511563578,"Warmer Couscous-Salat mit Tofu: bunt, gesund und lecker",2026-07-27,2026-07-29,3,1
63743511574541,2026-07-27T11:53:45+00:00,https://www.leckerschmecker.me/cashew-haehnchen-a-a/63743511574541,Cashew-Hähnchen: vom Wok auf den Teller,2026-07-27,2026-07-29,3,1
63743511345540,2026-07-27T12:14:35+00:00,https://www.leckerschmecker.me/linsenbaellchen-in-kokos-currysosse-a-a/63743511345540,Linsenbällchen in Kokos-Currysoße: würziges Wohlfühlgericht,2026-07-27,2026-07-29,3,1
63743511442796,2026-07-27T13:31:02+00:00,https://www.leckerschmecker.me/meskouta-marokkanischer-orangenkuchen-a-g/63743511442796,Meskouta: marokkanischer Orangenkuchen,2026-07-27,2026-07-29,3,1
63743511483008,2026-07-27T13:32:17+00:00,https://www.leckerschmecker.me/taktouka-marokkanischer-tomaten-paprika-aufstrich-a-b/63743511483008,Taktouka: würziger Aufstrich aus Marokko,2026-07-27,2026-07-29,3,1
63743511722971,2026-07-27T13:35:38+00:00,https://www.leckerschmecker.me/feigen-old-fashioned-eleganz/63743511722971,Eleganz zum Trinken: So schmeckt Old Fashioned mit Feigen,2026-07-27,2026-07-29,3,2
63743511723563,2026-07-27T13:35:39+00:00,https://www.leckerschmecker.me/tempura-pfifferlinge-knusper/63743511723563,"Knusper, knusper, knister: Die Pfifferlingszeit ist da",2026-07-27,2026-07-29,3,2
63743511722304,2026-07-27T13:35:40+00:00,https://www.leckerschmecker.me/proseccotorte-mit-himbeeren-sommerliche/63743511722304,Proseccotorte mit Himbeeren: Das sommerliche Rezept für besondere Anlässe,2026-07-27,2026-07-29,3,2
63743511723600,2026-07-27T13:35:40+00:00,https://www.leckerschmecker.me/laotischer-larb-salat-mit-tofu-zeigt/63743511723600,"Dieser Salat zeigt dir, was „Aroma“ bedeutet",2026-07-27,2026-07-29,3,2
63743511479741,2026-07-27T13:47:02+00:00,https://www.leckerschmecker.me/beeren-quark-strudel-a-a/63743511479741,Dieser Beeren-Quark-Strudel macht Naschkatzen glücklich,2026-07-27,2026-07-29,3,1
63743511351779,2026-07-27T13:51:26+00:00,https://www.leckerschmecker.me/sauerkraut-strudel-a-c/63743511351779,Gefüllter Sauerkraut-Strudel mit Blätterteig: Ofengericht zum Verlieben,2026-07-27,2026-07-29,3,1
63743511723700,2026-07-27T13:56:00+00:00,https://www.leckerschmecker.me/ameisentorte-mit-quark-beeren/63743511723700,"Quark, Beeren, Schokostreusel: So lecker ist eine Ameisentorte",2026-07-27,2026-07-28,2,1
63743511446819,2026-07-27T13:56:40+00:00,https://www.leckerschmecker.me/kartoffel-zucchini-pfanne-mit-erbsen-a-b/63743511446819,Schnelle Kartoffel-Zucchini-Pfanne mit Erbsen: einfach lecker,2026-07-27,2026-07-29,3,1
63743511688782,2026-07-27T13:59:39+00:00,https://www.leckerschmecker.me/omelett-stulle-aus-dem-airfryer-a-a-schwarzbrot/63743511688782,In wenigen Minuten fertig: das knusprige Schwarzbrot-Sandwich aus dem Airfryer,2026-07-27,2026-07-29,3,3
63743511721504,2026-07-27T13:59:40+00:00,https://www.leckerschmecker.me/blaubeerkuchen-mit-skyr-lieblingskuchen/63743511721504,Skyr und Blaubeere: neuer Lieblingskuchen diesen Sommer,2026-07-27,2026-07-29,3,4
63743511676972,2026-07-27T13:59:41+00:00,https://www.leckerschmecker.me/moussaka-nudelauflauf-a-b-comfort/63743511676972,Moussaka-Nudelauflauf: Tradition trifft Wohlfühlessen,2026-07-27,2026-07-29,3,4
63743511495064,2026-07-27T14:50:45+00:00,https://www.leckerschmecker.me/pak-choi-kokossuppe-a-a-einfach/63743511495064,"Köstlich-cremige Pak Choi-Kokossuppe, die einfach glücklich macht",2026-07-27,2026-07-29,3,4
63743511723472,2026-07-27T15:24:00+00:00,https://www.leckerschmecker.me/gebackene-auberginen-mit-schafsjoghurt-und-granatapfel/63743511723472,Auberginen aus dem Ofen: Wenn lila Gemüse plötzlich der Star der Party ist,2026-07-27,2026-07-28,2,1
63743511722924,2026-07-27T15:38:44+00:00,https://www.leckerschmecker.me/limoncello-cookies-kekse/63743511722924,"Kekse mit Schwips: zitronig, knusprig, gut",2026-07-27,2026-07-28,2,2
63743511724251,2026-07-27T16:27:00+00:00,https://www.leckerschmecker.me/parmesan-gnocchi-mit-honig-tomaten/63743511724251,Happy Feierabend: Knusper-Gnocchi mit Honig-Tomaten,2026-07-27,2026-07-28,2,1
63743511724125,2026-07-27T17:31:00+00:00,https://www.leckerschmecker.me/kichererbsen-in-erdnusssosse/63743511724125,Kennst du schon diese Kombi aus Kichererbsen und Erdnuss?,2026-07-28,2026-07-29,2,1
63743511721808,2026-07-27T18:08:42+00:00,https://www.leckerschmecker.me/blaubeer-zitronenlimonade-frische/63743511721808,Fruchtig-frische Abkühlung mit einer beerigen Blaubeer-Zitronenlimonade,2026-07-28,2026-07-29,2,3
63743511724171,2026-07-27T18:39:00+00:00,https://www.leckerschmecker.me/blaubeer-spritz/63743511724171,Spritz ohne Aperol: So fruchtig schmeckt diese Sommer-Version,2026-07-28,2026-07-29,2,1
63743511722584,2026-07-27T18:57:39+00:00,https://www.leckerschmecker.me/burrata-pesto-zucchini-roellchen-vorspeise/63743511722584,Diese Burrata-Pesto-Zucchini-Röllchen sind die schönste Vorspeise des Sommers,2026-07-28,2026-07-29,2,3
63743511719587,2026-07-28T04:02:40+00:00,https://www.leckerschmecker.me/thunfisch-oliven-aufstrich-getrocknete/63743511719587,Thunfisch-Oliven-Aufstrich: mediterrane Küche aus dem Mixer,2026-07-28,2026-07-29,2,4
63743511721255,2026-07-28T04:02:41+00:00,https://www.leckerschmecker.me/zucchini-schinken-roellchen-lecker/63743511721255,Knusprige Zucchini-Schinken-Röllchen aus dem Ofen: So lecker kann einfach sein,2026-07-28,2026-07-29,2,4
63743511724087,2026-07-28T05:04:00+00:00,https://www.leckerschmecker.me/zitronencroissants/63743511724087,"Knusprig, fruchtig und perfekt für einen gemütlichen Morgen",2026-07-28,2026-07-28,1,1
63743511701308,2026-07-28T05:05:19+00:00,https://www.leckerschmecker.me/mango-chia-pudding-a-a/63743511701308,Mango-Chia-Pudding: cremig-leckeres Frühstück mit Kokos,2026-07-28,2026-07-29,2,1
63743511724039,2026-07-28T05:26:40+00:00,https://www.leckerschmecker.me/zucchini-mais-salat-beilage/63743511724039,Beilage oder Hauptspeise? Dieser Salat kann problemlos beides sein,2026-07-28,2026-07-29,2,2
63743511723825,2026-07-28T05:26:41+00:00,https://www.leckerschmecker.me/salted-iced-latte-dattelsirup-caramel/63743511723825,Der neue Salted Caramel Latte? Hier ist der Salted Iced Latte mit Dattelsirup,2026-07-28,2026-07-29,2,2
63743511724262,2026-07-28T05:26:42+00:00,https://www.leckerschmecker.me/pfirsichtorte-sommergenuss/63743511724262,Pfirsichtorte: Sommergenuss mit jedem Stück,2026-07-28,2026-07-29,2,1
63743511724169,2026-07-28T05:26:43+00:00,https://www.leckerschmecker.me/frozen-joghurt-mit-kiwi-fruchtige/63743511724169,Frozen Joghurt mit Kiwi: fruchtige Erfrischung für warme Tage,2026-07-28,2026-07-29,2,1
63743511723401,2026-07-28T05:26:44+00:00,https://www.leckerschmecker.me/spinat-feta-wraps-wuerzigen/63743511723401,Mit diesen würzigen Wraps startest du herrlich in den Tag,2026-07-28,2026-07-29,2,2
63743511533478,2026-07-28T05:47:41+00:00,https://www.leckerschmecker.me/erdbeerkuchen-mit-vanillepudding-vom-blech-a-c/63743511533478,Dieser Erdbeerkuchen darf auf deiner Tafel nicht fehlen,2026-07-28,2026-07-29,2,1
63743511724414,2026-07-28T05:49:00+00:00,https://www.leckerschmecker.me/blaubeer-scones/63743511724414,Berry me happy: Diese Blaubeer-Scones machen gute Laune,2026-07-28,2026-07-28,1,1
63743511553231,2026-07-28T05:52:24+00:00,https://www.leckerschmecker.me/haferflockenauflauf-mit-kirschen-a-c/63743511553231,Zum Frühstück essen wir süße Ofen-Haferflocken mit Kirschen,2026-07-28,2026-07-29,2,1
63743511724045,2026-07-28T05:59:34+00:00,https://www.leckerschmecker.me/gegrillter-pfirsich-aus-dem-airfryer-dessert/63743511724045,Noch nie war Dessert so einfach: gegrillter Pfirsich aus dem Airfryer,2026-07-28,2026-07-29,2,2
63743511723442,2026-07-28T05:59:36+00:00,https://www.leckerschmecker.me/blaubeer-skyr-overnight-oats-beerenglueck/63743511723442,Beerenglück in Becherform: Overnight Oats mit Blaubeeren und Skyr,2026-07-28,2026-07-29,2,2
63743511724229,2026-07-28T06:33:00+00:00,https://www.leckerschmecker.me/spanisches-strandsandwich/63743511724229,"Du musst nicht am Strand sein, um dieses scharfe Thunfisch-Strandsandwich zu genießen!",2026-07-28,2026-07-29,2,1
63743511722861,2026-07-28T06:42:38+00:00,https://www.leckerschmecker.me/marokkanisches-huhn-mit-oliven-pot/63743511722861,One-Pot-Schmorgericht: marokkanisches Huhn mit Oliven,2026-07-28,2026-07-29,2,3
63743511723477,2026-07-28T06:42:38+00:00,https://www.leckerschmecker.me/pfifferling-orzo-wald/63743511723477,"Wenn der Wald ruft, gibt&#8217;s frisches Pfifferling-Orzo zum Abendessen",2026-07-28,2026-07-29,2,2
63743511722401,2026-07-28T07:21:42+00:00,https://www.leckerschmecker.me/limoncello-sangria-krug/63743511722401,Sommer im Krug: Limoncello Sangria,2026-07-28,2026-07-29,2,3
63743511721285,2026-07-28T07:21:43+00:00,https://www.leckerschmecker.me/zucchini-mais-pizza-fans/63743511721285,Zucchini-Mais-Pizza: die beste Pizza für Zucchini-Fans,2026-07-28,2026-07-29,2,4
63743511309160,2026-07-28T07:49:35+00:00,https://www.leckerschmecker.me/fruehstuecksstrudel-a-c/63743511309160,Frühstücksstrudel aus Blätterteig mit Käse-Schinken-Füllung,2026-07-29,2026-07-30,2,1
63743511564062,2026-07-28T07:49:35+00:00,https://www.leckerschmecker.me/zucchini-spaetzle-pfanne-a-b/63743511564062,Diese Pfanne mit Zucchini und Spätzle rettet dir den Tag,2026-07-29,2026-07-30,2,1
63743511721891,2026-07-28T08:07:39+00:00,https://www.leckerschmecker.me/weisse-bohnen-gurken-salat-perfekte/63743511721891,Dieser Bohnensalat mit Gurke und Dill ist das perfekte Sommerrezept,2026-07-29,2026-07-30,2,4
63743511687218,2026-07-28T08:24:28+00:00,https://www.leckerschmecker.me/pinker-glasnudelsalat-a-a/63743511687218,Der schönste Salat des Sommers: Warum alle diesen pinken Glasnudelsalat gerade nachmachen,2026-07-29,2026-07-30,2,1
63743511555020,2026-07-28T08:28:06+00:00,https://www.leckerschmecker.me/zucchini-zitronen-pancakes-mit-ricotta-a-c/63743511555020,Keine Ahnung wohin mit all den Zucchini? Diese zitronigen Pancakes sind deine Rettung,2026-07-29,2026-07-30,2,1
63743511576077,2026-07-28T08:48:32+00:00,https://www.leckerschmecker.me/lachs-in-zitronen-knoblauch-sosse-a-b/63743511576077,Dieses Lachsgericht ist der Star deines Feierabends,2026-07-29,2026-07-30,2,1
63743511723700,2026-07-28T08:49:32+00:00,https://www.leckerschmecker.me/ameisentorte-mit-quark-beeren-schokostreusel/63743511723700,"Quark, Beeren, Schokostreusel: So lecker ist eine Ameisentorte",2026-07-29,2026-07-29,1,2
63743511723243,2026-07-28T08:49:33+00:00,https://www.leckerschmecker.me/maultaschen-zucchini-pfanne-schwaebisch/63743511723243,Maultaschen-Zucchini-Pfanne: schwäbisch-mediterrane Fusion-Küche,2026-07-29,2026-07-30,2,2
63743511696981,2026-07-28T09:18:50+00:00,https://www.leckerschmecker.me/legokuchen-a-a/63743511696981,Ein Kuchen wie aus der Spielzeugkiste: der bunte Legokuchen zum Nachbacken,2026-07-29,2026-07-30,2,1
63743511531764,2026-07-28T09:44:55+00:00,https://www.leckerschmecker.me/franzoesische-erdbeer-tarte-a-b/63743511531764,So backst du den besten Erdbeerkuchen der Welt,2026-07-29,2026-07-30,2,1
63743511689653,2026-07-28T09:59:22+00:00,https://www.leckerschmecker.me/pandan-kuchen-a-a/63743511689653,Dieser fluffige Pandan-Kuchen bringt tropisches Flair auf den Kuchenteller,2026-07-29,2026-07-30,2,1
63743511724156,2026-07-28T10:13:00+00:00,https://www.leckerschmecker.me/caprese-quiche/63743511724156,Diese Quiche fängt den Sommer perfekt ein,2026-07-29,2026-07-29,1,1
63743511381060,2026-07-28T10:48:39+00:00,https://www.leckerschmecker.me/spaghetti-mit-burrata-und-gegrillten-tomaten-a-b/63743511381060,"Spaghetti mit Burrata und gegrillten Tomaten: kleiner Aufwand, großes Ergebnis",2026-07-29,2026-07-30,2,1
63743511580888,2026-07-28T10:55:38+00:00,https://www.leckerschmecker.me/zucchini-blaetterteig-paeckchen-a-b-aussen/63743511580888,"Außen knusprig, innen cremig: Zucchini-Blätterteig-Päckchen",2026-07-29,2026-07-30,2,2
63743511355715,2026-07-28T11:12:45+00:00,https://www.leckerschmecker.me/tomaten-zucchini-auflauf-a-n/63743511355715,Leckeres Ofengericht: Tomaten-Zucchini-Auflauf mit Käse,2026-07-29,2026-07-30,2,1
63743511542376,2026-07-28T11:30:30+00:00,https://www.leckerschmecker.me/pfirsich-quark-kuchen-vom-blech-a-a-familienfeiern/63743511542376,"Saftig, unkompliziert, beliebt: dieser Blechkuchen mit Quark und Pfirsichen funktioniert immer",2026-07-29,2026-07-30,2,4
63743511577006,2026-07-28T11:53:17+00:00,https://www.leckerschmecker.me/brokkoli-kaese-auflauf-a-b/63743511577006,Mit diesem Auflauf schmeckt Brokkoli sogar den Kindern,2026-07-29,2026-07-29,1,1
63743511723472,2026-07-28T13:32:36+00:00,https://www.leckerschmecker.me/gebackene-auberginen-mit-schafsjoghurt-und-granatapfel-ofen/63743511723472,Auberginen aus dem Ofen: Wenn lila Gemüse plötzlich der Star der Party ist,2026-07-29,2026-07-30,2,2
63743511724251,2026-07-28T13:32:36+00:00,https://www.leckerschmecker.me/parmesan-gnocchi-mit-honig-tomaten-happy/63743511724251,Happy Feierabend: Knusper-Gnocchi mit Honig-Tomaten,2026-07-29,2026-07-30,2,2
63743511551304,2026-07-28T14:06:53+00:00,https://www.leckerschmecker.me/nudeln-in-zucchini-feta-sosse-a-a-bereite/63743511551304,Nudeln in Zucchini-Feta-Soße: leichte Sommerküche,2026-07-29,2026-07-30,2,5
63743511722774,2026-07-28T14:06:54+00:00,https://www.leckerschmecker.me/knoblauchbrot-ohne-kneten-aromatisch/63743511722774,"Knusprig, aromatisch, unkompliziert: Dieses Knoblauchbrot gelingt dir mit wenig Aufwand",2026-07-29,2026-07-30,2,3
63743511553319,2026-07-28T14:43:45+00:00,https://www.leckerschmecker.me/gegrillte-zucchini-mit-burrata-und-pesto-a-c-laeden/63743511553319,Gegrillte Zucchini mit Burrata und Pesto,2026-07-29,2026-07-30,2,4
63743511724526,2026-07-28T15:21:00+00:00,https://www.leckerschmecker.me/zucchini-cobbler/63743511724526,Zucchini im Cobbler? Perfekt!,2026-07-29,2026-07-29,1,1
63743511724201,2026-07-28T15:23:00+00:00,https://www.leckerschmecker.me/babka-mit-spinat-und-getrockneten-tomaten/63743511724201,"Wie herzhafter Hefezopf, nur noch besser",2026-07-29,2026-07-29,1,1
63743511724147,2026-07-28T16:23:00+00:00,https://www.leckerschmecker.me/feta-mit-tomaten-airfryer/63743511724147,"Feta, Tomaten und viel Liebe: besonders lecker aus dem Airfryer",2026-07-29,2026-07-29,1,1
63743511724714,2026-07-28T16:24:00+00:00,https://www.leckerschmecker.me/lachs-huettenkaese-pasta/63743511724714,Dieses Nudelgericht ist ein echter Alltagsheld,2026-07-29,2026-07-29,1,1
63743511723343,2026-07-28T16:48:45+00:00,https://www.leckerschmecker.me/johannisbeer-joghurt-kuchen-highlight/63743511723343,Johannisbeer-Joghurt-Kuchen: süßes Highlight der Beerensaison,2026-07-29,2026-07-30,2,3
63743511724384,2026-07-28T18:32:00+00:00,https://www.leckerschmecker.me/veganer-semmelknoedel-gugelhupf/63743511724384,Nie wieder zerfallene Knödel: Dieser vegane Semmelknödel-Gugelhupf gelingt garantiert,2026-07-29,2026-07-30,2,1
63743511723040,2026-07-28T18:43:49+00:00,https://www.leckerschmecker.me/butterhoernchen-fuer/63743511723040,Butterhörnchen: der Star für dein Sonntagsfrühstück,2026-07-29,2026-07-30,2,3
63743511723179,2026-07-29T04:11:43+00:00,https://www.leckerschmecker.me/zucchini-schinken-strudel-knuspriges/63743511723179,Zucchini-Schinken-Strudel: knuspriges Ofengericht,2026-07-29,2026-07-30,2,2
63743511724622,2026-07-29T05:02:00+00:00,https://www.leckerschmecker.me/vegane-chia-waffeln/63743511724622,"Knusprig, fluffig, vegan: Diese Chia-Waffeln willst du sofort ausprobieren",2026-07-29,2026-07-30,2,1
63743511724579,2026-07-29T05:38:42+00:00,https://www.leckerschmecker.me/vegane-moussaka-linsen/63743511724579,Vegane Moussaka mit Linsen ist Comfort Food ohne Fleisch,2026-07-29,2026-07-30,2,1
63743511724682,2026-07-29T05:38:43+00:00,https://www.leckerschmecker.me/airfryer-hasselback-zucchini-schnell/63743511724682,"Schnell, würzig, genial: Airfryer-Hasselback-Zucchini mit Schinken-Käse-Füllung",2026-07-29,2026-07-30,2,1
63743511724087,2026-07-29T05:38:45+00:00,https://www.leckerschmecker.me/zitronencroissants-knusprig/63743511724087,"Knusprig, fruchtig und perfekt für einen gemütlichen Morgen",2026-07-29,2026-07-30,2,2
63743511724414,2026-07-29T05:38:46+00:00,https://www.leckerschmecker.me/blaubeer-scones-berry/63743511724414,Berry me happy: Diese Blaubeer-Scones machen gute Laune,2026-07-29,2026-07-30,2,2
63743511724619,2026-07-29T05:51:00+00:00,https://www.leckerschmecker.me/erdbeer-french-toast-rollen/63743511724619,"Cremig, knusprig, fruchtig-süß: Diese kleinen Röllchen sind ein herrliches Frühstück",2026-07-29,2026-07-29,1,1
63743511509173,2026-07-29T06:09:03+00:00,https://www.leckerschmecker.me/lemon-curd-selbst-machen-a-b/63743511509173,Der beste Aufstrich der Welt: So machst du Lemon Curd selbst,2026-07-29,2026-07-30,2,1
63743511724207,2026-07-29T06:18:38+00:00,https://www.leckerschmecker.me/kirsch-cheesecake-schnitten-kirschen/63743511724207,Diese Schnitten mit Kirschen und Schoki werden ohne Ofen fest,2026-07-29,2026-07-30,2,1
63743511724672,2026-07-29T06:37:00+00:00,https://www.leckerschmecker.me/grilled-cheese-sandwich-mit-schwarzen-bohnen/63743511724672,Würzige Bohnenpower im käsigen Knuspermantel: Grilled Cheese Sandwich mit schwarzen Bohnen,2026-07-29,2026-07-29,1,1
63743511500399,2026-07-29T06:50:38+00:00,https://www.leckerschmecker.me/pilz-lauch-strudel-a-a-blaetterteigstrudel/63743511500399,Lust auf ein Wohlfühlgericht? Dann wird es Zeit für Strudel,2026-07-29,2026-07-30,2,1
63743511722924,2026-07-29T06:50:39+00:00,https://www.leckerschmecker.me/limoncello-cookies-schwips/63743511722924,"Kekse mit Schwips: zitronig, knusprig, gut",2026-07-29,2026-07-30,2,3
63743511389890,2026-07-29T07:21:36+00:00,https://www.leckerschmecker.me/gegrillte-sardinen-a-a-zitrone/63743511389890,Gegrillte Sardinen mit Knoblauch und Zitrone: mediterranes Grillflair,2026-07-29,2026-07-30,2,3
63743511714210,2026-07-29T07:21:37+00:00,https://www.leckerschmecker.me/alkoholfreier-limoncello-spritz-a-a-leben/63743511714210,Sommer im Glas: So gelingt dir ein alkoholfreier Limoncello-Spritz,2026-07-29,2026-07-30,2,5
63743511721697,2026-07-29T07:21:38+00:00,https://www.leckerschmecker.me/vegane-zwiebel-paprika-tomatenpfanne-ueberraschend/63743511721697,"Eine Pfanne, simple Zutaten und überraschend viel Geschmack",2026-07-29,2026-07-30,2,5
63743511724712,2026-07-29T08:17:00+00:00,https://www.leckerschmecker.me/kombucha-granita/63743511724712,"Eine Granita, wie du sie noch nie gegessen hast",2026-07-29,2026-07-29,1,1
63743511577006,2026-07-29T08:44:37+00:00,https://www.leckerschmecker.me/brokkoli-kaese-auflauf-a-b-schmeckt/63743511577006,Mit diesem Auflauf schmeckt Brokkoli sogar den Kindern,2026-07-29,2026-07-31,3,2
63743511724125,2026-07-29T08:44:38+00:00,https://www.leckerschmecker.me/kichererbsen-in-erdnusssosse-kennst/63743511724125,Kennst du schon diese Kombi aus Kichererbsen und Erdnuss?,2026-07-29,2026-07-30,2,2
63743511546395,2026-07-29T09:57:42+00:00,https://www.leckerschmecker.me/linsen-paprika-shakshuka-a-a/63743511546395,Linsen-Paprika-Shakshuka macht satt und glücklich,2026-07-29,2026-07-31,3,1
63743511552841,2026-07-29T09:59:54+00:00,https://www.leckerschmecker.me/mais-zucchini-puffer-a-b/63743511552841,Diese Mais-Zucchini-Puffer willst du immer wieder machen,2026-07-29,2026-07-31,3,1
63743511696759,2026-07-29T10:05:31+00:00,https://www.leckerschmecker.me/zoodles-mit-spargel-und-heidelbeeren-a-a/63743511696759,Zoodles mit Spargel und Heidelbeeren: Dieses frische 20-Minuten-Rezept macht sofort Lust auf mehr,2026-07-29,2026-07-31,3,1
63743511725141,2026-07-29T10:08:00+00:00,https://www.leckerschmecker.me/pilz-paprikasch/63743511725141,Würzige Pilze in cremiger Paprikasoße: So schmeckt Ungarn,2026-07-29,2026-07-31,3,1
63743511699858,2026-07-29T10:08:27+00:00,https://www.leckerschmecker.me/papaya-pancakes-a-a/63743511699858,"Frühstück, das nach Urlaub schmeckt: Papaya-Pancakes voller Tropenflair",2026-07-29,2026-07-31,3,1
63743511714825,2026-07-29T10:11:27+00:00,https://www.leckerschmecker.me/gegrillte-teigtaschen-erdbeeren-marshmallows-a-a/63743511714825,Diese süßen Teigtaschen vom Grill sind das Highlight für alle Naschkatzen,2026-07-29,2026-07-31,3,1
63743511721285,2026-07-29T10:47:35+00:00,https://www.leckerschmecker.me/zucchini-mais-pizza-garten/63743511721285,Zucchini-Mais-Pizza: die beste Pizza für Zucchini-Fans,2026-07-29,2026-07-30,2,5
63743511394636,2026-07-29T11:04:45+00:00,https://www.leckerschmecker.me/gegrillte-zucchini-mit-tomate-mozzarella-a-b/63743511394636,Vegetarisch grillen: Genieße Zucchini Caprese,2026-07-29,2026-07-31,3,1
63743511724831,2026-07-29T11:22:00+00:00,https://www.leckerschmecker.me/spaetzle-mit-pfifferling-champignon-rahmsosse/63743511724831,Ganz schön pfiffig: cremige Pfifferling-Spätzle für deinen Lunch,2026-07-29,2026-07-29,1,1
63743511571777,2026-07-29T11:26:57+00:00,https://www.leckerschmecker.me/gefuellte-kartoffelbaellchen-a-a/63743511571777,Begsaitern nicht nur Kartoffelfans: mit Hackfleisch und Käse gefüllte Kartoffelbällchen,2026-07-29,2026-07-31,3,1
63743511351779,2026-07-29T11:27:35+00:00,https://www.leckerschmecker.me/sauerkraut-strudel-a-c-gefuellter/63743511351779,Gefüllter Sauerkraut-Strudel mit Blätterteig: Ofengericht zum Verlieben,2026-07-29,2026-07-31,3,2
63743511688782,2026-07-29T11:27:36+00:00,https://www.leckerschmecker.me/omelett-stulle-aus-dem-airfryer-a-a-sandwiches/63743511688782,In wenigen Minuten fertig: das knusprige Schwarzbrot-Sandwich aus dem Airfryer,2026-07-29,2026-07-31,3,4
63743511345540,2026-07-29T11:27:37+00:00,https://www.leckerschmecker.me/linsenbaellchen-in-kokos-currysosse-a-a-wuerziges/63743511345540,Linsenbällchen in Kokos-Currysoße: würziges Wohlfühlgericht,2026-07-29,2026-07-31,3,2
63743511574541,2026-07-29T11:27:38+00:00,https://www.leckerschmecker.me/cashew-haehnchen-a-a-kulinarisches/63743511574541,Cashew-Hähnchen: vom Wok auf den Teller,2026-07-29,2026-07-31,3,2
63743511570654,2026-07-29T11:29:15+00:00,https://www.leckerschmecker.me/hefeschnecken-bier-mandel-fuellung-a-a/63743511570654,Süße Nascherei: Hefeschnecken mit Bier-Mandel-Füllung,2026-07-29,2026-07-31,3,1
63743511506407,2026-07-29T11:44:39+00:00,https://www.leckerschmecker.me/indische-blumenkohl-wings-gobi-manchurian-a-b/63743511506407,So werden deine Blumenkohl-Wings noch besser,2026-07-29,2026-07-31,3,1
63743511562616,2026-07-29T11:56:28+00:00,https://www.leckerschmecker.me/himbeer-pistazien-tiramisu-a-a/63743511562616,"Wenn sich Himbeeren und Pistazien verlieben, entsteht dieses Tiramisu",2026-07-29,2026-07-31,3,1
63743511560055,2026-07-29T12:29:06+00:00,https://www.leckerschmecker.me/zucchini-kaesebrot-a-a/63743511560055,Dieses Zucchini-Käsebrot darf beim nächsten Grillen nicht fehlen,2026-07-29,2026-07-31,3,1
63743511537021,2026-07-29T12:48:47+00:00,https://www.leckerschmecker.me/erdbeer-quarkbaellchen-a-a/63743511537021,Diese Erdbeer-Quarkbällchen sind zum Verlieben,2026-07-29,2026-07-31,3,1
63743511412118,2026-07-29T13:29:19+00:00,https://www.leckerschmecker.me/zucchini-lasagne-a-k/63743511412118,Zu viele Zucchini im Garten? Mach eine Zucchini-Hackfleisch-Lasagne daraus,2026-07-29,2026-07-31,3,1
63743511540620,2026-07-29T13:35:17+00:00,https://www.leckerschmecker.me/gegrillte-maultaschen-spiesse-a-a/63743511540620,Maultaschen-Suppe? Maultaschen-Spieße!,2026-07-29,2026-07-31,3,1
63743511724147,2026-07-29T13:38:37+00:00,https://www.leckerschmecker.me/feta-mit-tomaten-airfryer-liebe/63743511724147,"Feta, Tomaten und viel Liebe: besonders lecker aus dem Airfryer",2026-07-29,2026-07-31,3,2
63743511724714,2026-07-29T13:38:38+00:00,https://www.leckerschmecker.me/lachs-huettenkaese-pasta-nudelgericht/63743511724714,Dieses Nudelgericht ist ein echter Alltagsheld,2026-07-29,2026-07-31,3,2
63743511724201,2026-07-29T13:38:39+00:00,https://www.leckerschmecker.me/babka-mit-spinat-und-getrockneten-tomaten-herzhafter/63743511724201,"Wie herzhafter Hefezopf, nur noch besser",2026-07-29,2026-07-31,3,2
63743511724526,2026-07-29T13:38:40+00:00,https://www.leckerschmecker.me/zucchini-cobbler-perfekt/63743511724526,Zucchini im Cobbler? Perfekt!,2026-07-29,2026-07-31,3,2
63743511477166,2026-07-29T13:41:46+00:00,https://www.leckerschmecker.me/zucchini-dill-bratlinge-a-b/63743511477166,Zucchini-Dill-Bratlinge mit cremigem Dip: knusprige Köstlichkeiten,2026-07-29,2026-07-31,3,1
63743511725159,2026-07-29T13:56:00+00:00,https://www.leckerschmecker.me/veganer-brombeer-mohn-streuselkuchen/63743511725159,"Sonnenschein, Kaffee und diesen Streuselkuchen: Mehr braucht es nicht",2026-07-29,2026-07-30,2,1
63743511723700,2026-07-29T16:56:40+00:00,https://www.leckerschmecker.me/ameisentorte-mit-quark-beeren-lecker/63743511723700,"Quark, Beeren, Schokostreusel: So lecker ist eine Ameisentorte",2026-07-30,2026-07-31,2,3
63743511724581,2026-07-29T18:34:00+00:00,https://www.leckerschmecker.me/tannen-lemon-spritz/63743511724581,Tannen-Lemon-Spritz: der alpine Aperitif mit Sommerdreh,2026-07-30,2026-07-30,1,1
63743511723442,2026-07-30T04:04:39+00:00,https://www.leckerschmecker.me/blaubeer-skyr-overnight-oats-becherform/63743511723442,Beerenglück in Becherform: Overnight Oats mit Blaubeeren und Skyr,2026-07-30,2026-07-31,2,3
63743511724262,2026-07-30T04:04:40+00:00,https://www.leckerschmecker.me/pfirsichtorte-stueck/63743511724262,Pfirsichtorte: Sommergenuss mit jedem Stück,2026-07-30,2026-07-31,2,2
63743511559653,2026-07-30T04:04:41+00:00,https://www.leckerschmecker.me/bruschetta-mit-gegrillter-zucchini-a-a-toskana/63743511559653,Ein Hauch Toskana: wie gegrillte Zucchini die Bruschetta veredelt,2026-07-30,2026-07-31,2,3
63743511719587,2026-07-30T04:04:41+00:00,https://www.leckerschmecker.me/thunfisch-oliven-aufstrich-tomaten/63743511719587,Thunfisch-Oliven-Aufstrich: mediterrane Küche aus dem Mixer,2026-07-30,2026-07-31,2,5
63743511723310,2026-07-30T04:04:42+00:00,https://www.leckerschmecker.me/curry-zucchini-vom-grill-grillgenuss/63743511723310,Curry-Zucchini vom Grill: aromatischer Grillgenuss mit feiner Würze,2026-07-30,2026-07-31,2,2
63743511396155,2026-07-30T04:22:19+00:00,https://www.leckerschmecker.me/spanische-mandelsuppe-a-a/63743511396155,"Kalte Mandelsuppe: Perfekt, wenn es mal wieder richtig heiß wird",2026-07-30,2026-07-31,2,1
63743511357994,2026-07-30T04:43:42+00:00,https://www.leckerschmecker.me/blaubeer-joghurt-kuchen-a-d/63743511357994,Sommerlicher Kuchen: Blaubeer-Joghurt-Kuchen aus der Kastenform,2026-07-30,2026-07-31,2,1
63743511724988,2026-07-30T05:06:00+00:00,https://www.leckerschmecker.me/himbeer-kokos-latte/63743511724988,Himbeer sagt Hallo und Kokos küsst Kaffee bei diesem fruchtig-nussigen Heißgetränk,2026-07-30,2026-07-30,1,1
63743511724831,2026-07-30T05:19:38+00:00,https://www.leckerschmecker.me/spaetzle-mit-pfifferling-champignon-rahmsosse-schoen/63743511724831,Ganz schön pfiffig: cremige Pfifferling-Spätzle für deinen Lunch,2026-07-30,2026-07-31,2,2
63743511724712,2026-07-30T05:19:39+00:00,https://www.leckerschmecker.me/kombucha-granita-gegessen/63743511724712,"Eine Granita, wie du sie noch nie gegessen hast",2026-07-30,2026-07-31,2,2
63743511724619,2026-07-30T05:19:40+00:00,https://www.leckerschmecker.me/erdbeer-french-toast-rollen-cremig/63743511724619,"Cremig, knusprig, fruchtig-süß: Diese kleinen Röllchen sind ein herrliches Frühstück",2026-07-30,2026-07-31,2,2
63743511724672,2026-07-30T05:19:40+00:00,https://www.leckerschmecker.me/grilled-cheese-sandwich-mit-schwarzen-bohnen-wuerzige/63743511724672,Würzige Bohnenpower im käsigen Knuspermantel: Grilled Cheese Sandwich mit schwarzen Bohnen,2026-07-30,2026-07-31,2,2
63743511724935,2026-07-30T05:19:41+00:00,https://www.leckerschmecker.me/andaloe-spritz-prickelnd/63743511724935,Andalö-Spritz: So prickelnd kann Sanddorn schmecken,2026-07-30,2026-07-31,2,1
63743511724777,2026-07-30T05:53:00+00:00,https://www.leckerschmecker.me/marokkanisches-ruehrei-mit-zucchini/63743511724777,Dieses Rührei mit Zucchini bringt Schwung in deinen Tag,2026-07-30,2026-07-30,1,1
63743511725256,2026-07-30T06:04:41+00:00,https://www.leckerschmecker.me/avocado-grapefruit-salat-perfekte/63743511725256,Avocado-Grapefruit-Salat: das perfekte Rezept für warme Tage,2026-07-30,2026-07-31,2,1
63743511725171,2026-07-30T06:04:42+00:00,https://www.leckerschmecker.me/italienischer-schichtsalat-mit-spaghetti-schmeckt/63743511725171,Dieser Spaghetti-Schichtsalat schmeckt nach Sommer und ist schnell gemacht,2026-07-30,2026-07-31,2,1
63743511724784,2026-07-30T06:31:00+00:00,https://www.leckerschmecker.me/vegane-zucchini-blaubeer-muffins/63743511724784,Vegane Zucchini- und Blaubeer-Muffins: frisch und geschmackvoll,2026-07-30,2026-07-30,1,1
63743511724156,2026-07-30T06:39:43+00:00,https://www.leckerschmecker.me/caprese-quiche-faengt/63743511724156,Diese Quiche fängt den Sommer perfekt ein,2026-07-30,2026-07-31,2,2
63743511721255,2026-07-30T06:39:44+00:00,https://www.leckerschmecker.me/zucchini-schinken-roellchen-einfach/63743511721255,Knusprige Zucchini-Schinken-Röllchen aus dem Ofen: So lecker kann einfach sein,2026-07-30,2026-07-31,2,5
63743511723243,2026-07-30T07:36:40+00:00,https://www.leckerschmecker.me/maultaschen-zucchini-pfanne-mediterrane/63743511723243,Maultaschen-Zucchini-Pfanne: schwäbisch-mediterrane Fusion-Küche,2026-07-31,2026-08-01,2,3
63743511381060,2026-07-30T08:08:38+00:00,https://www.leckerschmecker.me/spaghetti-mit-burrata-und-gegrillten-tomaten-a-b-aufwand/63743511381060,"Spaghetti mit Burrata und gegrillten Tomaten: kleiner Aufwand, großes Ergebnis",2026-07-31,2026-08-01,2,2
63743511557151,2026-07-30T08:08:40+00:00,https://www.leckerschmecker.me/zucchini-lachs-pfanne-a-b-gekauft/63743511557151,Zucchini-Lachs-Pfanne: Abendessen mit dem gewissen Etwas,2026-07-31,2026-08-01,2,3
63743511576077,2026-07-30T08:08:40+00:00,https://www.leckerschmecker.me/lachs-in-zitronen-knoblauch-sosse-a-b-lachsgericht/63743511576077,Dieses Lachsgericht ist der Star deines Feierabends,2026-07-31,2026-08-01,2,2
63743511654793,2026-07-30T08:29:39+00:00,https://www.leckerschmecker.me/blaubeer-crumble-airfryer-a-a/63743511654793,"Heiße Luft, viel Liebe, wenig Aufwand: köstlicher Blaubeer-Crumble",2026-07-31,2026-08-01,2,1
63743511405085,2026-07-30T08:31:52+00:00,https://www.leckerschmecker.me/fermentieren-fuer-anfaenger-a-d/63743511405085,Große Gartenernte? Fermentiere dein Gemüse einfach selbst,2026-07-31,2026-08-01,2,1
63743511567251,2026-07-30T09:28:25+00:00,https://www.leckerschmecker.me/essen-fuer-heisse-tage-a-b/63743511567251,Mit diesen 10 Essen für heiße Tage bleibst du cool,2026-07-31,2026-08-01,2,1
63743511724657,2026-07-30T10:07:00+00:00,https://www.leckerschmecker.me/haehnchen-zucchini-auflauf/63743511724657,"Deftig, bunt und einfach gut: ein Auflauf, den du jeden Tag genießen möchtest",2026-07-31,2026-08-01,2,1
63743511404568,2026-07-30T10:21:10+00:00,https://www.leckerschmecker.me/zucchini-suppe-a-d/63743511404568,Cremig-leichte Suppe mit Zucchini für den Sommer,2026-07-31,2026-08-01,2,1
63743511564037,2026-07-30T10:24:55+00:00,https://www.leckerschmecker.me/manacor-mallorquinisches-tomatenbrot-a-a/63743511564037,Mallorquinisches Tomatenbrot: Urlaub auf dem Teller,2026-07-31,2026-08-01,2,1
63743511542376,2026-07-30T11:23:49+00:00,https://www.leckerschmecker.me/pfirsich-quark-kuchen-vom-blech-a-a-spontanen/63743511542376,"Saftig, unkompliziert, beliebt: dieser Blechkuchen mit Quark und Pfirsichen funktioniert immer",2026-07-31,2026-08-01,2,5
63743511725707,2026-07-30T11:32:00+00:00,https://www.leckerschmecker.me/sushi-bowl/63743511725707,Lust auf Sushi? Diese Bowl gelingt im Handumdrehen,2026-07-31,2026-07-31,1,1
63743511474804,2026-07-30T11:55:05+00:00,https://www.leckerschmecker.me/eierfrikassee-ddr-a-a/63743511474804,Eierfrikassee: echt lecker nach DDR-Rezept,2026-07-31,2026-08-01,2,1
63743511420423,2026-07-30T11:56:26+00:00,https://www.leckerschmecker.me/brokkolisalat-mit-feta-und-pesto-a-c/63743511420423,Brokkolisalat mit Feta und Pesto schmeckt nicht nur als Grillbeilage,2026-07-31,2026-08-01,2,1
63743511685819,2026-07-30T12:26:47+00:00,https://www.leckerschmecker.me/gebackene-eier-napoleon-a-a/63743511685819,Der Frühstücks-Hit aus dem Ofen: Gebackene Eier Napoleon zum Verlieben,2026-07-31,2026-08-01,2,1
63743511699905,2026-07-30T12:28:19+00:00,https://www.leckerschmecker.me/pizza-chips-a-a/63743511699905,Pizza mal anders: Die knusprigen Ofen-Chips sind schneller weg als gebacken,2026-07-31,2026-07-31,1,1
63743511687987,2026-07-30T12:29:04+00:00,https://www.leckerschmecker.me/cracker-salat-a-a/63743511687987,Dieser Cracker-Salat ist der knusprige Star auf jedem Grillbuffet,2026-07-31,2026-08-01,2,1
63743511384135,2026-07-30T13:03:23+00:00,https://www.leckerschmecker.me/wild-berry-spritz-a-b/63743511384135,Besser als Aperol? Wir trinken jetzt am liebsten Wild Berry Spritz,2026-07-31,2026-08-01,2,1
63743511724581,2026-07-30T13:22:32+00:00,https://www.leckerschmecker.me/tannen-lemon-spritz-alpine/63743511724581,Tannen-Lemon-Spritz: der alpine Aperitif mit Sommerdreh,2026-07-31,2026-08-01,2,2
63743511725159,2026-07-30T13:22:34+00:00,https://www.leckerschmecker.me/veganer-brombeer-mohn-streuselkuchen-sonnenschein/63743511725159,"Sonnenschein, Kaffee und diesen Streuselkuchen: Mehr braucht es nicht",2026-07-31,2026-08-01,2,2
63743511724577,2026-07-30T13:51:00+00:00,https://www.leckerschmecker.me/aprikosen-pistazien-schnitten/63743511724577,Aprikosen-Pistazien-Schnitten: der kleine Kuchen für sonnige Nachmittage,2026-07-31,2026-07-31,1,1
63743511551304,2026-07-30T14:00:46+00:00,https://www.leckerschmecker.me/nudeln-in-zucchini-feta-sosse-a-a-leckere/63743511551304,Nudeln in Zucchini-Feta-Soße: leichte Sommerküche,2026-07-31,2026-08-01,2,6
63743511725066,2026-07-30T15:22:00+00:00,https://www.leckerschmecker.me/melonen-caprese/63743511725066,Da stiehlt doch glatt jemand der Tomate die Show: Melonen-Caprese,2026-07-31,2026-07-31,1,1
63743511725233,2026-07-30T16:39:00+00:00,https://www.leckerschmecker.me/mini-pizzen-feigen-ziegenkaese-airfryer/63743511725233,"Kleine Pizzen, großer Airfryer-Genuss mit Feigen, Ziegenkäse und Honig",2026-07-31,2026-07-31,1,1
63743511724384,2026-07-30T18:07:41+00:00,https://www.leckerschmecker.me/veganer-semmelknoedel-gugelhupf-zerfallene/63743511724384,Nie wieder zerfallene Knödel: Dieser vegane Semmelknödel-Gugelhupf gelingt garantiert,2026-07-31,2026-08-01,2,2
63743511724726,2026-07-30T18:31:00+00:00,https://www.leckerschmecker.me/lachs-tatar/63743511724726,So kredenzt du etwas ganz besonders Feines für die Brotzeit,2026-07-31,2026-08-01,2,1
63743511723179,2026-07-31T04:13:44+00:00,https://www.leckerschmecker.me/zucchini-schinken-strudel-ofengericht/63743511723179,Zucchini-Schinken-Strudel: knuspriges Ofengericht,2026-07-31,2026-08-01,2,3
63743511723060,2026-07-31T04:13:45+00:00,https://www.leckerschmecker.me/tomaten-sandwich-amerikanischer-art-suedstaaten/63743511723060,Dieses einfache Tomaten-Sandwich ist ein Klassiker aus den Südstaaten der USA,2026-07-31,2026-08-01,2,3
63743511724171,2026-07-31T04:13:45+00:00,https://www.leckerschmecker.me/blaubeer-spritz-aperol/63743511724171,Spritz ohne Aperol: So fruchtig schmeckt diese Sommer-Version,2026-07-31,2026-08-01,2,2
63743511721931,2026-07-31T04:13:46+00:00,https://www.leckerschmecker.me/menemen-mit-feta-und-oliven-neu/63743511721931,Türkisches Frühstück neu entdeckt: Menemen mit Feta und Oliven,2026-07-31,2026-08-01,2,4
63743511725081,2026-07-31T05:05:00+00:00,https://www.leckerschmecker.me/zimtbutter-toast/63743511725081,Zimtbutter-Toast: Hier kommt alles perfekt zusammen,2026-07-31,2026-07-31,1,1
63743511725756,2026-07-31T05:25:46+00:00,https://www.leckerschmecker.me/polenta-parmesan-baellchen-airfryer-knusprige/63743511725756,Knusprige Polenta-Bällchen mit Parmesan: perfekt aus dem Airfryer,2026-07-31,2026-08-01,2,1
63743511724784,2026-07-31T05:25:48+00:00,https://www.leckerschmecker.me/vegane-zucchini-blaubeer-muffins-frisch/63743511724784,Vegane Zucchini- und Blaubeer-Muffins: frisch und geschmackvoll,2026-07-31,2026-08-01,2,2
63743511724777,2026-07-31T05:25:49+00:00,https://www.leckerschmecker.me/marokkanisches-ruehrei-mit-zucchini-bringt/63743511724777,Dieses Rührei mit Zucchini bringt Schwung in deinen Tag,2026-07-31,2026-08-01,2,2
63743511724988,2026-07-31T05:25:49+00:00,https://www.leckerschmecker.me/himbeer-kokos-latte-hallo/63743511724988,Himbeer sagt Hallo und Kokos küsst Kaffee bei diesem fruchtig-nussigen Heißgetränk,2026-07-31,2026-08-01,2,2
63743511725271,2026-07-31T06:32:00+00:00,https://www.leckerschmecker.me/schoko-himbeer-smoothiebowl/63743511725271,"Cremig, frisch, fruchtig und süß: so willst du jeden Tag frühstücken",2026-07-31,2026-07-31,1,1
63743511648006,2026-07-31T06:45:02+00:00,https://www.leckerschmecker.me/zitronen-blaubeer-griessbrei-a-a/63743511648006,Alle Fans von Lemon Blueberry Cake werden dieses Frühstück lieben,2026-07-31,2026-08-01,2,1
63743511721285,2026-07-31T06:56:38+00:00,https://www.leckerschmecker.me/zucchini-mais-pizza-warten/63743511721285,Zucchini-Mais-Pizza: die beste Pizza für Zucchini-Fans,2026-07-31,2026-08-01,2,6
63743511721697,2026-07-31T06:56:39+00:00,https://www.leckerschmecker.me/vegane-zwiebel-paprika-tomatenpfanne-geschmack/63743511721697,"Eine Pfanne, simple Zutaten und überraschend viel Geschmack",2026-07-31,2026-08-01,2,6
63743511724125,2026-07-31T07:34:40+00:00,https://www.leckerschmecker.me/kichererbsen-in-erdnusssosse-kombi/63743511724125,Kennst du schon diese Kombi aus Kichererbsen und Erdnuss?,2026-07-31,2026-08-02,3,3
63743511722774,2026-07-31T08:03:38+00:00,https://www.leckerschmecker.me/knoblauchbrot-ohne-kneten-unkompliziert/63743511722774,"Knusprig, aromatisch, unkompliziert: Dieses Knoblauchbrot gelingt dir mit wenig Aufwand",2026-08-01,2026-08-02,2,4
63743511566885,2026-07-31T08:33:18+00:00,https://www.leckerschmecker.me/schupfnudeln-mit-pfifferling-rahmsosse-a-a/63743511566885,Dieses Gericht beweist es: Pfifferlinge und Schupfnudeln gehören einfach zusammen,2026-08-01,2026-08-02,2,1
63743511557439,2026-07-31T08:44:50+00:00,https://www.leckerschmecker.me/aperol-bier-spritz-a-a/63743511557439,Zauber dir einen Cocktail-Klassiker in neuem Gewand,2026-08-01,2026-08-02,2,1
63743511699905,2026-07-31T08:56:31+00:00,https://www.leckerschmecker.me/pizza-chips-a-a-ofen/63743511699905,Pizza mal anders: Die knusprigen Ofen-Chips sind schneller weg als gebacken,2026-08-01,2026-08-02,2,2
63743511719587,2026-07-31T08:56:32+00:00,https://www.leckerschmecker.me/thunfisch-oliven-aufstrich-kraeuter/63743511719587,Thunfisch-Oliven-Aufstrich: mediterrane Küche aus dem Mixer,2026-08-01,2026-08-02,2,6
63743511549604,2026-07-31T09:02:23+00:00,https://www.leckerschmecker.me/eis-mit-der-eismaschine-machen-a-c/63743511549604,Dir ist heiß? So eröffnest du zu Hause diene eigene Eisdiele,2026-08-01,2026-08-02,2,1
63743511548444,2026-07-31T09:04:58+00:00,https://www.leckerschmecker.me/reisnudelsalat-mit-erdnusssosse-fuer/63743511548444,Reisnudelsalat mit Erdnusssoße: perfekt für heiße Tage,2026-08-01,2026-08-02,2,1
63743511702164,2026-07-31T09:51:52+00:00,https://www.leckerschmecker.me/zimt-knusperflakes-a-a/63743511702164,"Einmal selbst gemacht, nie wieder gekauft: Zimt-Knusperflakes aus dem Ofen",2026-08-01,2026-08-02,2,1
63743511723406,2026-07-31T09:54:00+00:00,https://www.leckerschmecker.me/ravioli-mit-pfifferlingfuellung-a-a/63743511723406,"Cremig, aromatisch, hausgemacht: So gelingen Ravioli mit Pfifferlingfüllung",2026-08-01,2026-08-02,2,2
63743511552850,2026-07-31T09:59:22+00:00,https://www.leckerschmecker.me/zucchini-feta-omelett-a-b/63743511552850,Zucchini und Ei sind eine perfekte Kombi! Hier ist der Beweis dafür,2026-08-01,2026-08-02,2,1
63743511714325,2026-07-31T10:14:46+00:00,https://www.leckerschmecker.me/dot-cake-a-b/63743511714325,Auf den Punkt kommen: So gelingt dir der virale Dot Cake,2026-08-01,2026-08-02,2,2
63743511567713,2026-07-31T10:44:28+00:00,https://www.leckerschmecker.me/sommerlimonaden-a-a/63743511567713,Sommerlimonaden: 7 Rezepte für sonnige Tage,2026-08-01,2026-08-02,2,1
63743511565301,2026-07-31T10:46:19+00:00,https://www.leckerschmecker.me/matcha-mango-eis-a-a/63743511565301,Matcha-Mango-Eis am Stiel selber machen: erfrischend &amp; lecker,2026-08-01,2026-08-02,2,1
63743511541987,2026-07-31T10:53:36+00:00,https://www.leckerschmecker.me/salz-dill-gurken-a-b/63743511541987,Frisch fermentiert: So machst du die besten Salz-Dill-Gurken,2026-08-01,2026-08-02,2,1
63743511415079,2026-07-31T11:01:31+00:00,https://www.leckerschmecker.me/zucchini-flammkuchen-a-c/63743511415079,So backst du einen knusprigen Zucchini-Flammkuchen,2026-08-01,2026-08-02,2,1
63743511567025,2026-07-31T11:01:40+00:00,https://www.leckerschmecker.me/gefuellte-frikadellen-vom-grill-a-a/63743511567025,Der Star auf dem Rost: gefüllte Frikadellen vom Grill,2026-08-01,2026-08-02,2,1
63743511574541,2026-07-31T11:38:39+00:00,https://www.leckerschmecker.me/cashew-haehnchen-a-a-highlight/63743511574541,Cashew-Hähnchen: vom Wok auf den Teller,2026-08-01,2026-08-02,2,3
63743511725141,2026-07-31T11:38:39+00:00,https://www.leckerschmecker.me/pilz-paprikasch-wuerzige/63743511725141,Würzige Pilze in cremiger Paprikasoße: So schmeckt Ungarn,2026-08-01,2026-08-02,2,2
63743511347807,2026-07-31T11:50:36+00:00,https://www.leckerschmecker.me/feta-tomaten-auflauf-a-b/63743511347807,Feta-Tomaten-Auflauf: Dieses einfache Rezept weckt Urlaubsgefühle,2026-08-01,2026-08-02,2,1
63743511568732,2026-07-31T11:53:31+00:00,https://www.leckerschmecker.me/vegane-pilzpasta-mit-karamellisierten-walnuessen-teller/63743511568732,"Ein Teller, viele Aromen: vegane Pilzspaghetti mit karamellisierten Walnüssen",2026-08-01,2026-08-02,2,1
63743511559145,2026-07-31T12:13:49+00:00,https://www.leckerschmecker.me/himbeerkuchen-auflauf-dump-cake-a-a/63743511559145,"Fruchtig, knusprig, einfach: Himbeerkuchen-Auflauf à la Dump Cake",2026-08-01,2026-08-02,2,1
63743511387746,2026-07-31T12:33:28+00:00,https://www.leckerschmecker.me/blechkuchen-mit-pfirsich-a-e/63743511387746,Dieser Blechkuchen mit Pfirsichen schmeckt herrlich saftig,2026-08-01,2026-08-02,2,1
63743511514172,2026-07-31T12:39:57+00:00,https://www.leckerschmecker.me/italienische-butter-a-a/63743511514172,Italienische Tomaten-Basilikum-Butter: schmeckt nach Sommer und Mittelmeer,2026-08-01,2026-08-02,2,1
63743511539545,2026-07-31T12:40:57+00:00,https://www.leckerschmecker.me/peperonata-italienisches-schmorgemuese-a-a/63743511539545,"Peperonata: leckere Beilage für Grillen, Lunch oder Abendessen",2026-08-01,2026-08-02,2,1
63743511557542,2026-07-31T12:48:49+00:00,https://www.leckerschmecker.me/tex-mex-zucchini-haehnchenpfanne-a-a/63743511557542,Diese Zucchini-Hähnchenpfanne steht in 30 Minuten auf dem Tisch,2026-08-01,2026-08-01,1,1
63743511327793,2026-07-31T12:49:29+00:00,https://www.leckerschmecker.me/torta-della-nonna-italienischer-puddingkuchen-a-g/63743511327793,Puddingkuchen mit Pinienkernen aus Italien: Backe eine Torta della Nonna,2026-08-01,2026-08-02,2,1
63743511586334,2026-07-31T12:56:03+00:00,https://www.leckerschmecker.me/haehnchen-spinat-tagliatelle-mit-champignons-a-a/63743511586334,Zauber dir dein neues Lieblings-Wohlfühlgericht mit Hähnchen,2026-08-01,2026-08-02,2,1
63743511390121,2026-07-31T12:58:15+00:00,https://www.leckerschmecker.me/erdbeereis-selber-machen-a-b/63743511390121,So machst du Erdbeereis ohne Zucker aus nur 4 Zutaten,2026-08-01,2026-08-02,2,1
63743511526528,2026-07-31T12:59:41+00:00,https://www.leckerschmecker.me/erdbeer-vanille-marmelade-a-a/63743511526528,Dank dieser Erdbeer-Vanille-Marmelade schmeckt Frühstück noch besser,2026-08-01,2026-08-02,2,1
63743511531621,2026-07-31T13:05:14+00:00,https://www.leckerschmecker.me/erdbeer-cheesecake-kastenform-a-a/63743511531621,Erdbeer-Cheesecake aus der Kastenform: sommerliches Kuchenglück,2026-08-01,2026-08-02,2,1
63743511725233,2026-07-31T13:36:39+00:00,https://www.leckerschmecker.me/mini-pizzen-feigen-ziegenkaese-airfryer-genuss/63743511725233,"Kleine Pizzen, großer Airfryer-Genuss mit Feigen, Ziegenkäse und Honig",2026-08-01,2026-08-02,2,2
63743511725066,2026-07-31T13:36:40+00:00,https://www.leckerschmecker.me/melonen-caprese-stiehlt/63743511725066,Da stiehlt doch glatt jemand der Tomate die Show: Melonen-Caprese,2026-08-01,2026-08-02,2,2
63743511725707,2026-07-31T13:36:41+00:00,https://www.leckerschmecker.me/sushi-bowl-lust/63743511725707,Lust auf Sushi? Diese Bowl gelingt im Handumdrehen,2026-08-01,2026-08-02,2,2
63743511547079,2026-07-31T13:39:37+00:00,https://www.leckerschmecker.me/kalte-zucchini-nudeln-mit-erdnuss-sesam-sosse-a-b/63743511547079,Zu heiß für Pasta? Dann mach kalte Zoodles mit Erdnuss-Sesam-Soße,2026-08-01,2026-08-02,2,1
63743511725777,2026-07-31T13:56:00+00:00,https://www.leckerschmecker.me/zitronenkuchen-mit-ganzer-zitrone/63743511725777,"Gibt das Leben dir Zitronen, nimm sie im Ganzen und backe diesen saftigen Kuchen damit",2026-08-01,2026-08-01,1,1
63743511725283,2026-07-31T15:26:00+00:00,https://www.leckerschmecker.me/nudelsalat-mit-mozzarella-und-thunfis/63743511725283,Nudelsalat kann mehr als nur Mayo: etwa Thunfisch und Mozzarella,2026-08-01,2026-08-02,2,1
63743511724577,2026-07-31T16:01:47+00:00,https://www.leckerschmecker.me/aprikosen-pistazien-schnitten-kuchen/63743511724577,Aprikosen-Pistazien-Schnitten: der kleine Kuchen für sonnige Nachmittage,2026-08-01,2026-08-02,2,2
63743511726122,2026-07-31T16:41:00+00:00,https://www.leckerschmecker.me/texanische-grillspiesse-mit-tofu/63743511726122,Grillen wie in Texas: Rezept für herzhafte Grillspieße mit Tofu,2026-08-01,2026-08-01,1,1
63743511725156,2026-07-31T18:32:00+00:00,https://www.leckerschmecker.me/limonana-libanesische-minz-limonade/63743511725156,"Libanesische Limonana: der erfrischendste Sommer-Drink, den du probiert hast",2026-08-01,2026-08-01,1,1
63743511380416,2026-07-31T19:49:55+00:00,https://www.leckerschmecker.me/zucchini-pommes-a-o/63743511380416,Knusprig: Zucchini-Pommes aus dem Ofen,2026-08-01,2026-08-02,2,1
63743511724619,2026-08-01T03:59:41+00:00,https://www.leckerschmecker.me/erdbeer-french-toast-rollen-knusprig/63743511724619,"Cremig, knusprig, fruchtig-süß: Diese kleinen Röllchen sind ein herrliches Frühstück",2026-08-01,2026-08-03,3,3
63743511724831,2026-08-01T03:59:42+00:00,https://www.leckerschmecker.me/spaetzle-mit-pfifferling-champignon-rahmsosse-pfiffig/63743511724831,Ganz schön pfiffig: cremige Pfifferling-Spätzle für deinen Lunch,2026-08-01,2026-08-03,3,3
63743511723442,2026-08-01T03:59:43+00:00,https://www.leckerschmecker.me/blaubeer-skyr-overnight-oats-blaubeeren/63743511723442,Beerenglück in Becherform: Overnight Oats mit Blaubeeren und Skyr,2026-08-01,2026-08-03,3,4
63743511724414,2026-08-01T03:59:43+00:00,https://www.leckerschmecker.me/blaubeer-scones-me/63743511724414,Berry me happy: Diese Blaubeer-Scones machen gute Laune,2026-08-01,2026-08-03,3,3
63743511724579,2026-08-01T03:59:44+00:00,https://www.leckerschmecker.me/vegane-moussaka-comfort/63743511724579,Vegane Moussaka mit Linsen ist Comfort Food ohne Fleisch,2026-08-01,2026-08-03,3,2
63743511725736,2026-08-01T05:04:00+00:00,https://www.leckerschmecker.me/pumpernickel-selbst-machen/63743511725736,Brotklassiker zu Hause nachbacken: besser als in jeder Backstube,2026-08-01,2026-08-01,1,1
63743511725453,2026-08-01T05:37:41+00:00,https://www.leckerschmecker.me/pfirsich-mais-gazpacho-heissen/63743511725453,An heißen Tagen kühlt diese Suppe ab und macht satt,2026-08-01,2026-08-03,3,1
63743511725122,2026-08-01T05:37:42+00:00,https://www.leckerschmecker.me/matcha-mango-joghurt-bites-coolste/63743511725122,Der coolste Sommer-Snack: Matcha-Mango-Joghurt-Bites,2026-08-01,2026-08-03,3,1
63743511723687,2026-08-01T05:37:43+00:00,https://www.leckerschmecker.me/sommergetraenke-ohne-alkohol-alkoholfreie/63743511723687,Sommergetränke ohne Alkohol: Warum alkoholfreie Aperitifs und Spritz-Drinks gerade alle begeistern,2026-08-01,2026-08-03,3,1
63743511725271,2026-08-01T05:37:44+00:00,https://www.leckerschmecker.me/schoko-himbeer-smoothiebowl-cremig/63743511725271,"Cremig, frisch, fruchtig und süß: so willst du jeden Tag frühstücken",2026-08-01,2026-08-03,3,2
63743511725081,2026-08-01T05:37:45+00:00,https://www.leckerschmecker.me/zimtbutter-toast-perfekt/63743511725081,Zimtbutter-Toast: Hier kommt alles perfekt zusammen,2026-08-01,2026-08-03,3,2
63743511726326,2026-08-01T06:04:40+00:00,https://www.leckerschmecker.me/blaubeer-zitronen-sauerteigbrot-ungewoehnlich/63743511726326,Ungewöhnlich gut: Backe dir ein Blaubeer-Zitronen-Sauerteigbrot,2026-08-01,2026-08-01,1,1
63743511726028,2026-08-01T06:04:43+00:00,https://www.leckerschmecker.me/hirsecreme-mit-marinierten-heidelbeeren-cremiges/63743511726028,Cremiges Frühstück mit Heidelbeeren: Dieses Hirse-Rezept schmeckt wie ein leckeres Dessert,2026-08-01,2026-08-03,3,1
63743511726013,2026-08-01T06:04:45+00:00,https://www.leckerschmecker.me/veganes-buchweizenrisotto-cremig/63743511726013,Veganes Buchweizenrisotto: So cremig und aromatisch gelingt es dir garantiert,2026-08-01,2026-08-03,3,1
63743511725187,2026-08-01T06:31:00+00:00,https://www.leckerschmecker.me/erdbeer-skyr-skake/63743511725187,Früchstück in Shakeform: perfekt für heiße Tage,2026-08-01,2026-08-01,1,1
63743511724156,2026-08-01T06:39:31+00:00,https://www.leckerschmecker.me/caprese-quiche-sommer/63743511724156,Diese Quiche fängt den Sommer perfekt ein,2026-08-01,2026-08-03,3,3
63743511721808,2026-08-01T06:39:33+00:00,https://www.leckerschmecker.me/blaubeer-zitronenlimonade-abkuehlung/63743511721808,Fruchtig-frische Abkühlung mit einer beerigen Blaubeer-Zitronenlimonade,2026-08-01,2026-08-03,3,4
63743511724262,2026-08-01T07:33:40+00:00,https://www.leckerschmecker.me/pfirsichtorte-kennst/63743511724262,Pfirsichtorte: Sommergenuss mit jedem Stück,2026-08-01,2026-08-03,3,3
63743511560055,2026-08-01T07:33:41+00:00,https://www.leckerschmecker.me/zucchini-kaesebrot-a-a-naechsten/63743511560055,Dieses Zucchini-Käsebrot darf beim nächsten Grillen nicht fehlen,2026-08-01,2026-08-03,3,2
63743511725243,2026-08-01T08:14:00+00:00,https://www.leckerschmecker.me/pfirsich-frozen-joghurt/63743511725243,Lust auf Sommer? Mach Pfirsich-FroYo,2026-08-01,2026-08-01,1,1
63743511381060,2026-08-01T08:15:33+00:00,https://www.leckerschmecker.me/spaghetti-mit-burrata-und-gegrillten-tomaten-a-b-ergebnis/63743511381060,"Spaghetti mit Burrata und gegrillten Tomaten: kleiner Aufwand, großes Ergebnis",2026-08-01,2026-08-03,3,3
63743511725159,2026-08-01T08:58:30+00:00,https://www.leckerschmecker.me/veganer-brombeer-mohn-streuselkuchen-kaffee/63743511725159,"Sonnenschein, Kaffee und diesen Streuselkuchen: Mehr braucht es nicht",2026-08-01,2026-08-03,3,3
63743511725175,2026-08-01T09:21:00+00:00,https://www.leckerschmecker.me/bananen-kokos-eis/63743511725175,Bananen-Kokos-Eis aus nur 3 Zutaten und ohne Eismaschine,2026-08-01,2026-08-01,1,1
63743511725659,2026-08-01T10:13:00+00:00,https://www.leckerschmecker.me/vegane-pupusas/63743511725659,"Knusprig, würzig gefüllt, kinderleicht gemacht: Diese veganen Teigtaschen lieben wir",2026-08-01,2026-08-01,1,1
63743511723243,2026-08-01T11:30:27+00:00,https://www.leckerschmecker.me/maultaschen-zucchini-pfanne-fusion/63743511723243,Maultaschen-Zucchini-Pfanne: schwäbisch-mediterrane Fusion-Küche,2026-08-01,2026-08-03,3,4
63743511725386,2026-08-01T11:34:00+00:00,https://www.leckerschmecker.me/zucchini-pfifferling-spaghetti/63743511725386,Zucchini-Pfifferling-Spaghetti: Dein neues Lieblingsrezept?,2026-08-01,2026-08-02,2,1
63743511725156,2026-08-01T13:33:30+00:00,https://www.leckerschmecker.me/limonana-libanesische-minz-limonade-erfrischendste/63743511725156,"Libanesische Limonana: der erfrischendste Sommer-Drink, den du probiert hast",2026-08-01,2026-08-03,3,2
63743511725777,2026-08-01T13:33:32+00:00,https://www.leckerschmecker.me/zitronenkuchen-mit-ganzer-zitrone-leben/63743511725777,"Gibt das Leben dir Zitronen, nimm sie im Ganzen und backe diesen saftigen Kuchen damit",2026-08-01,2026-08-03,3,2
63743511726122,2026-08-01T13:33:32+00:00,https://www.leckerschmecker.me/texanische-grillspiesse-mit-tofu-grillen/63743511726122,Grillen wie in Texas: Rezept für herzhafte Grillspieße mit Tofu,2026-08-01,2026-08-03,3,2
63743511725653,2026-08-01T13:54:00+00:00,https://www.leckerschmecker.me/vegane-schokoladentarte-mit-feigen/63743511725653,So gut schmeckt ein veganer Kuchen: schokoladige Tarte mit fruchtigen Feigen,2026-08-01,2026-08-02,2,1
63743511551304,2026-08-01T14:09:36+00:00,https://www.leckerschmecker.me/nudeln-in-zucchini-feta-sosse-a-a-leichte-sommerkueche/63743511551304,Nudeln in Zucchini-Feta-Soße: leichte Sommerküche,2026-08-01,2026-08-03,3,7
63743511542376,2026-08-01T14:09:37+00:00,https://www.leckerschmecker.me/pfirsich-quark-kuchen-vom-blech-a-a-nachmittagen/63743511542376,"Saftig, unkompliziert, beliebt: dieser Blechkuchen mit Quark und Pfirsichen funktioniert immer",2026-08-01,2026-08-03,3,6
63743511576077,2026-08-01T14:09:39+00:00,https://www.leckerschmecker.me/lachs-in-zitronen-knoblauch-sosse-a-b-star/63743511576077,Dieses Lachsgericht ist der Star deines Feierabends,2026-08-01,2026-08-03,3,3
63743511725700,2026-08-01T15:23:00+00:00,https://www.leckerschmecker.me/geroesteter-zucchinisalat/63743511725700,Nach diesem Rezept werden dich alle fragen,2026-08-01,2026-08-02,2,1
63743511723310,2026-08-01T15:37:41+00:00,https://www.leckerschmecker.me/curry-zucchini-vom-grill-feiner/63743511723310,Curry-Zucchini vom Grill: aromatischer Grillgenuss mit feiner Würze,2026-08-01,2026-08-03,3,3
63743511725876,2026-08-01T16:31:00+00:00,https://www.leckerschmecker.me/marzipan-franzbroetchen-aus-dem-airfryer/63743511725876,"Schneller backen, schneller naschen: Marzipan-Franzbrötchen aus der Heißluftfritteuse",2026-08-02,2026-08-02,1,1
63743511723179,2026-08-02T04:14:43+00:00,https://www.leckerschmecker.me/zucchini-schinken-strudel-blaetterteig/63743511723179,Zucchini-Schinken-Strudel: knuspriges Ofengericht,2026-08-02,2026-08-03,2,4
63743511724657,2026-08-02T04:14:44+00:00,https://www.leckerschmecker.me/haehnchen-zucchini-auflauf-deftig/63743511724657,"Deftig, bunt und einfach gut: ein Auflauf, den du jeden Tag genießen möchtest",2026-08-02,2026-08-03,2,2
63743511721255,2026-08-02T04:14:45+00:00,https://www.leckerschmecker.me/zucchini-schinken-roellchen-zaehlt/63743511721255,Knusprige Zucchini-Schinken-Röllchen aus dem Ofen: So lecker kann einfach sein,2026-08-02,2026-08-03,2,6
63743511725171,2026-08-02T04:14:45+00:00,https://www.leckerschmecker.me/italienischer-schichtsalat-mit-spaghetti-sommer/63743511725171,Dieser Spaghetti-Schichtsalat schmeckt nach Sommer und ist schnell gemacht,2026-08-02,2026-08-03,2,2
63743511724682,2026-08-02T04:14:46+00:00,https://www.leckerschmecker.me/airfryer-hasselback-zucchini-wuerzig/63743511724682,"Schnell, würzig, genial: Airfryer-Hasselback-Zucchini mit Schinken-Käse-Füllung",2026-08-02,2026-08-03,2,2
63743511726027,2026-08-02T05:02:00+00:00,https://www.leckerschmecker.me/veganes-carrot-cake-porridge/63743511726027,Dieses Porridge sorgt für einen gemütlichen Start in den Tag,2026-08-02,2026-08-03,2,1
63743511725659,2026-08-02T05:37:42+00:00,https://www.leckerschmecker.me/vegane-pupusas-knusprig/63743511725659,"Knusprig, würzig gefüllt, kinderleicht gemacht: Diese veganen Teigtaschen lieben wir",2026-08-02,2026-08-03,2,2
63743511725175,2026-08-02T05:37:43+00:00,https://www.leckerschmecker.me/bananen-kokos-eis-zutaten/63743511725175,Bananen-Kokos-Eis aus nur 3 Zutaten und ohne Eismaschine,2026-08-02,2026-08-03,2,2
63743511725243,2026-08-02T05:37:43+00:00,https://www.leckerschmecker.me/pfirsich-frozen-joghurt-lust/63743511725243,Lust auf Sommer? Mach Pfirsich-FroYo,2026-08-02,2026-08-03,2,2
63743511725187,2026-08-02T05:37:44+00:00,https://www.leckerschmecker.me/erdbeer-skyr-skake-fruechstueck/63743511725187,Früchstück in Shakeform: perfekt für heiße Tage,2026-08-02,2026-08-03,2,2
63743511725736,2026-08-02T05:37:45+00:00,https://www.leckerschmecker.me/pumpernickel-selbst-machen-brotklassiker/63743511725736,Brotklassiker zu Hause nachbacken: besser als in jeder Backstube,2026-08-02,2026-08-03,2,2
63743511396910,2026-08-02T06:17:51+00:00,https://www.leckerschmecker.me/zitronenlimonade-a-c/63743511396910,So erfrischend schmeckt selbst gemachte Zitronenlimonade an heißen Tagen,2026-08-02,2026-08-03,2,1
63743511404228,2026-08-02T06:23:40+00:00,https://www.leckerschmecker.me/zucchini-tomaten-omelett-a-k/63743511404228,Ein Zucchini-Tomaten-Omelett bringt Genuss auf den Frühstückstisch,2026-08-02,2026-08-03,2,1
63743511726326,2026-08-02T06:56:33+00:00,https://www.leckerschmecker.me/blaubeer-zitronen-sauerteigbrot-backe/63743511726326,Ungewöhnlich gut: Backe dir ein Blaubeer-Zitronen-Sauerteigbrot,2026-08-02,2026-08-03,2,2
63743511557542,2026-08-02T06:56:34+00:00,https://www.leckerschmecker.me/tex-mex-zucchini-haehnchenpfanne-a-a-schmackhafte/63743511557542,Diese Zucchini-Hähnchenpfanne steht in 30 Minuten auf dem Tisch,2026-08-02,2026-08-03,2,2
63743511724171,2026-08-02T07:19:34+00:00,https://www.leckerschmecker.me/blaubeer-spritz-fruchtig/63743511724171,Spritz ohne Aperol: So fruchtig schmeckt diese Sommer-Version,2026-08-02,2026-08-03,2,3
63743511567713,2026-08-02T08:04:34+00:00,https://www.leckerschmecker.me/sommerlimonaden-a-a-sommerfrische/63743511567713,Sommerlimonaden: 7 Rezepte für sonnige Tage,2026-08-02,2026-08-03,2,2
63743511552850,2026-08-02T08:04:35+00:00,https://www.leckerschmecker.me/zucchini-feta-omelett-a-b-perfekte/63743511552850,Zucchini und Ei sind eine perfekte Kombi! Hier ist der Beweis dafür,2026-08-02,2026-08-03,2,2
63743511725442,2026-08-02T08:17:00+00:00,https://www.leckerschmecker.me/griechischer-joghurt-eis-mit-honig-walnuessen/63743511725442,Cremige Eiszeit auf griechische Art: mit Honig und karamellisierten Nüssen,2026-08-02,2026-08-03,2,1
63743511390054,2026-08-02T08:29:23+00:00,https://www.leckerschmecker.me/pfirsich-flammkuchen-mit-ziegenkaese-a-c/63743511390054,Pfirsich-Flammkuchen mit Ziegenkäse: Lieblingsgericht für den Sommer,2026-08-02,2026-08-04,3,1
63743511725780,2026-08-02T10:08:00+00:00,https://www.leckerschmecker.me/fergese-tirane-albanischer-paprika-kaese-auflauf/63743511725780,Schon mal albanisch gekocht? Probiere diesen Auflauf mit Paprika und Käse,2026-08-02,2026-08-03,2,1
63743511726039,2026-08-02T11:22:00+00:00,https://www.leckerschmecker.me/parmesan-pfifferlinge-aus-dem-airfryer/63743511726039,Parmesan-Pilztraum: So veredelst du Pfifferlinge gekonnt,2026-08-02,2026-08-03,2,1
63743511725876,2026-08-02T13:25:31+00:00,https://www.leckerschmecker.me/marzipan-franzbroetchen-aus-dem-airfryer-schneller/63743511725876,"Schneller backen, schneller naschen: Marzipan-Franzbrötchen aus der Heißluftfritteuse",2026-08-02,2026-08-04,3,2
63743511725700,2026-08-02T13:25:32+00:00,https://www.leckerschmecker.me/geroesteter-zucchinisalat-rezept/63743511725700,Nach diesem Rezept werden dich alle fragen,2026-08-02,2026-08-04,3,2
63743511725653,2026-08-02T13:25:33+00:00,https://www.leckerschmecker.me/vegane-schokoladentarte-mit-feigen-schmeckt/63743511725653,So gut schmeckt ein veganer Kuchen: schokoladige Tarte mit fruchtigen Feigen,2026-08-02,2026-08-04,3,2
63743511725800,2026-08-02T13:56:00+00:00,https://www.leckerschmecker.me/blaubeer-pudding-tarte/63743511725800,Eine Tarte wie ein lauer Sommertag: am besten mit Pudding und Blaubeeren,2026-08-02,2026-08-03,2,1
63743511567025,2026-08-02T14:05:38+00:00,https://www.leckerschmecker.me/gefuellte-frikadellen-vom-grill-a-a-perfekte/63743511567025,Der Star auf dem Rost: gefüllte Frikadellen vom Grill,2026-08-02,2026-08-04,3,2
63743511725283,2026-08-02T14:05:38+00:00,https://www.leckerschmecker.me/nudelsalat-mit-mozzarella-und-thunfis-mayo/63743511725283,Nudelsalat kann mehr als nur Mayo: etwa Thunfisch und Mozzarella,2026-08-02,2026-08-03,2,2
63743511725141,2026-08-02T14:05:39+00:00,https://www.leckerschmecker.me/pilz-paprikasch-pilze/63743511725141,Würzige Pilze in cremiger Paprikasoße: So schmeckt Ungarn,2026-08-02,2026-08-04,3,3
63743511699905,2026-08-02T14:05:40+00:00,https://www.leckerschmecker.me/pizza-chips-a-a-geniale/63743511699905,Pizza mal anders: Die knusprigen Ofen-Chips sind schneller weg als gebacken,2026-08-02,2026-08-04,3,3
63743511725733,2026-08-02T15:21:00+00:00,https://www.leckerschmecker.me/plankenlachs-vom-grill/63743511725733,Dieses Plankenlachs-Rezept vom Grill sorgt garantiert für Begeisterung,2026-08-02,2026-08-04,3,1
63743511557308,2026-08-02T15:45:59+00:00,https://www.leckerschmecker.me/schmorgurken-hackfleisch-pfanne-a-c/63743511557308,Küchenklassiker: Schmorgurken-Hackfleisch-Pfanne und Kartoffeln,2026-08-02,2026-08-04,3,1
63743511725386,2026-08-02T16:10:37+00:00,https://www.leckerschmecker.me/zucchini-pfifferling-spaghetti-neues/63743511725386,Zucchini-Pfifferling-Spaghetti: Dein neues Lieblingsrezept?,2026-08-03,2026-08-04,2,2
63743511714263,2026-08-02T16:24:00+00:00,https://www.leckerschmecker.me/airfryer-reinigen/63743511714263,Airfryer reinigen leicht gemacht: Was wirklich hilft – und was du besser bleiben lässt,2026-08-03,2026-08-04,2,1
63743511725441,2026-08-02T18:34:00+00:00,https://www.leckerschmecker.me/bier-bowle-mit-himbeeren/63743511725441,In 10 Minuten fertig: Diese Bier-Bowle mit Himbeeren schmeckt nach Sommer pur,2026-08-03,2026-08-04,2,1
63743511724156,2026-08-03T04:11:33+00:00,https://www.leckerschmecker.me/caprese-quiche-perfekt/63743511724156,Diese Quiche fängt den Sommer perfekt ein,2026-08-03,2026-08-04,2,4
63743511726013,2026-08-03T04:11:34+00:00,https://www.leckerschmecker.me/veganes-buchweizenrisotto-aromatisch/63743511726013,Veganes Buchweizenrisotto: So cremig und aromatisch gelingt es dir garantiert,2026-08-03,2026-08-04,2,2
63743511723442,2026-08-03T04:11:35+00:00,https://www.leckerschmecker.me/blaubeer-skyr-overnight-oats-leuchtet/63743511723442,Beerenglück in Becherform: Overnight Oats mit Blaubeeren und Skyr,2026-08-03,2026-08-04,2,5
63743511725081,2026-08-03T04:11:35+00:00,https://www.leckerschmecker.me/zimtbutter-toast-butter/63743511725081,Zimtbutter-Toast: Hier kommt alles perfekt zusammen,2026-08-03,2026-08-04,2,3
63743511724414,2026-08-03T04:11:36+00:00,https://www.leckerschmecker.me/blaubeer-scones-happy/63743511724414,Berry me happy: Diese Blaubeer-Scones machen gute Laune,2026-08-03,2026-08-04,2,4
63743511726027,2026-08-03T05:20:41+00:00,https://www.leckerschmecker.me/veganes-carrot-cake-porridge-sorgt/63743511726027,Dieses Porridge sorgt für einen gemütlichen Start in den Tag,2026-08-03,2026-08-04,2,2
63743511726075,2026-08-03T05:49:00+00:00,https://www.leckerschmecker.me/kokos-cashew-kaffee-smoothie/63743511726075,Power-Smoothie mit Proteinkick: So kann der Tag starten,2026-08-03,2026-08-03,1,1
63743511548985,2026-08-03T06:28:32+00:00,https://www.leckerschmecker.me/zucchini-alla-scapece-italienische-zucchini-mit-minze-a-b/63743511548985,Zucchini wie in Italien: Klassiker mit Minze und Essig,2026-08-03,2026-08-04,2,1
63743511570957,2026-08-03T06:29:31+00:00,https://www.leckerschmecker.me/gegrillte-garnelen-mit-limette-a-b/63743511570957,Gegrillte Garnelen? Besonders köstlich mit diesem Rezept,2026-08-03,2026-08-04,2,1
63743511726532,2026-08-03T06:33:00+00:00,https://www.leckerschmecker.me/mais-pancakes/63743511726532,Mais-Pancakes sind die herzhafte Frühstücksidee mit Sommergefühl,2026-08-03,2026-08-03,1,1
63743511726039,2026-08-03T06:47:35+00:00,https://www.leckerschmecker.me/parmesan-pfifferlinge-aus-dem-airfryer-pilztraum/63743511726039,Parmesan-Pilztraum: So veredelst du Pfifferlinge gekonnt,2026-08-03,2026-08-04,2,2
63743511725780,2026-08-03T06:47:36+00:00,https://www.leckerschmecker.me/fergese-tirane-albanischer-paprika-kaese-auflauf-albanisch/63743511725780,Schon mal albanisch gekocht? Probiere diesen Auflauf mit Paprika und Käse,2026-08-03,2026-08-04,2,2
63743511717080,2026-08-03T07:29:59+00:00,https://www.leckerschmecker.me/aperol-pasta-a-b/63743511717080,Aperol-Pasta: An diesem Sommer-Trend kommt niemand vorbei,2026-08-03,2026-08-04,2,1
63743511724262,2026-08-03T07:35:35+00:00,https://www.leckerschmecker.me/pfirsichtorte-moment/63743511724262,Pfirsichtorte: Sommergenuss mit jedem Stück,2026-08-03,2026-08-04,2,4
63743511726083,2026-08-03T08:14:00+00:00,https://www.leckerschmecker.me/erdbeer-vanille-eiskonfekt/63743511726083,So leicht lassen sich cremig-kühle Schätze zaubern,2026-08-03,2026-08-03,1,1
63743511725442,2026-08-03T08:49:34+00:00,https://www.leckerschmecker.me/griechischer-joghurt-eis-mit-honig-walnuessen-cremige/63743511725442,Cremige Eiszeit auf griechische Art: mit Honig und karamellisierten Nüssen,2026-08-03,2026-08-04,2,2
63743511551371,2026-08-03T09:21:30+00:00,https://www.leckerschmecker.me/zucchini-wuerstchen-auflauf-a-b/63743511551371,Mehr als nur eine Notlösung: Zucchini-Würstchen-Auflauf,2026-08-03,2026-08-04,2,1
63743511560845,2026-08-03T09:22:19+00:00,https://www.leckerschmecker.me/ratatouille-kartoffel-auflauf-a-b/63743511560845,Französischer Klassiker trifft auf deutsche Küche: Ratatouille-Kartoffel-Auflauf,2026-08-03,2026-08-05,3,1
63743511726091,2026-08-03T09:31:00+00:00,https://www.leckerschmecker.me/kirsch-tomaten-bruschetta/63743511726091,Bei dieser Bruschetta-Variante erblassen sogar Italienerinnen,2026-08-03,2026-08-03,1,1
63743511419808,2026-08-03T09:55:02+00:00,https://www.leckerschmecker.me/nudeln-mit-feta-und-zitrone-a-e/63743511419808,Blitzschnelle Nudelküche für zwischendurch: Nudeln mit Feta und Zitrone,2026-08-03,2026-08-05,3,1
63743511726165,2026-08-03T10:13:00+00:00,https://www.leckerschmecker.me/griechischer-zucchinisalat/63743511726165,In diesem aromatischen Salat übernimmt Zucchini die Hauptrolle,2026-08-03,2026-08-05,3,1
63743511725156,2026-08-03T10:57:35+00:00,https://www.leckerschmecker.me/limonana-libanesische-minz-limonade-sommer/63743511725156,"Libanesische Limonana: der erfrischendste Sommer-Drink, den du probiert hast",2026-08-03,2026-08-05,3,3
63743511724831,2026-08-03T10:57:37+00:00,https://www.leckerschmecker.me/spaetzle-mit-pfifferling-champignon-rahmsosse-cremige/63743511724831,Ganz schön pfiffig: cremige Pfifferling-Spätzle für deinen Lunch,2026-08-03,2026-08-05,3,4
63743511726251,2026-08-03T11:21:00+00:00,https://www.leckerschmecker.me/knusprige-sommerrollen-aus-dem-airfryer/63743511726251,"Knusprige Sommerrollen aus dem Airfryer: Weniger Öl, mehr Crunch",2026-08-04,2026-08-04,1,1
63743511560055,2026-08-03T11:36:36+00:00,https://www.leckerschmecker.me/zucchini-kaesebrot-a-a-grillen/63743511560055,Dieses Zucchini-Käsebrot darf beim nächsten Grillen nicht fehlen,2026-08-04,2026-08-05,2,3
63743511724579,2026-08-03T11:36:37+00:00,https://www.leckerschmecker.me/vegane-moussaka-food/63743511724579,Vegane Moussaka mit Linsen ist Comfort Food ohne Fleisch,2026-08-04,2026-08-05,2,3
63743511444719,2026-08-03T11:51:07+00:00,https://www.leckerschmecker.me/spaetzle-pfifferling-pfanne-a-d/63743511444719,Spätzle-Pfifferling-Pfanne: schnelles und unkompliziertes Gericht,2026-08-04,2026-08-05,2,1
63743511420312,2026-08-03T12:11:46+00:00,https://www.leckerschmecker.me/gefuellte-paprika-mit-feta-a-m/63743511420312,Vegetarische Ofenliebe: gefüllte Paprikaschoten mit Feta,2026-08-04,2026-08-05,2,1
63743511410818,2026-08-03T12:14:11+00:00,https://www.leckerschmecker.me/zucchini-ketchup-a-g/63743511410818,Zucchini-Ketchup: dein Highlight im Sommer,2026-08-04,2026-08-05,2,1
63743511406918,2026-08-03T12:20:02+00:00,https://www.leckerschmecker.me/zitronen-pasta-mit-zucchini-und-minze-a-d/63743511406918,Leckere Sommerküche: Zitronen-Pasta mit Zucchini und Minze,2026-08-04,2026-08-05,2,1
63743511725243,2026-08-03T12:58:36+00:00,https://www.leckerschmecker.me/pfirsich-frozen-joghurt-sommer/63743511725243,Lust auf Sommer? Mach Pfirsich-FroYo,2026-08-04,2026-08-05,2,3
63743511576077,2026-08-03T12:58:37+00:00,https://www.leckerschmecker.me/lachs-in-zitronen-knoblauch-sosse-a-b-feierabends/63743511576077,Dieses Lachsgericht ist der Star deines Feierabends,2026-08-04,2026-08-05,2,4
63743511725800,2026-08-03T13:21:37+00:00,https://www.leckerschmecker.me/blaubeer-pudding-tarte-lauer/63743511725800,Eine Tarte wie ein lauer Sommertag: am besten mit Pudding und Blaubeeren,2026-08-04,2026-08-05,2,2
63743511726595,2026-08-03T13:54:00+00:00,https://www.leckerschmecker.me/lavendel-zitronen-kuchen/63743511726595,Lavendel-Zitronen-Kuchen: schmeckt nach Urlaub im Süden,2026-08-04,2026-08-04,1,1
63743511542376,2026-08-03T14:14:45+00:00,https://www.leckerschmecker.me/pfirsich-quark-kuchen-vom-blech-a-a-lieben/63743511542376,"Saftig, unkompliziert, beliebt: dieser Blechkuchen mit Quark und Pfirsichen funktioniert immer",2026-08-04,2026-08-05,2,7
63743511726040,2026-08-03T15:23:00+00:00,https://www.leckerschmecker.me/johannisbeer-barbecuesosse/63743511726040,Diese Barbecuesoße besteht aus einer ungewöhnlichen Zutat,2026-08-04,2026-08-04,1,1
63743511725640,2026-08-03T16:23:00+00:00,https://www.leckerschmecker.me/warenkunde-pflaumen/63743511725640,Warenkunde Pflaumen: Star des Spätsommers,2026-08-04,2026-08-04,1,1
63743511723243,2026-08-03T18:00:39+00:00,https://www.leckerschmecker.me/maultaschen-zucchini-pfanne-kueche/63743511723243,Maultaschen-Zucchini-Pfanne: schwäbisch-mediterrane Fusion-Küche,2026-08-04,2026-08-05,2,5
63743511726231,2026-08-03T18:32:00+00:00,https://www.leckerschmecker.me/alkoholfreier-sex-on-the-beach/63743511726231,"Mehr Beach, weniger Booze: alkoholfreier Cocktail-Klassiker",2026-08-04,2026-08-04,1,1
63743511557542,2026-08-04T04:16:40+00:00,https://www.leckerschmecker.me/tex-mex-zucchini-haehnchenpfanne-a-a-minuten/63743511557542,Diese Zucchini-Hähnchenpfanne steht in 30 Minuten auf dem Tisch,2026-08-04,2026-08-05,2,3
63743511721255,2026-08-04T04:16:41+00:00,https://www.leckerschmecker.me/zucchini-schinken-roellchen-unbedingt/63743511721255,Knusprige Zucchini-Schinken-Röllchen aus dem Ofen: So lecker kann einfach sein,2026-08-04,2026-08-05,2,7
63743511723179,2026-08-04T04:16:42+00:00,https://www.leckerschmecker.me/zucchini-schinken-strudel-einwickeln/63743511723179,Zucchini-Schinken-Strudel: knuspriges Ofengericht,2026-08-04,2026-08-05,2,5
63743511724657,2026-08-04T04:16:43+00:00,https://www.leckerschmecker.me/haehnchen-zucchini-auflauf-bunt/63743511724657,"Deftig, bunt und einfach gut: ein Auflauf, den du jeden Tag genießen möchtest",2026-08-04,2026-08-05,2,3
63743511724682,2026-08-04T04:16:44+00:00,https://www.leckerschmecker.me/airfryer-hasselback-zucchini-genial/63743511724682,"Schnell, würzig, genial: Airfryer-Hasselback-Zucchini mit Schinken-Käse-Füllung",2026-08-04,2026-08-05,2,3
63743511726791,2026-08-04T05:03:00+00:00,https://www.leckerschmecker.me/iced-lavendel-honig-latte/63743511726791,Iced-Lavendel-Honig-Latte: Sommerdrink mit feiner Blütennote,2026-08-04,2026-08-05,2,1
63743511415696,2026-08-04T05:05:11+00:00,https://www.leckerschmecker.me/gurkenlimonade-a-f/63743511415696,Gurkenlimonade Agua Fresca: So gelingt die grüne Erfrischung,2026-08-04,2026-08-05,2,1
63743511726091,2026-08-04T05:22:39+00:00,https://www.leckerschmecker.me/kirsch-tomaten-bruschetta-variante/63743511726091,Bei dieser Bruschetta-Variante erblassen sogar Italienerinnen,2026-08-04,2026-08-05,2,2
63743511726814,2026-08-04T05:22:40+00:00,https://www.leckerschmecker.me/couscous-bowl-mit-tofu-schnelles/63743511726814,Couscous-Bowl mit Tofu: schnelles Rezept für jeden Tag,2026-08-04,2026-08-05,2,1
63743511726532,2026-08-04T05:22:41+00:00,https://www.leckerschmecker.me/mais-pancakes-herzhafte/63743511726532,Mais-Pancakes sind die herzhafte Frühstücksidee mit Sommergefühl,2026-08-04,2026-08-05,2,2
63743511726075,2026-08-04T05:22:42+00:00,https://www.leckerschmecker.me/kokos-cashew-kaffee-smoothie-power/63743511726075,Power-Smoothie mit Proteinkick: So kann der Tag starten,2026-08-04,2026-08-05,2,2
63743511403595,2026-08-04T05:26:19+00:00,https://www.leckerschmecker.me/zucchini-ricotta-roellchen-in-tomatensosse-a-e/63743511403595,Zucchini-Ricotta-Röllchen in Tomatensoße: mediterrane Sommerküche,2026-08-04,2026-08-05,2,1
63743511573397,2026-08-04T05:27:12+00:00,https://www.leckerschmecker.me/nudelpfanne-mit-champignons-und-zucchini-a-c/63743511573397,Nudelpfanne mit Champignons und Zucchini: fertig in nur 30 Minuten,2026-08-04,2026-08-05,2,1
63743511562227,2026-08-04T05:41:08+00:00,https://www.leckerschmecker.me/airfryer-zubehoer-a-b/63743511562227,Welches Zubehör du unbedingt für deinen Airfryer brauchst,2026-08-04,2026-08-05,2,1
63743511726744,2026-08-04T06:37:00+00:00,https://www.leckerschmecker.me/feigen-honig-kompott/63743511726744,Ein Kompott für die Götter: mit Feigen und Honig,2026-08-04,2026-08-04,1,1
63743511725283,2026-08-04T06:42:32+00:00,https://www.leckerschmecker.me/nudelsalat-mit-mozzarella-und-thunfis-thunfisch/63743511725283,Nudelsalat kann mehr als nur Mayo: etwa Thunfisch und Mozzarella,2026-08-04,2026-08-05,2,3
63743511726083,2026-08-04T06:42:32+00:00,https://www.leckerschmecker.me/erdbeer-vanille-eiskonfekt-lassen/63743511726083,So leicht lassen sich cremig-kühle Schätze zaubern,2026-08-04,2026-08-05,2,2
63743511552850,2026-08-04T07:19:39+00:00,https://www.leckerschmecker.me/zucchini-feta-omelett-a-b-kombi/63743511552850,Zucchini und Ei sind eine perfekte Kombi! Hier ist der Beweis dafür,2026-08-04,2026-08-05,2,3
63743511567713,2026-08-04T07:19:39+00:00,https://www.leckerschmecker.me/sommerlimonaden-a-a-pur/63743511567713,Sommerlimonaden: 7 Rezepte für sonnige Tage,2026-08-04,2026-08-05,2,3
63743511726352,2026-08-04T08:13:00+00:00,https://www.leckerschmecker.me/wassermelonen-beeren-eis-am-stiel/63743511726352,Sti(e)lvoll abgekühlt: Wassermelonen-Beeren-Eis für heiße Tage,2026-08-04,2026-08-06,3,1
63743511726251,2026-08-04T08:52:36+00:00,https://www.leckerschmecker.me/knusprige-sommerrollen-aus-dem-airfryer-crunch/63743511726251,"Knusprige Sommerrollen aus dem Airfryer: Weniger Öl, mehr Crunch",2026-08-04,2026-08-05,2,2
63743511551371,2026-08-04T08:52:37+00:00,https://www.leckerschmecker.me/zucchini-wuerstchen-auflauf-a-b-notloesung/63743511551371,Mehr als nur eine Notlösung: Zucchini-Würstchen-Auflauf,2026-08-04,2026-08-05,2,2
63743511381210,2026-08-04T09:00:13+00:00,https://www.leckerschmecker.me/gebackener-feta-mit-oliven-a-k/63743511381210,Gebackener Feta mit Oliven: Dieses mediterrane Ofengericht schmeckt nach Urlaub,2026-08-04,2026-08-06,3,1
63743511726534,2026-08-04T09:31:00+00:00,https://www.leckerschmecker.me/reissalat-mit-pflaumen/63743511726534,Süßer Reissalat mit Pflaumen: Dieses Dessert schmeckt nach Spätsommer,2026-08-04,2026-08-04,1,1
63743511727053,2026-08-04T11:22:00+00:00,https://www.leckerschmecker.me/kaesecracker-aus-dem-airfryer/63743511727053,Der einfache Knabbersnack: Käsecracker aus dem Airfryer,2026-08-04,2026-08-04,1,1
63743511543887,2026-08-04T11:38:58+00:00,https://www.leckerschmecker.me/paprika-aprikosen-hummus-a-a/63743511543887,Paprika-Aprikosen-Hummus: Der stellt alles in den Schatten,2026-08-04,2026-08-06,3,1
63743511546349,2026-08-04T11:42:10+00:00,https://www.leckerschmecker.me/kaese-pops-a-a/63743511546349,Langweilige Chips waren gestern: Heute knabbern wir gepuffte Käse-Pops,2026-08-04,2026-08-06,3,1
63743511412781,2026-08-04T12:19:23+00:00,https://www.leckerschmecker.me/einfacher-aprikosenkuchen-a-b/63743511412781,Aprikosenkuchen: schmeckt nach Sommer,2026-08-04,2026-08-06,3,1
63743511699905,2026-08-04T12:47:36+00:00,https://www.leckerschmecker.me/pizza-chips-a-a-minuten/63743511699905,Pizza mal anders: Die knusprigen Ofen-Chips sind schneller weg als gebacken,2026-08-04,2026-08-06,3,4
63743511726231,2026-08-04T13:31:33+00:00,https://www.leckerschmecker.me/alkoholfreier-sex-on-the-beach-booze/63743511726231,"Mehr Beach, weniger Booze: alkoholfreier Cocktail-Klassiker",2026-08-04,2026-08-06,3,2
63743511725640,2026-08-04T13:31:34+00:00,https://www.leckerschmecker.me/warenkunde-pflaumen-star/63743511725640,Warenkunde Pflaumen: Star des Spätsommers,2026-08-04,2026-08-06,3,2
63743511726040,2026-08-04T13:31:35+00:00,https://www.leckerschmecker.me/johannisbeer-barbecuesosse-besteht/63743511726040,Diese Barbecuesoße besteht aus einer ungewöhnlichen Zutat,2026-08-04,2026-08-06,3,2
63743511726595,2026-08-04T13:31:36+00:00,https://www.leckerschmecker.me/lavendel-zitronen-kuchen-schmeckt/63743511726595,Lavendel-Zitronen-Kuchen: schmeckt nach Urlaub im Süden,2026-08-04,2026-08-06,3,2
63743511348679,2026-08-04T13:50:14+00:00,https://www.leckerschmecker.me/pilz-lauch-quiche-a-g/63743511348679,Probiere diese herzhafte Pilz-Lauch-Quiche,2026-08-04,2026-08-06,3,1
63743511511642,2026-08-04T13:51:32+00:00,https://www.leckerschmecker.me/pilzknoedel-a-a/63743511511642,Pilzknödel sind eine leckere Beilage oder Hauptspeise,2026-08-04,2026-08-06,3,1
63743511726797,2026-08-04T13:53:00+00:00,https://www.leckerschmecker.me/kirsch-maismehl-kuchen/63743511726797,Kirsch-Maismehl-Kuchen: rustikal wird chic,2026-08-04,2026-08-05,2,1
63743511477175,2026-08-04T14:01:15+00:00,https://www.leckerschmecker.me/pilzlasagne-mit-lauch-a-a/63743511477175,Pilzlasagne mit Lauch: leckere Alternative zum italienischen Klassiker,2026-08-04,2026-08-06,3,1
63743511335187,2026-08-04T14:07:59+00:00,https://www.leckerschmecker.me/avocado-joghurt-dressing-a-b/63743511335187,Wir lieben dieses cremige Avocado-Joghurt-Dressing,2026-08-04,2026-08-06,3,1
63743511500373,2026-08-04T14:10:20+00:00,https://www.leckerschmecker.me/bananen-joghurt-kuchen-a-a/63743511500373,Saftiger Bananen-Kuchen mit Streuseln und griechischem Joghurt,2026-08-04,2026-08-06,3,1
63743511524717,2026-08-04T14:12:18+00:00,https://www.leckerschmecker.me/joghurt-bites-a-a/63743511524717,Eis mal anders: gefrorene Joghurt-Bites mit Beeren und Schokolade,2026-08-04,2026-08-06,3,1
63743511714263,2026-08-04T14:14:44+00:00,https://www.leckerschmecker.me/airfryer-reinigen-hilft/63743511714263,Airfryer reinigen leicht gemacht: Was wirklich hilft – und was du besser bleiben lässt,2026-08-04,2026-08-06,3,2
63743511725733,2026-08-04T14:14:46+00:00,https://www.leckerschmecker.me/plankenlachs-vom-grill-rezept/63743511725733,Dieses Plankenlachs-Rezept vom Grill sorgt garantiert für Begeisterung,2026-08-04,2026-08-06,3,2
63743511724171,2026-08-04T14:14:47+00:00,https://www.leckerschmecker.me/blaubeer-spritz-schmeckt/63743511724171,Spritz ohne Aperol: So fruchtig schmeckt diese Sommer-Version,2026-08-04,2026-08-06,3,4
63743511726777,2026-08-04T15:24:00+00:00,https://www.leckerschmecker.me/zitronen-mascarpone-pasta/63743511726777,Zitronen-Mascarpone-Pasta mit extra crunchigem Topping,2026-08-04,2026-08-06,3,1
63743511726535,2026-08-04T16:31:00+00:00,https://www.leckerschmecker.me/gegrillter-spitzkohl-mit-chimichurri/63743511726535,"Dieser Spitzkohl mit Chimichurri zeigt, wie gut einfaches Gemüse sein kann",2026-08-04,2026-08-05,2,1
63743511725441,2026-08-04T16:50:36+00:00,https://www.leckerschmecker.me/bier-bowle-mit-himbeeren-minuten/63743511725441,In 10 Minuten fertig: Diese Bier-Bowle mit Himbeeren schmeckt nach Sommer pur,2026-08-05,2026-08-06,2,2
63743511716400,2026-08-04T18:29:00+00:00,https://www.leckerschmecker.me/eingelegtes-gemuese-rezepte/63743511716400,Sommer in deiner Speisekammer: Diese Leckereien sind kinderleicht eingelegt,2026-08-05,2026-08-06,2,1
63743511725780,2026-08-05T04:14:40+00:00,https://www.leckerschmecker.me/fergese-tirane-albanischer-paprika-kaese-auflauf-gekocht/63743511725780,Schon mal albanisch gekocht? Probiere diesen Auflauf mit Paprika und Käse,2026-08-05,2026-08-06,2,3
63743511725141,2026-08-05T04:14:42+00:00,https://www.leckerschmecker.me/pilz-paprikasch-cremiger/63743511725141,Würzige Pilze in cremiger Paprikasoße: So schmeckt Ungarn,2026-08-05,2026-08-06,2,4
63743511726957,2026-08-05T05:01:00+00:00,https://www.leckerschmecker.me/griechischer-honigkuchen-wird-zum-overnight-oats-mit-diesem-rezept/63743511726957,Griechischer Honigkuchen wird zum Overnight Oats mit diesem Rezept,2026-08-05,2026-08-05,1,1
63743511727226,2026-08-05T05:19:39+00:00,https://www.leckerschmecker.me/perfekter-sommersalat-ultimative/63743511727226,Dein perfekter Sommersalat: der ultimative Baukasten,2026-08-05,2026-08-06,2,1
63743511726534,2026-08-05T05:19:40+00:00,https://www.leckerschmecker.me/reissalat-mit-pflaumen-suesser/63743511726534,Süßer Reissalat mit Pflaumen: Dieses Dessert schmeckt nach Spätsommer,2026-08-05,2026-08-06,2,2
63743511726744,2026-08-05T05:19:41+00:00,https://www.leckerschmecker.me/feigen-honig-kompott-fuer/63743511726744,Ein Kompott für die Götter: mit Feigen und Honig,2026-08-05,2026-08-06,2,2
63743511577852,2026-08-05T06:23:18+00:00,https://www.leckerschmecker.me/knoblauch-pilz-pasta-a-a/63743511577852,Diese cremige Pasta passt in jeden Tagesablauf,2026-08-05,2026-08-07,3,1
63743511727371,2026-08-05T06:31:00+00:00,https://www.leckerschmecker.me/zwetschgen-quark-auflauf/63743511727371,Dieser Zwetschgen-Quark-Auflauf ist der gemütliche Ofenklassiker für dein Spätsommerfrühstück,2026-08-05,2026-08-06,2,1
63743511727053,2026-08-05T06:56:37+00:00,https://www.leckerschmecker.me/kaesecracker-aus-dem-airfryer-einfache/63743511727053,Der einfache Knabbersnack: Käsecracker aus dem Airfryer,2026-08-05,2026-08-06,2,2
63743511725442,2026-08-05T07:31:42+00:00,https://www.leckerschmecker.me/griechischer-joghurt-eis-mit-honig-walnuessen-eiszeit/63743511725442,Cremige Eiszeit auf griechische Art: mit Honig und karamellisierten Nüssen,2026-08-05,2026-08-07,3,3
63743511725171,2026-08-05T07:31:43+00:00,https://www.leckerschmecker.me/italienischer-schichtsalat-mit-spaghetti-schnell/63743511725171,Dieser Spaghetti-Schichtsalat schmeckt nach Sommer und ist schnell gemacht,2026-08-05,2026-08-07,3,3
63743511726165,2026-08-05T07:59:35+00:00,https://www.leckerschmecker.me/griechischer-zucchinisalat-aromatischen/63743511726165,In diesem aromatischen Salat übernimmt Zucchini die Hauptrolle,2026-08-05,2026-08-07,3,2
63743511727178,2026-08-05T08:15:00+00:00,https://www.leckerschmecker.me/crab-rangoon/63743511727178,Diese frittierte Surimi- und Frischkäse-Teigtaschen sind ein amerikanisches Highlight,2026-08-05,2026-08-07,3,1
63743511429473,2026-08-05T08:23:40+00:00,https://www.leckerschmecker.me/griechischer-joghurtkuchen-a-f/63743511429473,Griechischer Joghurtkuchen: so saftig und lecker,2026-08-05,2026-08-07,3,1
63743511584329,2026-08-05T08:26:48+00:00,https://www.leckerschmecker.me/butterkuchen-mit-pflaumen-a-b/63743511584329,So hast du Butterkuchen noch nie probiert,2026-08-05,2026-08-05,1,1
63743511727370,2026-08-05T09:31:00+00:00,https://www.leckerschmecker.me/auberginen-koefte/63743511727370,Diese veganen Auberginen-Köfte bringen würzige Mezze-Vibes auf den Teller,2026-08-05,2026-08-07,3,1
63743511727158,2026-08-05T10:11:00+00:00,https://www.leckerschmecker.me/pfifferling-galette/63743511727158,Pfifferling-Galette: Waldpilz trifft französische Backkunst,2026-08-05,2026-08-05,1,1
63743511527313,2026-08-05T10:17:29+00:00,https://www.leckerschmecker.me/kirscheis-mit-schokolade-und-chili-a-b/63743511527313,Gibt&#8217;s in keiner Eisdiele: Kirscheis mit Schokolade und Chili,2026-08-05,2026-08-07,3,1
63743511444719,2026-08-05T10:49:38+00:00,https://www.leckerschmecker.me/spaetzle-pfifferling-pfanne-a-d-schnelles/63743511444719,Spätzle-Pfifferling-Pfanne: schnelles und unkompliziertes Gericht,2026-08-05,2026-08-07,3,2
63743511727440,2026-08-05T11:26:00+00:00,https://www.leckerschmecker.me/ananas-aus-dem-airfryer-mit-kokos-schlagsahne/63743511727440,Süßer Sommertraum ganz in vegan: Ananas aus dem Airfryer mit Kokos-Schlagsahne,2026-08-05,2026-08-05,1,1
63743511406918,2026-08-05T11:28:38+00:00,https://www.leckerschmecker.me/zitronen-pasta-mit-zucchini-und-minze-a-d-leckere/63743511406918,Leckere Sommerküche: Zitronen-Pasta mit Zucchini und Minze,2026-08-05,2026-08-07,3,2
63743511576077,2026-08-05T11:28:40+00:00,https://www.leckerschmecker.me/lachs-in-zitronen-knoblauch-sosse-a-b-abendessen/63743511576077,Dieses Lachsgericht ist der Star deines Feierabends,2026-08-05,2026-08-07,3,5
63743511724579,2026-08-05T11:28:40+00:00,https://www.leckerschmecker.me/vegane-moussaka-fleisch/63743511724579,Vegane Moussaka mit Linsen ist Comfort Food ohne Fleisch,2026-08-05,2026-08-07,3,4
63743511410235,2026-08-05T11:33:49+00:00,https://www.leckerschmecker.me/lemon-curd-cookies-a-c/63743511410235,Versüße dir mit diesen Lemon-Curd-Cookies den Sommer,2026-08-05,2026-08-07,3,1
63743511344290,2026-08-05T11:40:30+00:00,https://www.leckerschmecker.me/griechischer-tomatenreis-a-q/63743511344290,Griechischer Tomatenreis: perfekt im Sommer,2026-08-05,2026-08-07,3,1
63743511428268,2026-08-05T11:45:40+00:00,https://www.leckerschmecker.me/kartoffel-frittata-mit-pilzen-a-o/63743511428268,Kartoffel-Frittata mit Pilzen: rustikaler Genuss aus der Pfanne,2026-08-05,2026-08-07,3,1
63743511547688,2026-08-05T11:59:26+00:00,https://www.leckerschmecker.me/griechischer-rote-bete-salat-pantzarosalata-a-a/63743511547688,"Zu heiß, um ans Essen zu denken? Mach Pantzarosalata!",2026-08-05,2026-08-07,3,1
63743511397987,2026-08-05T12:50:39+00:00,https://www.leckerschmecker.me/gegrillte-ananas-a-a/63743511397987,Sommerdessert: gegrillte Ananas mit Eis,2026-08-05,2026-08-07,3,1
63743511551371,2026-08-05T12:54:37+00:00,https://www.leckerschmecker.me/zucchini-wuerstchen-auflauf-a-b-sommer/63743511551371,Mehr als nur eine Notlösung: Zucchini-Würstchen-Auflauf,2026-08-05,2026-08-07,3,3
63743511476570,2026-08-05T13:00:29+00:00,https://www.leckerschmecker.me/zucchiniboote-mit-quinoa-und-feta-a-a/63743511476570,Zucchiniboote mit Quinoa und Feta: so lecker kann gesund sein,2026-08-05,2026-08-07,3,1
63743511391652,2026-08-05T13:18:33+00:00,https://www.leckerschmecker.me/erdbeer-sorbet-ohne-eismaschine-a-a/63743511391652,Dieses Erdbeer-Sorbet gelingt auch ohne Eismaschine,2026-08-05,2026-08-07,3,1
63743511726535,2026-08-05T13:36:37+00:00,https://www.leckerschmecker.me/gegrillter-spitzkohl-mit-chimichurri-zeigt/63743511726535,"Dieser Spitzkohl mit Chimichurri zeigt, wie gut einfaches Gemüse sein kann",2026-08-05,2026-08-07,3,2
63743511726797,2026-08-05T13:36:38+00:00,https://www.leckerschmecker.me/kirsch-maismehl-kuchen-rustikal/63743511726797,Kirsch-Maismehl-Kuchen: rustikal wird chic,2026-08-05,2026-08-07,3,2
63743511727001,2026-08-05T13:58:00+00:00,https://www.leckerschmecker.me/himbeer-pistazienkuchen/63743511727001,So leicht geht fruchtig-nussiger Sommergenuss,2026-08-05,2026-08-06,2,1
63743511354412,2026-08-05T14:28:26+00:00,https://www.leckerschmecker.me/griechischer-fischauflauf-psari-plaki-a-m/63743511354412,Griechischer Fischauflauf mit Tomaten und Feta: schmeckt nach Urlaub,2026-08-05,2026-08-07,3,1
63743511418322,2026-08-05T14:33:11+00:00,https://www.leckerschmecker.me/marmorkuchen-mit-zwetschgen-a-d/63743511418322,Diesen Marmorkuchen mit Zwetschgen musst du unbedingt backen,2026-08-05,2026-08-07,3,1
63743511726748,2026-08-05T15:25:00+00:00,https://www.leckerschmecker.me/raznjici-kroatische-grillspiesse/63743511726748,Verpasse deinem Grillabend mit diesen Spießen ein Update,2026-08-05,2026-08-06,2,1
63743511727378,2026-08-05T16:34:00+00:00,https://www.leckerschmecker.me/szechuan-tofu/63743511727378,Szechuan-Tofu: So aromatisch kann Tofu schmecken,2026-08-06,2026-08-06,1,1
63743511726083,2026-08-06T04:13:35+00:00,https://www.leckerschmecker.me/erdbeer-vanille-eiskonfekt-cremig/63743511726083,So leicht lassen sich cremig-kühle Schätze zaubern,2026-08-06,2026-08-07,2,3
63743511721255,2026-08-06T04:13:37+00:00,https://www.leckerschmecker.me/zucchini-schinken-roellchen-lieblingsgemuese/63743511721255,Knusprige Zucchini-Schinken-Röllchen aus dem Ofen: So lecker kann einfach sein,2026-08-06,2026-08-07,2,8
63743511724657,2026-08-06T04:13:37+00:00,https://www.leckerschmecker.me/haehnchen-zucchini-auflauf-einfach/63743511724657,"Deftig, bunt und einfach gut: ein Auflauf, den du jeden Tag genießen möchtest",2026-08-06,2026-08-07,2,4
63743511724682,2026-08-06T04:13:38+00:00,https://www.leckerschmecker.me/airfryer-hasselback-zucchini-schinken/63743511724682,"Schnell, würzig, genial: Airfryer-Hasselback-Zucchini mit Schinken-Käse-Füllung",2026-08-06,2026-08-07,2,4
63743511723243,2026-08-06T04:13:39+00:00,https://www.leckerschmecker.me/maultaschen-zucchini-pfanne-verwandte/63743511723243,Maultaschen-Zucchini-Pfanne: schwäbisch-mediterrane Fusion-Küche,2026-08-06,2026-08-07,2,6
63743511727088,2026-08-06T05:04:00+00:00,https://www.leckerschmecker.me/schoko-kirsch-baked-oats/63743511727088,So werden Haferflocken zu einem schokoladig-fruchtigen Frühstück,2026-08-06,2026-08-06,1,1
63743511727440,2026-08-06T05:37:52+00:00,https://www.leckerschmecker.me/ananas-aus-dem-airfryer-mit-kokos-schlagsahne-suesser/63743511727440,Süßer Sommertraum ganz in vegan: Ananas aus dem Airfryer mit Kokos-Schlagsahne,2026-08-06,2026-08-07,2,2
63743511727158,2026-08-06T05:37:53+00:00,https://www.leckerschmecker.me/pfifferling-galette-waldpilz/63743511727158,Pfifferling-Galette: Waldpilz trifft französische Backkunst,2026-08-06,2026-08-07,2,2
63743511727467,2026-08-06T05:37:53+00:00,https://www.leckerschmecker.me/edamame-gurken-salat-schmeckt/63743511727467,So schmeckt der Sommer: Edamame-Gurken-Salat,2026-08-06,2026-08-07,2,1
63743511726957,2026-08-06T05:37:54+00:00,https://www.leckerschmecker.me/griechischer-honigkuchen-wird-zum-overnight-oats-mit-diesem-rezept-liegt/63743511726957,Griechischer Honigkuchen wird zum Overnight Oats mit diesem Rezept,2026-08-06,2026-08-07,2,2
63743511414153,2026-08-06T06:35:33+00:00,https://www.leckerschmecker.me/limettencreme-mit-zwetschgenkompott-a-b/63743511414153,Limettencreme mit Zwetschgenkompott schmeckt nach Sommer im Glas,2026-08-06,2026-08-08,3,1
63743511727041,2026-08-06T06:38:00+00:00,https://www.leckerschmecker.me/banana-pudding-shake/63743511727041,"Banana Pudding Shake, Sommer kann so süß sein",2026-08-06,2026-08-07,2,1
63743511360176,2026-08-06T06:47:10+00:00,https://www.leckerschmecker.me/suesses-zucchinibrot-a-c/63743511360176,Bananenbrot war gestern: Jetzt backen wir süßes Zucchinibrot,2026-08-06,2026-08-08,3,1
63743511584329,2026-08-06T06:47:35+00:00,https://www.leckerschmecker.me/butterkuchen-mit-pflaumen-a-b-probiert/63743511584329,So hast du Butterkuchen noch nie probiert,2026-08-06,2026-08-08,3,2
63743511724262,2026-08-06T06:47:35+00:00,https://www.leckerschmecker.me/pfirsichtorte-duft/63743511724262,Pfirsichtorte: Sommergenuss mit jedem Stück,2026-08-06,2026-08-08,3,5
63743511356282,2026-08-06T07:21:32+00:00,https://www.leckerschmecker.me/gefuellte-arme-ritter-frischkaese-marmelade-a-b/63743511356282,Toast zum Frühstück: gefüllte Arme Ritter mit Frischkäse und Marmelade,2026-08-06,2026-08-08,3,1
63743511557542,2026-08-06T07:29:41+00:00,https://www.leckerschmecker.me/tex-mex-zucchini-haehnchenpfanne-a-a-tisch/63743511557542,Diese Zucchini-Hähnchenpfanne steht in 30 Minuten auf dem Tisch,2026-08-06,2026-08-08,3,4
63743511726251,2026-08-06T07:29:41+00:00,https://www.leckerschmecker.me/knusprige-sommerrollen-aus-dem-airfryer-momente/63743511726251,"Knusprige Sommerrollen aus dem Airfryer: Weniger Öl, mehr Crunch",2026-08-06,2026-08-08,3,3
63743511726748,2026-08-06T08:39:39+00:00,https://www.leckerschmecker.me/raznjici-kroatische-grillspiesse-verpasse/63743511726748,Verpasse deinem Grillabend mit diesen Spießen ein Update,2026-08-07,2026-08-07,1,2
63743511725733,2026-08-06T08:39:40+00:00,https://www.leckerschmecker.me/plankenlachs-vom-grill-sorgt/63743511725733,Dieses Plankenlachs-Rezept vom Grill sorgt garantiert für Begeisterung,2026-08-07,2026-08-08,2,3
63743511549927,2026-08-06T09:41:04+00:00,https://www.leckerschmecker.me/hafer-zucchini-cookies-a-b/63743511549927,Eine Zutat in diesem Cookie-Rezept wird dich überraschen,2026-08-07,2026-08-08,2,1
63743511548833,2026-08-06T09:42:21+00:00,https://www.leckerschmecker.me/knoblauch-haehnchen-mit-ratatouille-a-b/63743511548833,Wo sich Hähnchen und Sommergemüse vereinen,2026-08-07,2026-08-08,2,1
63743511498003,2026-08-06T10:54:16+00:00,https://www.leckerschmecker.me/spaetzle-pilz-auflauf-a-d/63743511498003,Rustikales Ofengericht mit viel Käse: Spätzle-Pilz-Auflauf,2026-08-07,2026-08-08,2,1
63743511500373,2026-08-06T10:58:37+00:00,https://www.leckerschmecker.me/bananen-joghurt-kuchen-a-a-streuseln/63743511500373,Saftiger Bananen-Kuchen mit Streuseln und griechischem Joghurt,2026-08-07,2026-08-08,2,2
63743511543887,2026-08-06T10:58:37+00:00,https://www.leckerschmecker.me/paprika-aprikosen-hummus-a-a-stellt/63743511543887,Paprika-Aprikosen-Hummus: Der stellt alles in den Schatten,2026-08-07,2026-08-08,2,2
63743511728145,2026-08-06T11:27:00+00:00,https://www.leckerschmecker.me/parmesan-zucchini-airfryer/63743511728145,Zucchini mit Parmesan aus dem Airfryer,2026-08-07,2026-08-08,2,1
63743511723179,2026-08-06T11:33:31+00:00,https://www.leckerschmecker.me/zucchini-schinken-strudel-bekanntesten/63743511723179,Zucchini-Schinken-Strudel: knuspriges Ofengericht,2026-08-07,2026-08-08,2,6
63743511725283,2026-08-06T11:33:31+00:00,https://www.leckerschmecker.me/nudelsalat-mit-mozzarella-und-thunfis-grillparty/63743511725283,Nudelsalat kann mehr als nur Mayo: etwa Thunfisch und Mozzarella,2026-08-07,2026-08-08,2,4
63743511558502,2026-08-06T12:18:52+00:00,https://www.leckerschmecker.me/thunfisch-reis-bowl-a-a/63743511558502,Diese Thunfisch-Reis-Bowl ist lecker und schnell gemacht,2026-08-07,2026-08-08,2,1
63743511559283,2026-08-06T12:21:06+00:00,https://www.leckerschmecker.me/bananenbrot-mit-schokostueckchen-a-a/63743511559283,"Bananenbrot mit Schokostückchen: saftig, schokoladig &amp; schnell gebacken",2026-08-07,2026-08-08,2,1
63743511411555,2026-08-06T12:42:16+00:00,https://www.leckerschmecker.me/pfirsich-maracuja-torte-a-b/63743511411555,"Pfirsich-Maracuja-Torte: frisch, fruchtig, sonnengelb",2026-08-07,2026-08-08,2,1
63743511702628,2026-08-06T13:26:52+00:00,https://www.leckerschmecker.me/zucchini-basilikum-suppe-a-a/63743511702628,Suppengrün? Grüne Suppe! Hier treffen Basilikum und Zucchini aufeinander,2026-08-07,2026-08-08,2,1
63743511703715,2026-08-06T13:28:43+00:00,https://www.leckerschmecker.me/ungarische-sauerkirschsuppe-a-a/63743511703715,So schmeckt ein heißer Sommertag in Ungarn,2026-08-07,2026-08-08,2,1
63743511727001,2026-08-06T13:36:38+00:00,https://www.leckerschmecker.me/himbeer-pistazienkuchen-fruchtig/63743511727001,So leicht geht fruchtig-nussiger Sommergenuss,2026-08-07,2026-08-08,2,2
63743511727378,2026-08-06T13:36:38+00:00,https://www.leckerschmecker.me/szechuan-tofu-aromatisch/63743511727378,Szechuan-Tofu: So aromatisch kann Tofu schmecken,2026-08-07,2026-08-08,2,2
63743511727924,2026-08-06T13:51:00+00:00,https://www.leckerschmecker.me/aprikosen-mandel-gugelhupf/63743511727924,Aprikosen-Mandel-Gugelhupf bringt Sommer und Kaffeetafel zusammen,2026-08-07,2026-08-08,2,1
63743511524717,2026-08-06T14:15:43+00:00,https://www.leckerschmecker.me/joghurt-bites-a-a-eis/63743511524717,Eis mal anders: gefrorene Joghurt-Bites mit Beeren und Schokolade,2026-08-07,2026-08-08,2,2
63743511716400,2026-08-06T14:58:44+00:00,https://www.leckerschmecker.me/eingelegtes-gemuese-rezepte-sommer/63743511716400,Sommer in deiner Speisekammer: Diese Leckereien sind kinderleicht eingelegt,2026-08-07,2026-08-08,2,2
63743511727039,2026-08-06T15:38:00+00:00,https://www.leckerschmecker.me/zitronen-huehnchen-orzo/63743511727039,"Würzig, frisch und aromatisch vielseitig – ein Pfannengericht für jeden Tag",2026-08-07,2026-08-08,2,1
63743511728216,2026-08-06T16:33:00+00:00,https://www.leckerschmecker.me/marokkanisches-ofengemuese-mit-halloumi/63743511728216,"Marokkanisches Ofengemüse mit Halloumi: würzig, bunt und herrlich einfach",2026-08-07,2026-08-08,2,1
63743511726986,2026-08-06T18:36:00+00:00,https://www.leckerschmecker.me/gefuellte-schmorgurken/63743511726986,Gefüllte Schmorgurken: Klassiker im neuen Gewand,2026-08-07,2026-08-07,1,1
63743511727053,2026-08-07T04:14:35+00:00,https://www.leckerschmecker.me/kaesecracker-aus-dem-airfryer-knabbersnack/63743511727053,Der einfache Knabbersnack: Käsecracker aus dem Airfryer,2026-08-07,2026-08-08,2,3
63743511727371,2026-08-07T04:14:36+00:00,https://www.leckerschmecker.me/zwetschgen-quark-auflauf-gemuetliche/63743511727371,Dieser Zwetschgen-Quark-Auflauf ist der gemütliche Ofenklassiker für dein Spätsommerfrühstück,2026-08-07,2026-08-08,2,2
63743511725141,2026-08-07T04:14:37+00:00,https://www.leckerschmecker.me/pilz-paprikasch-paprikasosse/63743511725141,Würzige Pilze in cremiger Paprikasoße: So schmeckt Ungarn,2026-08-07,2026-08-08,2,5
63743511572658,2026-08-07T04:53:13+00:00,https://www.leckerschmecker.me/zucchini-champignon-auflauf-haehnchen-a-c/63743511572658,Dieses Wohlfühlgericht zum Feierabend hast du dir verdient,2026-08-07,2026-08-08,2,1
63743511727489,2026-08-07T05:04:00+00:00,https://www.leckerschmecker.me/schoko-hummus-toast-mit-beeren/63743511727489,Kichererbsen auf Toast? Mit Kakao und Beeren macht das plötzlich Sinn,2026-08-07,2026-08-07,1,1
63743511727502,2026-08-07T05:20:40+00:00,https://www.leckerschmecker.me/johannisbeer-sorbet-fruchtalarm/63743511727502,Fruchtalarm im Gefrierfach mit köstlichem Johannisbeer-Sorbet,2026-08-07,2026-08-08,2,1
63743511724051,2026-08-07T05:20:41+00:00,https://www.leckerschmecker.me/aprikosen-mozzarella-salat-einfach/63743511724051,Warum Aprikosen und Mozzarella einfach zusammengehören,2026-08-07,2026-08-08,2,1
63743511727922,2026-08-07T05:20:41+00:00,https://www.leckerschmecker.me/pfirsich-mascarpone-crepes-cr/63743511727922,Pfirsich-Mascarpone-Crêpes sind das Dessert für lange Sommernachmittage,2026-08-07,2026-08-08,2,1
63743511728014,2026-08-07T05:20:42+00:00,https://www.leckerschmecker.me/tofu-pancakes-geheimnis/63743511728014,Tofu-Pancakes: das Geheimnis besonders fluffiger Pfannkuchen,2026-08-07,2026-08-08,2,1
63743511727088,2026-08-07T05:20:43+00:00,https://www.leckerschmecker.me/schoko-kirsch-baked-oats-haferflocken/63743511727088,So werden Haferflocken zu einem schokoladig-fruchtigen Frühstück,2026-08-07,2026-08-08,2,2
63743511728036,2026-08-07T06:33:00+00:00,https://www.leckerschmecker.me/chili-brokkoli-omelett/63743511728036,"Ein Frühstück für alle, die es würzig mögen",2026-08-07,2026-08-07,1,1
63743511303442,2026-08-07T06:45:29+00:00,https://www.leckerschmecker.me/franzoesisches-ruehrei-a-y/63743511303442,Rührei wie in Frankreich: Durch diesen Tipp wird es besonders cremig,2026-08-07,2026-08-09,3,1
63743511350931,2026-08-07T06:50:17+00:00,https://www.leckerschmecker.me/tuerkisches-ruehrei-menemen-a-l/63743511350931,So lecker schmeckt das türkisches Rührei Menemen,2026-08-07,2026-08-09,3,1
63743511727370,2026-08-07T06:54:31+00:00,https://www.leckerschmecker.me/auberginen-koefte-veganen/63743511727370,Diese veganen Auberginen-Köfte bringen würzige Mezze-Vibes auf den Teller,2026-08-07,2026-08-09,3,2
63743511579451,2026-08-07T06:55:45+00:00,https://www.leckerschmecker.me/kartoffelsandwiches-a-a/63743511579451,Mit diesen Kartoffelsandwiches wird die Knolle zum Star,2026-08-07,2026-08-09,3,1
63743511422142,2026-08-07T07:07:08+00:00,https://www.leckerschmecker.me/grilled-cheese-sandwich-mit-feta-a-e/63743511422142,Grilled Cheese Sandwich mit Feta: schneller Frühstücksgenuss,2026-08-07,2026-08-09,3,1
63743511726165,2026-08-07T07:20:17+00:00,https://www.leckerschmecker.me/griechischer-zucchinisalat-salat/63743511726165,In diesem aromatischen Salat übernimmt Zucchini die Hauptrolle,2026-08-07,2026-08-09,3,3
63743511617559,2026-08-07T07:34:27+00:00,https://www.leckerschmecker.me/spaghetti-mit-lachs-knoblauchsosse-a-b/63743511617559,"Lachs, Knoblauch und Sahne: cremiger Pastatraum mit Wohlfühlfaktor",2026-08-07,2026-08-08,2,1
63743511422577,2026-08-07T07:39:25+00:00,https://www.leckerschmecker.me/marokkanischer-couscous-a-c/63743511422577,Marokkanischer Couscous mit Zucchini und getrockneten Aprikosen,2026-08-07,2026-08-09,3,1
63743511725629,2026-08-07T08:14:00+00:00,https://www.leckerschmecker.me/mokka-eiskonfekt/63743511725629,Mokka-Eiskonfekt: zart schmelzende Sommerpralinen,2026-08-07,2026-08-07,1,1
63743511726748,2026-08-07T08:58:34+00:00,https://www.leckerschmecker.me/raznjici-kroatische-grillspiesse-grillabend/63743511726748,Verpasse deinem Grillabend mit diesen Spießen ein Update,2026-08-07,2026-08-09,3,3
63743511476570,2026-08-07T08:58:35+00:00,https://www.leckerschmecker.me/zucchiniboote-mit-quinoa-und-feta-a-a-lecker/63743511476570,Zucchiniboote mit Quinoa und Feta: so lecker kann gesund sein,2026-08-07,2026-08-09,3,2
63743511637705,2026-08-07T09:20:25+00:00,https://www.leckerschmecker.me/nudelsalat-mit-thunfisch-und-ei-a-a/63743511637705,Diese Variante von Nudelsalt kennst du bestimmt noch nicht,2026-08-07,2026-08-08,2,1
63743511304689,2026-08-07T09:26:15+00:00,https://www.leckerschmecker.me/marokkanische-linsensuppe-harira-a-a/63743511304689,Marokkanische Linsensuppe Harira: Koche dich in den Urlaub,2026-08-07,2026-08-08,2,1
63743511443146,2026-08-07T09:30:27+00:00,https://www.leckerschmecker.me/quinotto-feta-zucchini-erbsen-a-b/63743511443146,Frische Sommerküche: Quinotto mit Feta und Zucchini,2026-08-07,2026-08-09,3,1
63743511727151,2026-08-07T09:31:00+00:00,https://www.leckerschmecker.me/couscous-mit-aprikose-und-kichererbsen/63743511727151,Ras el Hanout trifft Aprikose: So bekommt Couscous endlich Geschmack,2026-08-07,2026-08-08,2,1
63743511539089,2026-08-07T09:50:54+00:00,https://www.leckerschmecker.me/marokkanische-kichererbsensuppe-a-a/63743511539089,Erfrischend gut: marokkanische Kichererbsensuppe,2026-08-07,2026-08-09,3,1
63743511565953,2026-08-07T10:18:26+00:00,https://www.leckerschmecker.me/zucchini-knoedel-a-a/63743511565953,"Wer sagt, dass Knödel nur was für Herbst und Winter sind?",2026-08-07,2026-08-09,3,1
63743511416296,2026-08-07T10:36:50+00:00,https://www.leckerschmecker.me/pflaumen-schmandkuchen-vom-blech-a-c/63743511416296,Pflaumen-Schmandkuchen vom Blech: Lieblingsrezept für unser Lieblingsobst,2026-08-07,2026-08-09,3,1
63743511402165,2026-08-07T10:44:11+00:00,https://www.leckerschmecker.me/bratkartoffeln-mit-pfifferlingen-a-c/63743511402165,Bratkartoffeln mit Pfifferlingen sind eine knusprig-leckere Beilage,2026-08-07,2026-08-09,3,1
63743511431406,2026-08-07T10:46:39+00:00,https://www.leckerschmecker.me/marokkanischer-couscous-auflauf-a-q/63743511431406,"Lecker, leckerer, marokkanischer Couscous-Auflauf",2026-08-07,2026-08-09,3,1
63743511420636,2026-08-07T10:59:45+00:00,https://www.leckerschmecker.me/kartoffelpuffer-mit-pfifferling-rahmsosse-a-c/63743511420636,Knusprige Kartoffelpuffer mit Pfifferling-Rahmsoße,2026-08-07,2026-08-09,3,1
63743511376756,2026-08-07T11:18:14+00:00,https://www.leckerschmecker.me/gnocchi-mit-ofengemuese-a-d/63743511376756,Gnocchi mit Ofengemüse: frisch vom Blech,2026-08-07,2026-08-09,3,1
63743511723926,2026-08-07T11:21:00+00:00,https://www.leckerschmecker.me/knusprige-sardinen-aus-dem-airfryer/63743511723926,Knusprige Sardinen aus dem Airfryer: mediterraner Genuss mit goldbrauner Kruste,2026-08-07,2026-08-09,3,1
63743511566385,2026-08-07T11:38:17+00:00,https://www.leckerschmecker.me/zwetschgen-joghurt-kuchen-a-b/63743511566385,Zu einem Stück Zwetschgen-Joghurt-Kuchen sagt niemand nein,2026-08-07,2026-08-09,3,1
63743511570053,2026-08-07T12:09:27+00:00,https://www.leckerschmecker.me/risotto-mit-heidelbeeren-a-a/63743511570053,"Heidelbeeren, Reis und Rotwein: So servierst du Risotto anders",2026-08-07,2026-08-09,3,1
63743511589134,2026-08-07T12:14:05+00:00,https://www.leckerschmecker.me/walnuss-zwetschgenkuchen-mit-streuseln-a-a/63743511589134,"Eine kleine, aber feine Zutat macht bei diesem Zwetschgenkuchen den Unterschied",2026-08-07,2026-08-09,3,1
63743511412472,2026-08-07T12:14:29+00:00,https://www.leckerschmecker.me/pflaumenkuchen-aus-der-kastenform-a-z/63743511412472,Dieser Pflaumenkuchen aus der Kastenform ist blitzschnell zubereitet,2026-08-07,2026-08-09,3,1
63743511726986,2026-08-07T13:24:33+00:00,https://www.leckerschmecker.me/gefuellte-schmorgurken-klassiker/63743511726986,Gefüllte Schmorgurken: Klassiker im neuen Gewand,2026-08-07,2026-08-09,3,2
63743511728634,2026-08-07T13:54:00+00:00,https://www.leckerschmecker.me/blaubeer-donauwelle/63743511728634,Backe die fruchtig-schokoladigste Welle des Sommers,2026-08-07,2026-08-08,2,1
63743511406918,2026-08-07T14:11:44+00:00,https://www.leckerschmecker.me/zitronen-pasta-mit-zucchini-und-minze-a-d-sommerkueche/63743511406918,Leckere Sommerküche: Zitronen-Pasta mit Zucchini und Minze,2026-08-07,2026-08-09,3,3
63743511725171,2026-08-07T15:21:36+00:00,https://www.leckerschmecker.me/italienischer-schichtsalat-mit-spaghetti-kindheit/63743511725171,Dieser Spaghetti-Schichtsalat schmeckt nach Sommer und ist schnell gemacht,2026-08-07,2026-08-09,3,4
63743511727404,2026-08-07T15:38:00+00:00,https://www.leckerschmecker.me/briam-griechischer-gemueseauflauf/63743511727404,Briam – griechischer Gemüseauflauf mit mediterranem Sommergemüse,2026-08-07,2026-08-09,3,1
63743511727728,2026-08-07T16:27:00+00:00,https://www.leckerschmecker.me/mini-knoedel-mit-pfifferlings-butter/63743511727728,Butter bei die Pilze: Mini-Knödel deluxe,2026-08-08,2026-08-09,2,1
63743511727377,2026-08-07T18:34:00+00:00,https://www.leckerschmecker.me/obst-grillen/63743511727377,Obst grillen? Aber ja! So wird aus Sommerfrüchten ein richtig gutes Dessert,2026-08-08,2026-08-08,1,1
63743511727041,2026-08-08T04:04:36+00:00,https://www.leckerschmecker.me/banana-pudding-shake-sommer/63743511727041,"Banana Pudding Shake, Sommer kann so süß sein",2026-08-08,2026-08-09,2,2
63743511724657,2026-08-08T04:04:37+00:00,https://www.leckerschmecker.me/haehnchen-zucchini-auflauf-geniessen/63743511724657,"Deftig, bunt und einfach gut: ein Auflauf, den du jeden Tag genießen möchtest",2026-08-08,2026-08-09,2,5
63743511727112,2026-08-08T05:08:00+00:00,https://www.leckerschmecker.me/zhingyalov-hats-armenisches-fladenbrot/63743511727112,"Zhingyalov Hats: Armeniens Antwort auf alles, was du bisher über Brot wusstest",2026-08-08,2026-08-08,1,1
63743511728708,2026-08-08T05:21:40+00:00,https://www.leckerschmecker.me/pinsa-mit-beeren-schinken-beerenstark/63743511728708,Beerenstark belegt: Pinsa überraschend anders,2026-08-08,2026-08-09,2,1
63743511725629,2026-08-08T05:21:42+00:00,https://www.leckerschmecker.me/mokka-eiskonfekt-zart/63743511725629,Mokka-Eiskonfekt: zart schmelzende Sommerpralinen,2026-08-08,2026-08-09,2,2
63743511727545,2026-08-08T05:21:43+00:00,https://www.leckerschmecker.me/hawaiianisches-grilled-cheese-sandwich-toast/63743511727545,Mehr als Toast Hawaii: Dieses Grilled Cheese Sandwich ist ein wahrer Genussmoment,2026-08-08,2026-08-09,2,1
63743511727489,2026-08-08T05:21:44+00:00,https://www.leckerschmecker.me/schoko-hummus-toast-mit-beeren-kichererbsen/63743511727489,Kichererbsen auf Toast? Mit Kakao und Beeren macht das plötzlich Sinn,2026-08-08,2026-08-09,2,2
63743511728036,2026-08-08T05:21:44+00:00,https://www.leckerschmecker.me/chili-brokkoli-omelett-fruehstueck/63743511728036,"Ein Frühstück für alle, die es würzig mögen",2026-08-08,2026-08-09,2,2
63743511727151,2026-08-08T06:00:39+00:00,https://www.leckerschmecker.me/couscous-mit-aprikose-und-kichererbsen-ras/63743511727151,Ras el Hanout trifft Aprikose: So bekommt Couscous endlich Geschmack,2026-08-08,2026-08-09,2,2
63743511304689,2026-08-08T06:40:39+00:00,https://www.leckerschmecker.me/marokkanische-linsensuppe-harira-a-a-koche/63743511304689,Marokkanische Linsensuppe Harira: Koche dich in den Urlaub,2026-08-08,2026-08-10,3,2
63743511724682,2026-08-08T06:40:40+00:00,https://www.leckerschmecker.me/airfryer-hasselback-zucchini-kaese/63743511724682,"Schnell, würzig, genial: Airfryer-Hasselback-Zucchini mit Schinken-Käse-Füllung",2026-08-08,2026-08-10,3,5
63743511408907,2026-08-08T07:25:48+00:00,https://www.leckerschmecker.me/bruschetta-mit-pfifferlingen-a-b/63743511408907,Fingerfood nach italienischem Vorbild: Bruschetta mit Pfifferlingen,2026-08-08,2026-08-10,3,1
63743511521089,2026-08-08T07:30:23+00:00,https://www.leckerschmecker.me/ziegenkaese-aufstrich-mit-feigen-a-a/63743511521089,Heute gibt es diesen schnellen Ziegenkäse-Aufstrich mit Feigen zum Frühstück,2026-08-08,2026-08-10,3,1
63743511356282,2026-08-08T07:35:40+00:00,https://www.leckerschmecker.me/gefuellte-arme-ritter-frischkaese-marmelade-a-b-toast/63743511356282,Toast zum Frühstück: gefüllte Arme Ritter mit Frischkäse und Marmelade,2026-08-08,2026-08-10,3,2
63743511728481,2026-08-08T08:13:00+00:00,https://www.leckerschmecker.me/sangria-sorbet/63743511728481,Sangria Sorbet: der spanische Sommerklassiker als eiskaltes Dessert,2026-08-08,2026-08-08,1,1
63743511411455,2026-08-08T08:41:04+00:00,https://www.leckerschmecker.me/pflaumenkuchen-vom-blech-a-m/63743511411455,Pflaumenkuchen vom Blech: So einzigartig schmeckt Nostalgie,2026-08-08,2026-08-10,3,1
63743511416545,2026-08-08T08:42:07+00:00,https://www.leckerschmecker.me/pflaumenkuchen-mit-quark-oel-teig-a-n/63743511416545,Pflaumenkuchen mit Quark-Öl-Teig nach Familien-Geheimrezept,2026-08-08,2026-08-10,3,1
63743511617559,2026-08-08T08:42:38+00:00,https://www.leckerschmecker.me/spaghetti-mit-lachs-knoblauchsosse-a-b-cremiger/63743511617559,"Lachs, Knoblauch und Sahne: cremiger Pastatraum mit Wohlfühlfaktor",2026-08-08,2026-08-10,3,2
63743511727924,2026-08-08T08:42:39+00:00,https://www.leckerschmecker.me/aprikosen-mandel-gugelhupf-bringt/63743511727924,Aprikosen-Mandel-Gugelhupf bringt Sommer und Kaffeetafel zusammen,2026-08-08,2026-08-10,3,2
63743511562322,2026-08-08T08:43:32+00:00,https://www.leckerschmecker.me/mangoldrouladen-mit-frischkaesesosse-a-b/63743511562322,Diese Rouladen mit Mangold schmecken auch im Sommer gut,2026-08-08,2026-08-10,3,1
63743511560187,2026-08-08T08:44:38+00:00,https://www.leckerschmecker.me/haferflocken-pflaumenkuchen-vom-blech-a-b/63743511560187,"Knusprig, fruchtig, bodenständig: Diesen Pflaumenkuchen wirst du immer wieder backen",2026-08-08,2026-08-09,2,1
63743511563339,2026-08-08T08:45:11+00:00,https://www.leckerschmecker.me/renekloden-marmelade-a-b/63743511563339,Diese besondere Marmelade fängt den Sommer ein,2026-08-08,2026-08-10,3,1
63743511728364,2026-08-08T09:31:00+00:00,https://www.leckerschmecker.me/waldfrucht-parfait/63743511728364,Dieses Waldfrucht-Parfait verwandelt Beeren in ein eiskaltes Sommerdessert,2026-08-08,2026-08-09,2,1
63743511727530,2026-08-08T10:14:00+00:00,https://www.leckerschmecker.me/gegrillte-zucchini-mit-ziegenkaese-und-honig/63743511727530,So werden Zucchini zu deinem Lieblingsgericht,2026-08-08,2026-08-09,2,1
63743511637705,2026-08-08T10:49:31+00:00,https://www.leckerschmecker.me/nudelsalat-mit-thunfisch-und-ei-a-a-wandert/63743511637705,Diese Variante von Nudelsalt kennst du bestimmt noch nicht,2026-08-08,2026-08-10,3,2
63743511559283,2026-08-08T10:49:32+00:00,https://www.leckerschmecker.me/bananenbrot-mit-schokostueckchen-a-a-fruehstueck/63743511559283,"Bananenbrot mit Schokostückchen: saftig, schokoladig &amp; schnell gebacken",2026-08-08,2026-08-10,3,2
63743511728005,2026-08-08T11:12:00+00:00,https://www.leckerschmecker.me/ratatouille-aus-dem-airfryer/63743511728005,Zauber einen französischen Klassiker in der Heißluftfritteuse,2026-08-08,2026-08-10,3,1
63743511728634,2026-08-08T12:47:34+00:00,https://www.leckerschmecker.me/blaubeer-donauwelle-backe/63743511728634,Backe die fruchtig-schokoladigste Welle des Sommers,2026-08-08,2026-08-10,3,2
63743511727377,2026-08-08T13:33:31+00:00,https://www.leckerschmecker.me/obst-grillen-sommerfruechten/63743511727377,Obst grillen? Aber ja! So wird aus Sommerfrüchten ein richtig gutes Dessert,2026-08-08,2026-08-10,3,2
63743511727723,2026-08-08T13:51:00+00:00,https://www.leckerschmecker.me/ananas-frischkase-torte/63743511727723,Mit unserer Ananas-Frischkäse-Torte bleibt der Ofen aus!,2026-08-08,2026-08-10,3,1
63743511716317,2026-08-08T13:54:15+00:00,https://www.leckerschmecker.me/zucchini-tofu-stir-fry-a-b/63743511716317,Von der chinesischen Küche inspiriert: Zucchini-Tofu-Stir-Fry,2026-08-08,2026-08-10,3,1
63743511555077,2026-08-08T13:55:04+00:00,https://www.leckerschmecker.me/tomaten-zucchini-curry-a-d/63743511555077,Dieses Tomaten-Zucchini-Curry überrascht mit indischen Aromen,2026-08-08,2026-08-10,3,1
63743511524717,2026-08-08T14:10:44+00:00,https://www.leckerschmecker.me/joghurt-bites-a-a-beeren/63743511524717,Eis mal anders: gefrorene Joghurt-Bites mit Beeren und Schokolade,2026-08-08,2026-08-10,3,3
63743511721255,2026-08-08T14:10:46+00:00,https://www.leckerschmecker.me/zucchini-schinken-roellchen-kind/63743511721255,Knusprige Zucchini-Schinken-Röllchen aus dem Ofen: So lecker kann einfach sein,2026-08-08,2026-08-10,3,9
63743511727039,2026-08-08T14:42:38+00:00,https://www.leckerschmecker.me/zitronen-huehnchen-orzo-wuerzig/63743511727039,"Würzig, frisch und aromatisch vielseitig – ein Pfannengericht für jeden Tag",2026-08-08,2026-08-10,3,2
63743511724008,2026-08-08T15:27:00+00:00,https://www.leckerschmecker.me/vegetarisches-labskaus/63743511724008,"Ahoi, Seemann! Heute gibt es Labskaus in vegetarisch",2026-08-09,2026-08-09,1,1
63743511728250,2026-08-08T16:22:00+00:00,https://www.leckerschmecker.me/knoblauch-carbonara/63743511728250,Diese Carbonara riecht schon beim Kochen wie ein italienischer Sonntag,2026-08-09,2026-08-10,2,1
63743511714381,2026-08-08T18:38:00+00:00,https://www.leckerschmecker.me/salzsorten-im-ueberblick/63743511714381,Welches Salz darf&#8217;s denn sein: verschiedene Salzsorten im Überblick,2026-08-09,2026-08-09,1,1
63743511725141,2026-08-09T04:13:35+00:00,https://www.leckerschmecker.me/pilz-paprikasch-schmeckt/63743511725141,Würzige Pilze in cremiger Paprikasoße: So schmeckt Ungarn,2026-08-09,2026-08-10,2,6
63743511727371,2026-08-09T04:13:36+00:00,https://www.leckerschmecker.me/zwetschgen-quark-auflauf-ofenklassiker/63743511727371,Dieser Zwetschgen-Quark-Auflauf ist der gemütliche Ofenklassiker für dein Spätsommerfrühstück,2026-08-09,2026-08-10,2,3
63743511728216,2026-08-09T04:13:37+00:00,https://www.leckerschmecker.me/marokkanisches-ofengemuese-mit-halloumi-wuerzig/63743511728216,"Marokkanisches Ofengemüse mit Halloumi: würzig, bunt und herrlich einfach",2026-08-09,2026-08-10,2,2
63743511725442,2026-08-09T04:13:38+00:00,https://www.leckerschmecker.me/griechischer-joghurt-eis-mit-honig-walnuessen-eiszeit-cremige/63743511725442,Cremige Eiszeit auf griechische Art: mit Honig und karamellisierten Nüssen,2026-08-09,2026-08-10,2,4
63743511728481,2026-08-09T05:31:41+00:00,https://www.leckerschmecker.me/sangria-sorbet-spanische/63743511728481,Sangria Sorbet: der spanische Sommerklassiker als eiskaltes Dessert,2026-08-09,2026-08-10,2,2
63743511727112,2026-08-09T05:31:42+00:00,https://www.leckerschmecker.me/zhingyalov-hats-armenisches-fladenbrot-armeniens/63743511727112,"Zhingyalov Hats: Armeniens Antwort auf alles, was du bisher über Brot wusstest",2026-08-09,2026-08-10,2,2
63743511418008,2026-08-09T06:26:14+00:00,https://www.leckerschmecker.me/pflaumenkompott-a-b/63743511418008,Dieses Pflaumenkompott schmeckt wie früher,2026-08-09,2026-08-11,3,1
63743511411830,2026-08-09T06:33:00+00:00,https://www.leckerschmecker.me/zitronen-buttermilch-eis-a-b/63743511411830,Mit diesem Zitronen-Buttermilch-Eis am Stiel überstehst du die nächste Hitzewelle,2026-08-09,2026-08-11,3,1
63743511727979,2026-08-09T06:34:00+00:00,https://www.leckerschmecker.me/ueberbackenes-kaesebrot-mit-pfifferlingen/63743511727979,Diese pfiffige Stullen-Idee bringt Waldaromen auf den Teller,2026-08-09,2026-08-09,1,1
63743511560187,2026-08-09T06:49:31+00:00,https://www.leckerschmecker.me/haferflocken-pflaumenkuchen-vom-blech-a-b-knusprig/63743511560187,"Knusprig, fruchtig, bodenständig: Diesen Pflaumenkuchen wirst du immer wieder backen",2026-08-09,2026-08-11,3,2
63743511579451,2026-08-09T06:49:32+00:00,https://www.leckerschmecker.me/kartoffelsandwiches-a-a-knolle/63743511579451,Mit diesen Kartoffelsandwiches wird die Knolle zum Star,2026-08-09,2026-08-10,2,2
63743511728145,2026-08-09T07:32:37+00:00,https://www.leckerschmecker.me/parmesan-zucchini-airfryer-gruen/63743511728145,Zucchini mit Parmesan aus dem Airfryer,2026-08-09,2026-08-11,3,2
63743511727539,2026-08-09T08:17:00+00:00,https://www.leckerschmecker.me/burmesischer-tofu/63743511727539,Burmesischer Tofu: Was steckt hinter dem sojafreien Klassiker aus Myanmar?,2026-08-09,2026-08-09,1,1
63743511727530,2026-08-09T08:45:32+00:00,https://www.leckerschmecker.me/gegrillte-zucchini-mit-ziegenkaese-und-honig-lieblingsgericht/63743511727530,So werden Zucchini zu deinem Lieblingsgericht,2026-08-09,2026-08-11,3,2
63743511728364,2026-08-09T08:45:33+00:00,https://www.leckerschmecker.me/waldfrucht-parfait-verwandelt/63743511728364,Dieses Waldfrucht-Parfait verwandelt Beeren in ein eiskaltes Sommerdessert,2026-08-09,2026-08-10,2,2
63743511727971,2026-08-09T09:43:00+00:00,https://www.leckerschmecker.me/orzo-caprese-salat/63743511727971,Frisch-würziger Salat für jeden Tag,2026-08-09,2026-08-10,2,1
63743511727947,2026-08-09T10:18:00+00:00,https://www.leckerschmecker.me/pflaumen-ziegenkaese-flammkuchen/63743511727947,Pflaumen-Ziegenkäse-Flammkuchen: Genuss-Duo zum Verlieben,2026-08-09,2026-08-09,1,1
63743511728363,2026-08-09T11:31:00+00:00,https://www.leckerschmecker.me/auberginen-katsu/63743511728363,Auberginen-Katsu aus dem Airfryer knuspert ganz ohne Fritteuse,2026-08-09,2026-08-10,2,1
63743511714381,2026-08-09T13:33:29+00:00,https://www.leckerschmecker.me/salzsorten-im-ueberblick-salz/63743511714381,Welches Salz darf&#8217;s denn sein: verschiedene Salzsorten im Überblick,2026-08-09,2026-08-11,3,2
63743511724008,2026-08-09T13:33:30+00:00,https://www.leckerschmecker.me/vegetarisches-labskaus-ahoi/63743511724008,"Ahoi, Seemann! Heute gibt es Labskaus in vegetarisch",2026-08-09,2026-08-11,3,2
63743511728478,2026-08-09T13:53:00+00:00,https://www.leckerschmecker.me/aprikosen-quark-kuchen-vom-blech/63743511728478,Aprikose und Quark: Traumteam auf deinem Kuchenblech,2026-08-09,2026-08-11,3,1
63743511565953,2026-08-09T14:00:40+00:00,https://www.leckerschmecker.me/zucchini-knoedel-a-a-raffiniert/63743511565953,"Wer sagt, dass Knödel nur was für Herbst und Winter sind?",2026-08-09,2026-08-11,3,2
63743511728524,2026-08-09T15:26:00+00:00,https://www.leckerschmecker.me/tomaten-galette-mit-ajvar/63743511728524,Tomaten-Galette mit Ajvar,2026-08-10,2026-08-10,1,1
63743511412472,2026-08-09T15:28:39+00:00,https://www.leckerschmecker.me/pflaumenkuchen-aus-der-kastenform-a-z-blitzschnell/63743511412472,Dieser Pflaumenkuchen aus der Kastenform ist blitzschnell zubereitet,2026-08-10,2026-08-11,2,2
63743511727925,2026-08-09T16:31:00+00:00,https://www.leckerschmecker.me/schweinefilet-mit-brombeeren-im-schinkenmantel/63743511727925,Schweinefilet mit Brombeeren im Schinkenmantel ist süß-herzhaft auf die elegante Art,2026-08-10,2026-08-11,2,1
63743511727727,2026-08-09T18:31:00+00:00,https://www.leckerschmecker.me/wassermelone-paloma/63743511727727,Wassermelone Paloma besiegt die Hitze,2026-08-10,2026-08-10,1,1
63743511727545,2026-08-10T04:07:36+00:00,https://www.leckerschmecker.me/hawaiianisches-grilled-cheese-sandwich-hawaii/63743511727545,Mehr als Toast Hawaii: Dieses Grilled Cheese Sandwich ist ein wahrer Genussmoment,2026-08-10,2026-08-11,2,2
63743511724657,2026-08-10T04:07:37+00:00,https://www.leckerschmecker.me/haehnchen-zucchini-auflauf-moechtest/63743511724657,"Deftig, bunt und einfach gut: ein Auflauf, den du jeden Tag genießen möchtest",2026-08-10,2026-08-11,2,6
63743511726165,2026-08-10T04:07:38+00:00,https://www.leckerschmecker.me/griechischer-zucchinisalat-uebernimmt/63743511726165,In diesem aromatischen Salat übernimmt Zucchini die Hauptrolle,2026-08-10,2026-08-11,2,4
63743511727053,2026-08-10T04:07:39+00:00,https://www.leckerschmecker.me/kaesecracker-aus-dem-airfryer-kuerzlich/63743511727053,Der einfache Knabbersnack: Käsecracker aus dem Airfryer,2026-08-10,2026-08-11,2,4
63743511728399,2026-08-10T05:01:00+00:00,https://www.leckerschmecker.me/pflaumenmus-ohne-zucker/63743511728399,Pflaumenmus ohne Zucker: das beste Rezept für die Pflaumensaison,2026-08-10,2026-08-11,2,1
63743511413958,2026-08-10T05:18:24+00:00,https://www.leckerschmecker.me/pflaumen-griess-auflauf-a-c/63743511413958,Pflaumen-Grieß-Auflauf: Lieblingsrezept aus der Kindheit,2026-08-10,2026-08-11,2,1
63743511727539,2026-08-10T05:30:43+00:00,https://www.leckerschmecker.me/burmesischer-tofu-steckt/63743511727539,Burmesischer Tofu: Was steckt hinter dem sojafreien Klassiker aus Myanmar?,2026-08-10,2026-08-11,2,2
63743511727947,2026-08-10T05:30:43+00:00,https://www.leckerschmecker.me/pflaumen-ziegenkaese-flammkuchen-genuss/63743511727947,Pflaumen-Ziegenkäse-Flammkuchen: Genuss-Duo zum Verlieben,2026-08-10,2026-08-11,2,2
63743511727979,2026-08-10T05:30:44+00:00,https://www.leckerschmecker.me/ueberbackenes-kaesebrot-mit-pfifferlingen-pfiffige/63743511727979,Diese pfiffige Stullen-Idee bringt Waldaromen auf den Teller,2026-08-10,2026-08-11,2,2
63743511569374,2026-08-10T05:47:17+00:00,https://www.leckerschmecker.me/tomatokeftedes-a-b/63743511569374,Tomatokeftedes: Santorinis berühmtestes Fingerfood,2026-08-10,2026-08-11,2,1
63743511728414,2026-08-10T06:32:00+00:00,https://www.leckerschmecker.me/zucchini-sandwich/63743511728414,Sandwich ohne Brot? Kein Problem in dieser knusprigen Kreation,2026-08-10,2026-08-10,1,1
63743511728363,2026-08-10T06:55:36+00:00,https://www.leckerschmecker.me/auberginen-katsu-airfryer/63743511728363,Auberginen-Katsu aus dem Airfryer knuspert ganz ohne Fritteuse,2026-08-10,2026-08-12,3,2
63743511727971,2026-08-10T06:55:37+00:00,https://www.leckerschmecker.me/orzo-caprese-salat-frisch/63743511727971,Frisch-würziger Salat für jeden Tag,2026-08-10,2026-08-11,2,2
63743511728714,2026-08-10T07:23:00+00:00,https://www.leckerschmecker.me/pisang-goreng/63743511728714,Pisang Goreng: Streetfood-Klassiker aus Indonesien für deine Küche,2026-08-10,2026-08-10,1,1
63743511727041,2026-08-10T07:24:40+00:00,https://www.leckerschmecker.me/banana-pudding-shake-suess/63743511727041,"Banana Pudding Shake, Sommer kann so süß sein",2026-08-10,2026-08-12,3,3
63743511723179,2026-08-10T07:24:41+00:00,https://www.leckerschmecker.me/zucchini-schinken-strudel-beispiele/63743511723179,Zucchini-Schinken-Strudel: knuspriges Ofengericht,2026-08-10,2026-08-12,3,7
63743511725171,2026-08-10T08:01:39+00:00,https://www.leckerschmecker.me/italienischer-schichtsalat-mit-spaghetti-gehoerten/63743511725171,Dieser Spaghetti-Schichtsalat schmeckt nach Sommer und ist schnell gemacht,2026-08-10,2026-08-12,3,5
63743511727404,2026-08-10T08:01:40+00:00,https://www.leckerschmecker.me/briam-griechischer-gemueseauflauf-mediterranem/63743511727404,Briam – griechischer Gemüseauflauf mit mediterranem Sommergemüse,2026-08-10,2026-08-12,3,2
63743511728009,2026-08-10T08:12:00+00:00,https://www.leckerschmecker.me/milchreis-eis-zwetschgenkompott/63743511728009,Hast du schon mal Milchreis als Eis gegessen? Das solltest du nicht verpassen,2026-08-10,2026-08-10,1,1
63743511486586,2026-08-10T08:55:36+00:00,https://www.leckerschmecker.me/ueberbackenes-kaesebrot-mit-gebratenen-champignons-a-a/63743511486586,"Aus Brot, Käse und Pilzen wird diese herzhafte Mahlzeit: Was es wohl ist?",2026-08-10,2026-08-12,3,1
63743511571245,2026-08-10T10:04:37+00:00,https://www.leckerschmecker.me/zucchini-gurken-salat-a-a/63743511571245,Der Hit für deinen Sommerlunch: Zucchini-Gurken-Salat,2026-08-10,2026-08-11,2,1
63743511360920,2026-08-10T10:06:39+00:00,https://www.leckerschmecker.me/philadelphia-haehnchen-a-u/63743511360920,Cremiges Philadelphia-Hähnchen mit Frischkäse: leckeres Wohlfühlgericht,2026-08-10,2026-08-12,3,1
63743511728457,2026-08-10T10:09:00+00:00,https://www.leckerschmecker.me/pfirsich-wassermelonen-salat/63743511728457,"Zuverlässige, fruchtige Erfrischung an heißen Tagen mit diesem Salat",2026-08-10,2026-08-11,2,1
63743511727723,2026-08-10T10:55:39+00:00,https://www.leckerschmecker.me/ananas-frischkase-torte-frischkaese/63743511727723,Mit unserer Ananas-Frischkäse-Torte bleibt der Ofen aus!,2026-08-10,2026-08-11,2,2
63743511560891,2026-08-10T11:18:16+00:00,https://www.leckerschmecker.me/olivenoelkuchen-mit-pfirsich-a-a/63743511560891,Von diesem Kuchen bekommt niemand genug,2026-08-10,2026-08-12,3,1
63743511567419,2026-08-10T11:21:22+00:00,https://www.leckerschmecker.me/spinat-feta-chips-a-a/63743511567419,Spinat-Feta-Chips: knuspriger Ofen-Snack,2026-08-10,2026-08-12,3,1
63743511728619,2026-08-10T11:22:00+00:00,https://www.leckerschmecker.me/blaubeer-tiramisu/63743511728619,Dieses fruchtige Schichtdessert bringt dir Beerenglück,2026-08-10,2026-08-11,2,1
63743511562322,2026-08-10T11:25:38+00:00,https://www.leckerschmecker.me/mangoldrouladen-mit-frischkaesesosse-a-b-rouladen/63743511562322,Diese Rouladen mit Mangold schmecken auch im Sommer gut,2026-08-10,2026-08-12,3,2
63743511572658,2026-08-10T11:25:39+00:00,https://www.leckerschmecker.me/zucchini-champignon-auflauf-haehnchen-a-c-wohlfuehlgericht/63743511572658,Dieses Wohlfühlgericht zum Feierabend hast du dir verdient,2026-08-10,2026-08-12,3,2
63743511569414,2026-08-10T12:03:22+00:00,https://www.leckerschmecker.me/knoblauch-parmesan-spiesse-fuer/63743511569414,Knoblauch-Parmesan-Hähnchenspieße: perfekt für den Grillabend,2026-08-10,2026-08-12,3,1
63743511351062,2026-08-10T12:09:06+00:00,https://www.leckerschmecker.me/kritharaki-auflauf-mit-feta-a-o/63743511351062,Griechischer Kritharaki-Auflauf mit Feta: leckere Grüße vom Mittelmeer,2026-08-10,2026-08-12,3,1
63743511728364,2026-08-10T12:57:35+00:00,https://www.leckerschmecker.me/waldfrucht-parfait-beeren/63743511728364,Dieses Waldfrucht-Parfait verwandelt Beeren in ein eiskaltes Sommerdessert,2026-08-10,2026-08-12,3,3
63743511581894,2026-08-10T13:20:37+00:00,https://www.leckerschmecker.me/kaesekuchen-mit-pflaumen-a-a/63743511581894,Dieser fruchtig-süße Pflaumen-Käsekuchen katapultiert dich direkt in Omas Backstube,2026-08-10,2026-08-12,3,1
63743511727727,2026-08-10T13:23:38+00:00,https://www.leckerschmecker.me/wassermelone-paloma-besiegt/63743511727727,Wassermelone Paloma besiegt die Hitze,2026-08-10,2026-08-12,3,2
63743511728524,2026-08-10T13:23:39+00:00,https://www.leckerschmecker.me/tomaten-galette-mit-ajvar-knusprige/63743511728524,Tomaten-Galette mit Ajvar,2026-08-10,2026-08-12,3,2
63743511728472,2026-08-10T13:56:00+00:00,https://www.leckerschmecker.me/pfirsich-limoncello-kuchen-aus-der-kastenform/63743511728472,"Pfirsich, Limoncello, Kuchen: was will man mehr?",2026-08-10,2026-08-11,2,1
63743511728250,2026-08-10T14:12:44+00:00,https://www.leckerschmecker.me/knoblauch-carbonara-riecht/63743511728250,Diese Carbonara riecht schon beim Kochen wie ein italienischer Sonntag,2026-08-10,2026-08-12,3,2
63743511727039,2026-08-10T14:12:45+00:00,https://www.leckerschmecker.me/zitronen-huehnchen-orzo-frisch/63743511727039,"Würzig, frisch und aromatisch vielseitig – ein Pfannengericht für jeden Tag",2026-08-10,2026-08-12,3,3
63743511728982,2026-08-10T15:24:00+00:00,https://www.leckerschmecker.me/tofu-souvlaki/63743511728982,Tofu-Souvlaki bringt griechisches Grillgefühl auf den veganen Teller,2026-08-10,2026-08-11,2,1
63743511728471,2026-08-10T16:27:00+00:00,https://www.leckerschmecker.me/tofu-fried-chicken-nuggets-aus-dem-airfryer/63743511728471,Knuspriger wird&#8217;s nicht: Probiere Tofu-Fried-Chicken-Nuggets aus dem Airfryer,2026-08-11,2026-08-11,1,1
63743511426799,2026-08-10T16:43:03+00:00,https://www.leckerschmecker.me/feigensenf-a-c/63743511426799,Feigensenf ganz einfach selber machen,2026-08-11,2026-08-12,2,1
63743511727735,2026-08-10T18:39:00+00:00,https://www.leckerschmecker.me/draussen-essen/63743511727735,Picknick und laue Sommerabende im Park: Warum Essen draußen einfach besser schmeckt,2026-08-11,2026-08-11,1,1
63743511579451,2026-08-11T04:11:40+00:00,https://www.leckerschmecker.me/kartoffelsandwiches-a-a-star/63743511579451,Mit diesen Kartoffelsandwiches wird die Knolle zum Star,2026-08-11,2026-08-12,2,3
63743511728216,2026-08-11T04:11:41+00:00,https://www.leckerschmecker.me/marokkanisches-ofengemuese-mit-halloumi-bunt/63743511728216,"Marokkanisches Ofengemüse mit Halloumi: würzig, bunt und herrlich einfach",2026-08-11,2026-08-12,2,3
63743511721255,2026-08-11T04:11:42+00:00,https://www.leckerschmecker.me/zucchini-schinken-roellchen-glueck/63743511721255,Knusprige Zucchini-Schinken-Röllchen aus dem Ofen: So lecker kann einfach sein,2026-08-11,2026-08-12,2,10
63743511561154,2026-08-11T04:22:54+00:00,https://www.leckerschmecker.me/raffaello-porridge-a-a/63743511561154,Raffaello-Porridge: Frühstück in 10 Minuten,2026-08-11,2026-08-12,2,1
63743511729161,2026-08-11T05:04:00+00:00,https://www.leckerschmecker.me/pfirsich-chiapudding/63743511729161,Sommerfrühstück zum Vorbereiten: Pfirsich-Chiapudding,2026-08-11,2026-08-11,1,1
63743511729134,2026-08-11T05:26:40+00:00,https://www.leckerschmecker.me/kaese-walnuss-broetchen-schnell/63743511729134,Schnell gebacken und herzhaft lecker: Käse-Walnuss-Brötchen,2026-08-11,2026-08-12,2,1
63743511729276,2026-08-11T05:26:41+00:00,https://www.leckerschmecker.me/schoko-himbeer-kaesekuchen-cheesecake/63743511729276,"Schoko-Himbeer-Cheesecake: Ein Kuchen, der alle glücklich macht",2026-08-11,2026-08-12,2,1
63743511728009,2026-08-11T05:26:42+00:00,https://www.leckerschmecker.me/milchreis-eis-zwetschgenkompott-gegessen/63743511728009,Hast du schon mal Milchreis als Eis gegessen? Das solltest du nicht verpassen,2026-08-11,2026-08-12,2,2
63743511728714,2026-08-11T05:26:43+00:00,https://www.leckerschmecker.me/pisang-goreng-streetfood/63743511728714,Pisang Goreng: Streetfood-Klassiker aus Indonesien für deine Küche,2026-08-11,2026-08-12,2,2
63743511728414,2026-08-11T05:26:44+00:00,https://www.leckerschmecker.me/zucchini-sandwich-brot/63743511728414,Sandwich ohne Brot? Kein Problem in dieser knusprigen Kreation,2026-08-11,2026-08-12,2,2
63743511580713,2026-08-11T05:49:16+00:00,https://www.leckerschmecker.me/pflaumenmuffins-mit-quark-oel-teig-a-b/63743511580713,Kleine Pflaumenkuchen im handlichen Format,2026-08-11,2026-08-12,2,1
63743511356550,2026-08-11T05:52:05+00:00,https://www.leckerschmecker.me/bifteki-a-g/63743511356550,Griechisch grillen: So machst du die besten Bifteki mit Feta,2026-08-11,2026-08-12,2,1
63743511423118,2026-08-11T06:02:54+00:00,https://www.leckerschmecker.me/griechische-salat-wraps-a-b/63743511423118,Griechische Salat-Wraps mit Gyros und Feta: Mediterranes Fingerfood,2026-08-12,2026-08-12,1,1
63743511728619,2026-08-11T06:03:37+00:00,https://www.leckerschmecker.me/blaubeer-tiramisu-fruchtige/63743511728619,Dieses fruchtige Schichtdessert bringt dir Beerenglück,2026-08-12,2026-08-12,1,2
63743511566323,2026-08-11T06:28:26+00:00,https://www.leckerschmecker.me/sternschnuppennaechte-snacks-a-b/63743511566323,Sternschnuppennächte: die besten Snacks für das kosmische Ereignis des Jahres,2026-08-12,2026-08-13,2,1
63743511345873,2026-08-11T06:49:50+00:00,https://www.leckerschmecker.me/granola-cups-a-c/63743511345873,Granola Cups mit Beeren und Joghurt: süße Frühstücksidee,2026-08-12,2026-08-13,2,1
63743511724657,2026-08-11T06:55:36+00:00,https://www.leckerschmecker.me/haehnchen-zucchini-auflauf-gerichte/63743511724657,"Deftig, bunt und einfach gut: ein Auflauf, den du jeden Tag genießen möchtest",2026-08-12,2026-08-12,1,7
63743511725442,2026-08-11T06:55:37+00:00,https://www.leckerschmecker.me/griechischer-joghurt-eis-mit-honig-walnuessen-eiszeit-eiszeit/63743511725442,Cremige Eiszeit auf griechische Art: mit Honig und karamellisierten Nüssen,2026-08-12,2026-08-12,1,5
63743511727530,2026-08-11T07:21:37+00:00,https://www.leckerschmecker.me/gegrillte-zucchini-mit-ziegenkaese-und-honig-ohren/63743511727530,So werden Zucchini zu deinem Lieblingsgericht,2026-08-12,2026-08-13,2,3
63743511728145,2026-08-11T07:21:39+00:00,https://www.leckerschmecker.me/parmesan-zucchini-airfryer-schmeckt/63743511728145,Zucchini mit Parmesan aus dem Airfryer,2026-08-12,2026-08-13,2,3
63743511419685,2026-08-11T07:39:00+00:00,https://www.leckerschmecker.me/griechischer-griesskuchen-mit-pflaumenkompott-a-b/63743511419685,Griechischer Grießkuchen mit Pflaumenkompott: besser geht&#8217;s nicht,2026-08-12,2026-08-13,2,1
63743511423175,2026-08-11T08:16:51+00:00,https://www.leckerschmecker.me/griechischer-auberginendip-melitzanosalata-a-c/63743511423175,Dieser griechische Auberginendip lässt vom nächsten Urlaub träumen,2026-08-12,2026-08-13,2,1
63743511419720,2026-08-11T08:18:24+00:00,https://www.leckerschmecker.me/strapatsada-griechisches-ruehrei-a-c/63743511419720,Griechisches Rührei mit Feta: Probiere Strapatsada,2026-08-12,2026-08-13,2,1
63743511384886,2026-08-11T08:28:42+00:00,https://www.leckerschmecker.me/couscous-zucchini-puffer-a-h/63743511384886,Couscous-Zucchini-Puffer: knusprige Bratlinge in nur 20 Minuten,2026-08-12,2026-08-13,2,1
63743511404593,2026-08-11T08:31:09+00:00,https://www.leckerschmecker.me/blaubeer-joghurt-torte-a-k/63743511404593,Blaubeer-Joghurt-Torte: fruchtig trifft auf cremig,2026-08-12,2026-08-13,2,1
63743511478958,2026-08-11T08:41:32+00:00,https://www.leckerschmecker.me/halloumi-aus-der-heissluftfritteuse-a-b/63743511478958,"Halloumi aus der Heißluftfritteuse: einfach, schnell und unglaublich gut",2026-08-12,2026-08-13,2,1
63743511571245,2026-08-11T08:47:28+00:00,https://www.leckerschmecker.me/zucchini-gurken-salat-a-a-hit/63743511571245,Der Hit für deinen Sommerlunch: Zucchini-Gurken-Salat,2026-08-12,2026-08-13,2,2
63743511728457,2026-08-11T08:47:29+00:00,https://www.leckerschmecker.me/pfirsich-wassermelonen-salat-zuverlaessige/63743511728457,"Zuverlässige, fruchtige Erfrischung an heißen Tagen mit diesem Salat",2026-08-12,2026-08-12,1,2
63743511495114,2026-08-11T09:05:03+00:00,https://www.leckerschmecker.me/huettenkaese-mit-obstsalat-a-a/63743511495114,Hol dir eine geballte Ladung Proteine und Vitamine mit diesem Frühstück,2026-08-12,2026-08-13,2,1
63743511569098,2026-08-11T09:10:31+00:00,https://www.leckerschmecker.me/kelemia-griechische-gefuellte-zwiebeln-a-a/63743511569098,Hast du schon mal gefüllte Zwiebeln gegessen?,2026-08-12,2026-08-13,2,1
63743511729240,2026-08-11T09:29:00+00:00,https://www.leckerschmecker.me/zucchini-curry-suppe/63743511729240,Lass die Zucchini in die Suppe wandern,2026-08-12,2026-08-13,2,1
63743511728985,2026-08-11T10:05:00+00:00,https://www.leckerschmecker.me/portugiesischer-tomatenreis/63743511728985,Portugiesischer Tomatenreis bringt Sonne und Saftigkeit auf den Teller,2026-08-12,2026-08-12,1,1
63743511427159,2026-08-11T11:12:26+00:00,https://www.leckerschmecker.me/castella-kuchen-a-n/63743511427159,Castella-Kuchen: fluffige Kuchenwolke aus Japan mit wenigen Zutaten,2026-08-12,2026-08-13,2,1
63743511401405,2026-08-11T11:14:23+00:00,https://www.leckerschmecker.me/saechsischer-zuckerkuchen-a-w/63743511401405,Sächsischer Zuckerkuchen: Kultgebäck aus dem Erzgebirge,2026-08-12,2026-08-13,2,1
63743511324000,2026-08-11T11:14:52+00:00,https://www.leckerschmecker.me/spanakopita-griechische-spinatpita-a-d/63743511324000,Griechische Spinatpita: ein Hauch von Urlaub auf dem Teller,2026-08-12,2026-08-13,2,1
63743511424101,2026-08-11T11:17:16+00:00,https://www.leckerschmecker.me/psarosoupa-griechische-fischsuppe-a-b/63743511424101,Psarosoupa: Diese griechische Fischsuppe ist schnell gemacht,2026-08-12,2026-08-13,2,1
63743511429215,2026-08-11T11:17:57+00:00,https://www.leckerschmecker.me/mediterrane-nudelpfanne-a-j/63743511429215,Mediterrane Pasta aus der Pfanne einfaches Lieblingsrezept,2026-08-12,2026-08-13,2,1
63743511423792,2026-08-11T11:22:29+00:00,https://www.leckerschmecker.me/portokalopita-griechischer-orangenkuchen-a-d/63743511423792,Dieser griechische Orangenkuchen lässt die Sonne aufgehen,2026-08-12,2026-08-13,2,1
63743511727371,2026-08-11T11:30:38+00:00,https://www.leckerschmecker.me/zwetschgen-quark-auflauf-fuer/63743511727371,Dieser Zwetschgen-Quark-Auflauf ist der gemütliche Ofenklassiker für dein Spätsommerfrühstück,2026-08-12,2026-08-13,2,4
63743511727971,2026-08-11T12:44:33+00:00,https://www.leckerschmecker.me/orzo-caprese-salat-wuerziger/63743511727971,Frisch-würziger Salat für jeden Tag,2026-08-12,2026-08-13,2,3
63743511407382,2026-08-11T12:51:17+00:00,https://www.leckerschmecker.me/joghurtkuchen-mit-apfel-a-w/63743511407382,Joghurtkuchen mit Apfel: einfach backen und genießen,2026-08-12,2026-08-13,2,1
63743511417785,2026-08-11T13:01:49+00:00,https://www.leckerschmecker.me/gegrillte-zucchinisuppe-a-b/63743511417785,Für diese Suppe werden Zucchini in einer Pfanne gegrillt,2026-08-12,2026-08-13,2,1
63743511403936,2026-08-11T13:09:32+00:00,https://www.leckerschmecker.me/pfirsich-melba-kuchen-a-c/63743511403936,Pfirsich-Melba-Kuchen: Genieße den Klassiker aus der Eisdiele mal anders,2026-08-12,2026-08-13,2,1
63743511404382,2026-08-11T13:16:15+00:00,https://www.leckerschmecker.me/zucchinibratlinge-mit-orzo-tomatensalat-a-l/63743511404382,Zucchini-Bratlinge mit Orzo-Tomatensalat: leichte Sommerküche,2026-08-12,2026-08-13,2,1
63743511409055,2026-08-11T13:18:19+00:00,https://www.leckerschmecker.me/zucchini-wraps-a-b/63743511409055,Diese leckeren Zucchini-Wraps sind der perfekte Snack im Sommer,2026-08-12,2026-08-13,2,1
63743511727735,2026-08-11T13:38:37+00:00,https://www.leckerschmecker.me/draussen-essen-picknick/63743511727735,Picknick und laue Sommerabende im Park: Warum Essen draußen einfach besser schmeckt,2026-08-12,2026-08-13,2,2
63743511728471,2026-08-11T13:38:38+00:00,https://www.leckerschmecker.me/tofu-fried-chicken-nuggets-aus-dem-airfryer-knuspriger/63743511728471,Knuspriger wird&#8217;s nicht: Probiere Tofu-Fried-Chicken-Nuggets aus dem Airfryer,2026-08-12,2026-08-13,2,2
63743511728982,2026-08-11T13:38:39+00:00,https://www.leckerschmecker.me/tofu-souvlaki-bringt/63743511728982,Tofu-Souvlaki bringt griechisches Grillgefühl auf den veganen Teller,2026-08-12,2026-08-13,2,2
63743511728472,2026-08-11T13:38:40+00:00,https://www.leckerschmecker.me/pfirsich-limoncello-kuchen-aus-der-kastenform-schmeckt/63743511728472,"Pfirsich, Limoncello, Kuchen: was will man mehr?",2026-08-12,2026-08-13,2,2
63743511729279,2026-08-11T13:56:00+00:00,https://www.leckerschmecker.me/johannisbeerkuchen-vom-blech/63743511729279,Backe dir süß-saures Beerenglück vom Blech,2026-08-12,2026-08-13,2,1
63743511565953,2026-08-11T14:04:50+00:00,https://www.leckerschmecker.me/zucchini-knoedel-a-a-einfach/63743511565953,"Wer sagt, dass Knödel nur was für Herbst und Winter sind?",2026-08-12,2026-08-13,2,3
63743511726165,2026-08-11T14:44:45+00:00,https://www.leckerschmecker.me/griechischer-zucchinisalat-zucchini/63743511726165,In diesem aromatischen Salat übernimmt Zucchini die Hauptrolle,2026-08-12,2026-08-13,2,5
63743511729344,2026-08-11T15:24:00+00:00,https://www.leckerschmecker.me/walnuss-pilz-bolognese/63743511729344,Diese vegane Bolognese ist super fix fertig – und schmeckt herrlich herzhaft,2026-08-12,2026-08-12,1,1
63743511722032,2026-08-11T17:18:00+00:00,https://www.leckerschmecker.me/beste-schneidebretter/63743511722032,"Holz, Plastik, Glas: Welches hiervon das beste Schneidebrett ist",2026-08-12,2026-08-13,2,1
63743511728808,2026-08-11T18:31:00+00:00,https://www.leckerschmecker.me/alkoholfreier-mai-tai/63743511728808,Alkoholfreier Mai Tai: Sonnenuntergang im Glas,2026-08-12,2026-08-13,2,1
63743511727723,2026-08-11T18:49:48+00:00,https://www.leckerschmecker.me/ananas-frischkase-torte-bleibt/63743511727723,Mit unserer Ananas-Frischkäse-Torte bleibt der Ofen aus!,2026-08-12,2026-08-13,2,3
63743511562717,2026-08-12T04:49:05+00:00,https://www.leckerschmecker.me/zucchini-feta-suppe-a-b/63743511562717,Zucchini-Feta-Suppe: sommerliches Suppenglück,2026-08-12,2026-08-13,2,1
63743511729644,2026-08-12T05:02:00+00:00,https://www.leckerschmecker.me/fruehstuecks-arancini/63743511729644,Frühstücks-Arancini machen Reisreste zum knusprigen Brunch,2026-08-12,2026-08-12,1,1
63743511400957,2026-08-12T05:09:39+00:00,https://www.leckerschmecker.me/zucchini-aufstrich-b-h/63743511400957,Diesen Zucchini-Aufstrich fürs Brot wirst du lieben,2026-08-12,2026-08-13,2,1
63743511728767,2026-08-12T05:33:35+00:00,https://www.leckerschmecker.me/silberzwiebeln-aus-dem-airfryer-knusprig/63743511728767,Silberzwiebeln knusprig zubereiten: einfaches Rezept für den Airfryer,2026-08-12,2026-08-13,2,1
63743511729871,2026-08-12T05:33:37+00:00,https://www.leckerschmecker.me/protein-beeren-pancakes-fluffige/63743511729871,Fluffige Protein-Pancakes mit Beeren: für einen süßen Start in den Tag,2026-08-12,2026-08-13,2,1
63743511729264,2026-08-12T05:33:39+00:00,https://www.leckerschmecker.me/pflaumen-overnight-oats-sommer/63743511729264,"Sommer zum Frühstück: cremig und fruchtig, genau richtig an warmen Tagen",2026-08-12,2026-08-13,2,1
63743511729075,2026-08-12T05:33:40+00:00,https://www.leckerschmecker.me/scharfer-aprikosenaufstrich-aufstrich/63743511729075,Dieser Aufstrich überrascht mit süßen und scharfen Aromen,2026-08-12,2026-08-13,2,1
63743511729161,2026-08-12T05:33:40+00:00,https://www.leckerschmecker.me/pfirsich-chiapudding-sommerfruehstueck/63743511729161,Sommerfrühstück zum Vorbereiten: Pfirsich-Chiapudding,2026-08-12,2026-08-13,2,2
63743511448489,2026-08-12T05:43:29+00:00,https://www.leckerschmecker.me/lachs-eiersalat-a-a/63743511448489,Dieser Lachs-Eiersalat ist wie gemacht für dein Frühstück,2026-08-12,2026-08-13,2,1
63743511365110,2026-08-12T05:45:54+00:00,https://www.leckerschmecker.me/eier-im-fegefeuer-a-c/63743511365110,Eier im Fegefeuer: Frühstücksrezept aus Italien,2026-08-12,2026-08-13,2,1
63743511387445,2026-08-12T05:51:54+00:00,https://www.leckerschmecker.me/tomatenmarmelade-a-a/63743511387445,Probiere diese fruchtig-pikante Tomatenmarmelade zum Frühstück,2026-08-12,2026-08-13,2,1
63743511375517,2026-08-12T06:09:46+00:00,https://www.leckerschmecker.me/vietnamesischer-eierkaffee-a-a/63743511375517,Vietnamesischer Eierkaffee: Kaffeespezialität aus Fernost,2026-08-12,2026-08-13,2,1
63743511441625,2026-08-12T06:14:58+00:00,https://www.leckerschmecker.me/buchteln-mit-aprikosenmarmelade-a-b/63743511441625,Buchteln mit Aprikosenmarmelade: süßes Rezept fürs Frühstück,2026-08-12,2026-08-14,3,1
63743511409451,2026-08-12T06:26:15+00:00,https://www.leckerschmecker.me/zucchini-im-speckmantel-a-d/63743511409451,Gegrillte Zucchini im Speckmantel ist unser Saison-Liebling beim Barbecue,2026-08-12,2026-08-14,3,1
63743511728457,2026-08-12T06:40:33+00:00,https://www.leckerschmecker.me/pfirsich-wassermelonen-salat-fruchtige/63743511728457,"Zuverlässige, fruchtige Erfrischung an heißen Tagen mit diesem Salat",2026-08-12,2026-08-14,3,3
63743511702628,2026-08-12T06:40:34+00:00,https://www.leckerschmecker.me/zucchini-basilikum-suppe-a-a-fuer/63743511702628,Suppengrün? Grüne Suppe! Hier treffen Basilikum und Zucchini aufeinander,2026-08-12,2026-08-13,2,2
63743511729717,2026-08-12T07:22:00+00:00,https://www.leckerschmecker.me/kaffee-schoko-schnecken/63743511729717,Genau das hat deiner Kaffeepause noch gefehlt,2026-08-12,2026-08-12,1,1
63743511725171,2026-08-12T07:31:43+00:00,https://www.leckerschmecker.me/italienischer-schichtsalat-mit-spaghetti-schichtsalate/63743511725171,Dieser Spaghetti-Schichtsalat schmeckt nach Sommer und ist schnell gemacht,2026-08-12,2026-08-14,3,6
63743511727404,2026-08-12T07:31:44+00:00,https://www.leckerschmecker.me/briam-griechischer-gemueseauflauf-sommergemuese/63743511727404,Briam – griechischer Gemüseauflauf mit mediterranem Sommergemüse,2026-08-12,2026-08-14,3,3
63743511724008,2026-08-12T08:00:10+00:00,https://www.leckerschmecker.me/vegetarisches-labskaus-a-b/63743511724008,"Ahoi, Seemann! Heute gibt es Labskaus in vegetarisch",2026-08-12,2026-08-14,3,3
63743511729775,2026-08-12T08:13:00+00:00,https://www.leckerschmecker.me/passionsfrucht-tiramisu/63743511729775,Vergiss klassisches Tiramisu: Diese fruchtige Variante musst du probieren,2026-08-12,2026-08-12,1,1
63743511427758,2026-08-12T08:17:30+00:00,https://www.leckerschmecker.me/tortilla-de-patata-mit-zucchini-a-f/63743511427758,Tortilla de Patata mit Zucchini: spanischer Klassiker in frischer Neuauflage,2026-08-12,2026-08-14,3,1
63743511728985,2026-08-12T08:41:30+00:00,https://www.leckerschmecker.me/portugiesischer-tomatenreis-bringt/63743511728985,Portugiesischer Tomatenreis bringt Sonne und Saftigkeit auf den Teller,2026-08-12,2026-08-14,3,2
63743511728250,2026-08-12T08:41:31+00:00,https://www.leckerschmecker.me/knoblauch-carbonara-kochen/63743511728250,Diese Carbonara riecht schon beim Kochen wie ein italienischer Sonntag,2026-08-12,2026-08-14,3,3
63743511552392,2026-08-12T09:17:44+00:00,https://www.leckerschmecker.me/zucchini-im-frittierten-teigmantel-a-a/63743511552392,Sommergemüse im Snack-Format: Mach Zucchini im frittierten Teigmantel,2026-08-12,2026-08-14,3,1
63743511399183,2026-08-12T09:20:17+00:00,https://www.leckerschmecker.me/streuselkuchen-mit-marmelade-a-c/63743511399183,Streuselkuchen mit Marmelade: Dieser einfache Blechkuchen gelingt auch Anfängern,2026-08-12,2026-08-14,3,1
63743511426176,2026-08-12T09:24:18+00:00,https://www.leckerschmecker.me/zucchini-schuettelpizza-a-e/63743511426176,Zucchini-Schüttelpizza: leckere Alternative zum italienischen Klassiker,2026-08-12,2026-08-14,3,1
63743511729245,2026-08-12T09:27:00+00:00,https://www.leckerschmecker.me/tofu-saganaki/63743511729245,Griechischer Klassiker mal anders: So lecker ist Tofu Saganaki,2026-08-12,2026-08-12,1,1
63743511419651,2026-08-12T09:27:55+00:00,https://www.leckerschmecker.me/zucchini-spinat-suppe-a-b/63743511419651,Cremige Zucchini-Spinat-Suppe mit Lauch: Lieblingsrezept im Sommer,2026-08-12,2026-08-14,3,1
63743511576396,2026-08-12T09:39:40+00:00,https://www.leckerschmecker.me/apfel-moehren-brot-a-a/63743511576396,"Fruchtig, saftig, selbst gebacken: Apfel-Möhren-Brot",2026-08-12,2026-08-14,3,1
63743511729552,2026-08-12T10:06:00+00:00,https://www.leckerschmecker.me/lauwarmer-pfifferling-salat/63743511729552,So lecker schmeckt der Start in die Pfifferling-Saison,2026-08-12,2026-08-12,1,1
63743511727545,2026-08-12T10:42:38+00:00,https://www.leckerschmecker.me/hawaiianisches-grilled-cheese-sandwich-wahrer/63743511727545,Mehr als Toast Hawaii: Dieses Grilled Cheese Sandwich ist ein wahrer Genussmoment,2026-08-12,2026-08-14,3,3
63743511397370,2026-08-12T10:47:32+00:00,https://www.leckerschmecker.me/zucchini-cremesuppe-a-d/63743511397370,Diese Zucchini-Cremesuppe liefert frische Feierabendküche,2026-08-12,2026-08-14,3,1
63743511583767,2026-08-12T11:13:35+00:00,https://www.leckerschmecker.me/bifteki-aus-dem-airfryer-a-b/63743511583767,Dein neuer Airfryer-Liebling: Bifteki wie vom Griechen,2026-08-12,2026-08-14,3,1
63743511729210,2026-08-12T11:20:00+00:00,https://www.leckerschmecker.me/gefuellte-zucchini-aus-dem-airfryer/63743511729210,Gefüllte Zucchini aus dem Airfryer: dein neues Lieblingsessen,2026-08-12,2026-08-12,1,1
63743511303318,2026-08-12T11:21:48+00:00,https://www.leckerschmecker.me/ipanema-a-c/63743511303318,Herrlich erfrischend: Ipanema wie von der Copacabana,2026-08-12,2026-08-14,3,1
63743511572658,2026-08-12T11:25:38+00:00,https://www.leckerschmecker.me/zucchini-champignon-auflauf-haehnchen-a-c-feierabend/63743511572658,Dieses Wohlfühlgericht zum Feierabend hast du dir verdient,2026-08-12,2026-08-14,3,3
63743511572238,2026-08-12T11:26:51+00:00,https://www.leckerschmecker.me/pfifferlinge-aus-dem-airfryer-a-a/63743511572238,Schätze aus dem Wald: Pfifferlinge im Airfryer zubereiten,2026-08-12,2026-08-14,3,1
63743511576795,2026-08-12T11:30:48+00:00,https://www.leckerschmecker.me/kalte-kartoffelsuppe-a-a/63743511576795,Kalte Kartoffelsuppe: perfekt für heiße Sommertage,2026-08-12,2026-08-14,3,1
63743511657756,2026-08-12T11:42:17+00:00,https://www.leckerschmecker.me/lachs-in-meerrettich-sahnesosse-a-a/63743511657756,Feierabendküche für Feinschmecker: Heute gibt&#8217;s mal wieder Fisch,2026-08-12,2026-08-14,3,1
63743511572635,2026-08-12T12:34:36+00:00,https://www.leckerschmecker.me/geroestete-tomaten-zucchini-suppe-a-c/63743511572635,Suppen aus geröstetem Gemüse? Bitte mehr davon!,2026-08-12,2026-08-14,3,1
63743511554226,2026-08-12T12:56:22+00:00,https://www.leckerschmecker.me/stachelbeer-streuselkuchen-vom-blech-a-c/63743511554226,Genieße die Beerenzeit mit einem Stachelbeer-Streuselkuchen vom Blech,2026-08-12,2026-08-14,3,1
63743511472044,2026-08-12T13:59:29+00:00,https://www.leckerschmecker.me/banana-pudding-a-b/63743511472044,Noch nie in New York? Mit Banana-Pudding wie aus der Magnola Bakery geht&#8217;s dorthin,2026-08-12,2026-08-14,3,1
63743511727039,2026-08-12T14:02:51+00:00,https://www.leckerschmecker.me/zitronen-huehnchen-orzo-aromatisch/63743511727039,"Würzig, frisch und aromatisch vielseitig – ein Pfannengericht für jeden Tag",2026-08-12,2026-08-14,3,4
63743511729401,2026-08-12T15:21:00+00:00,https://www.leckerschmecker.me/cookie-eissandwich/63743511729401,Cookie-Eissandwich: erfrischend und knusprig,2026-08-12,2026-08-13,2,1
63743511729344,2026-08-12T16:17:44+00:00,https://www.leckerschmecker.me/walnuss-pilz-bolognese-vegane/63743511729344,Diese vegane Bolognese ist super fix fertig – und schmeckt herrlich herzhaft,2026-08-13,2026-08-14,2,2
63743511725442,2026-08-12T16:49:38+00:00,https://www.leckerschmecker.me/griechischer-joghurt-eis-mit-honig-walnuessen-eiszeit-griechische/63743511725442,Cremige Eiszeit auf griechische Art: mit Honig und karamellisierten Nüssen,2026-08-13,2026-08-14,2,6
63743511729750,2026-08-12T17:14:00+00:00,https://www.leckerschmecker.me/gegrillte-zucchini-mandel-roellchen/63743511729750,Sommerlicher Grillgenuss mit Zucchini und Mandeln: einfach köstlich,2026-08-13,2026-08-13,1,1
63743511728984,2026-08-12T18:31:00+00:00,https://www.leckerschmecker.me/riesling-fizz/63743511728984,Riesling Fizz ist der prickelnde Wein-Cocktail für warme Abende,2026-08-13,2026-08-14,2,1
63743511724657,2026-08-13T04:06:39+00:00,https://www.leckerschmecker.me/haehnchen-zucchini-auflauf-funktionieren/63743511724657,"Deftig, bunt und einfach gut: ein Auflauf, den du jeden Tag genießen möchtest",2026-08-13,2026-08-14,2,8
63743511580713,2026-08-13T04:06:41+00:00,https://www.leckerschmecker.me/pflaumenmuffins-mit-quark-oel-teig-a-b-pflaumenkuchen/63743511580713,Kleine Pflaumenkuchen im handlichen Format,2026-08-13,2026-08-14,2,2
63743511728619,2026-08-13T04:06:41+00:00,https://www.leckerschmecker.me/blaubeer-tiramisu-schichtdessert/63743511728619,Dieses fruchtige Schichtdessert bringt dir Beerenglück,2026-08-13,2026-08-14,2,3
63743511569374,2026-08-13T04:06:42+00:00,https://www.leckerschmecker.me/tomatokeftedes-a-b-santorinis/63743511569374,Tomatokeftedes: Santorinis berühmtestes Fingerfood,2026-08-13,2026-08-14,2,2
63743511729757,2026-08-13T05:03:00+00:00,https://www.leckerschmecker.me/beerensirup/63743511729757,Sommerlimonade war noch nie so einfach,2026-08-13,2026-08-13,1,1
63743511729210,2026-08-13T05:19:40+00:00,https://www.leckerschmecker.me/gefuellte-zucchini-aus-dem-airfryer-neues/63743511729210,Gefüllte Zucchini aus dem Airfryer: dein neues Lieblingsessen,2026-08-13,2026-08-14,2,2
63743511729552,2026-08-13T05:19:41+00:00,https://www.leckerschmecker.me/lauwarmer-pfifferling-salat-lecker/63743511729552,So lecker schmeckt der Start in die Pfifferling-Saison,2026-08-13,2026-08-14,2,2
63743511729775,2026-08-13T05:19:42+00:00,https://www.leckerschmecker.me/passionsfrucht-tiramisu-vergiss/63743511729775,Vergiss klassisches Tiramisu: Diese fruchtige Variante musst du probieren,2026-08-13,2026-08-14,2,2
63743511729644,2026-08-13T05:19:43+00:00,https://www.leckerschmecker.me/fruehstuecks-arancini-reisreste/63743511729644,Frühstücks-Arancini machen Reisreste zum knusprigen Brunch,2026-08-13,2026-08-14,2,2
63743511729717,2026-08-13T05:19:43+00:00,https://www.leckerschmecker.me/kaffee-schoko-schnecken-genau/63743511729717,Genau das hat deiner Kaffeepause noch gefehlt,2026-08-13,2026-08-14,2,2
63743511251650,2026-08-13T05:59:18+00:00,https://www.leckerschmecker.me/flammkuchen-toasts-b-d/63743511251650,Flammkuchen-Toasts aus dem Ofen: schneller Snack für Genießer,2026-08-13,2026-08-15,3,1
63743511391870,2026-08-13T06:01:50+00:00,https://www.leckerschmecker.me/toast-hawaii-spiesse-a-w/63743511391870,Fingerfood: Diese leckeren Toast-Hawaii-Spieße musst du probieren,2026-08-13,2026-08-15,3,1
63743511729245,2026-08-13T06:11:42+00:00,https://www.leckerschmecker.me/tofu-saganaki-griechischer/63743511729245,Griechischer Klassiker mal anders: So lecker ist Tofu Saganaki,2026-08-13,2026-08-15,3,2
63743511729861,2026-08-13T06:34:00+00:00,https://www.leckerschmecker.me/johannisbeer-quark-pancakes/63743511729861,Johannisbeer-Quark-Pancakes: fluffig-fruchtiges Frühstück für zwei,2026-08-13,2026-08-13,1,1
63743511702628,2026-08-13T06:42:37+00:00,https://www.leckerschmecker.me/zucchini-basilikum-suppe-a-a-fans/63743511702628,Suppengrün? Grüne Suppe! Hier treffen Basilikum und Zucchini aufeinander,2026-08-13,2026-08-15,3,3
63743511448489,2026-08-13T06:42:38+00:00,https://www.leckerschmecker.me/lachs-eiersalat-a-a-perfekte/63743511448489,Dieser Lachs-Eiersalat ist wie gemacht für dein Frühstück,2026-08-13,2026-08-14,2,2
63743511224178,2026-08-13T06:47:27+00:00,https://www.leckerschmecker.me/frischkaese-kuchen-ohne-backen-a-i/63743511224178,Frischkäse-Kuchen ohne Backen: Hingucker auf der Kaffeetafel,2026-08-13,2026-08-15,3,1
63743511414608,2026-08-13T07:19:58+00:00,https://www.leckerschmecker.me/pflaumensmoothie-a-c/63743511414608,Pflaumensmoothie: frischer Start in den Tag,2026-08-13,2026-08-15,3,1
63743511729768,2026-08-13T07:21:00+00:00,https://www.leckerschmecker.me/zucchini-limetten-marmelade/63743511729768,Aus der Gemüsekiste aufs Brot: fruchtig-herbe Marmelade,2026-08-13,2026-08-13,1,1
63743511251022,2026-08-13T07:21:49+00:00,https://www.leckerschmecker.me/omas-gedeckter-apfelkuchen-b-v/63743511251022,Mit diesem Rezept schmeckt gedeckter Apfelkuchen am besten,2026-08-13,2026-08-15,3,1
63743511579451,2026-08-13T07:32:39+00:00,https://www.leckerschmecker.me/kartoffelsandwiches-a-a-bringst/63743511579451,Mit diesen Kartoffelsandwiches wird die Knolle zum Star,2026-08-13,2026-08-15,3,4
63743511729777,2026-08-13T08:12:00+00:00,https://www.leckerschmecker.me/agrodolce-italienische-suess-sauer-sosse/63743511729777,Diese italienische Süß-sauer-Soße musst du probiert haben,2026-08-13,2026-08-13,1,1
63743511533627,2026-08-13T08:22:08+00:00,https://www.leckerschmecker.me/parmesan-erbsen-a-b/63743511533627,Eine bessere Beilage als diese Erbsen mit Parmesan wirst du diesen Frühling nicht essen,2026-08-13,2026-08-15,3,1
63743511727371,2026-08-13T08:46:38+00:00,https://www.leckerschmecker.me/zwetschgen-quark-auflauf-spaetsommerfruehstueck/63743511727371,Dieser Zwetschgen-Quark-Auflauf ist der gemütliche Ofenklassiker für dein Spätsommerfrühstück,2026-08-13,2026-08-15,3,5
63743511530431,2026-08-13T09:30:36+00:00,https://www.leckerschmecker.me/ofenfenchel-mit-tomaten-und-feta-a-c/63743511530431,"Gemüseglück aus dem Ofen: Fenchel, Tomaten und Feta ist die beste Kombi",2026-08-13,2026-08-15,3,1
63743511730003,2026-08-13T09:32:00+00:00,https://www.leckerschmecker.me/gegrillter-kohlrabi/63743511730003,Die perfekte vegane Beilage: gegrillter Kohlrabi mit Orangen-Tahin-Dip,2026-08-13,2026-08-13,1,1
63743511251784,2026-08-13T09:33:13+00:00,https://www.leckerschmecker.me/couscous-salat-mit-minze-a-l/63743511251784,Dieser Couscous-Salat mit Minze ist das perfekte Sommerrezept,2026-08-13,2026-08-15,3,1
63743511442763,2026-08-13T09:35:06+00:00,https://www.leckerschmecker.me/haehnchenkeulen-aus-dem-ofen-a-c/63743511442763,So werden Hähnchenkeulen aus dem Ofen außen knusprig und innen zart,2026-08-13,2026-08-15,3,1
63743511412837,2026-08-13T09:40:55+00:00,https://www.leckerschmecker.me/fischeintopf-a-k/63743511412837,Aromatischer Fischeintopf: genießen wie am Mittelmeer,2026-08-13,2026-08-15,3,1
63743511390187,2026-08-13T09:44:36+00:00,https://www.leckerschmecker.me/gegrilltes-lachsfilet-mit-honig-senf-marinade-a-c/63743511390187,Gegrilltes Lachsfilet mit Honig-Senf-Marinade: mediterrane Aromen auf dem Grill,2026-08-13,2026-08-15,3,1
63743511251520,2026-08-13T09:48:39+00:00,https://www.leckerschmecker.me/streuselkuchen-mit-pudding-b-p/63743511251520,Dieser Streuselkuchen mit Pudding vom Blech ist einfach gebacken,2026-08-13,2026-08-15,3,1
63743511365900,2026-08-13T09:55:18+00:00,https://www.leckerschmecker.me/haferflocken-pfannkuchen-lachs-frischkaese-a-b/63743511365900,Haferflocken-Pfannkuchen mit Lachs und Frischkäse schmecken zu jeder Tageszeit,2026-08-13,2026-08-15,3,1
63743511730152,2026-08-13T10:08:00+00:00,https://www.leckerschmecker.me/kaese-pasta/63743511730152,Vom Scheibenkäse zur cremigsten Nudelsoße,2026-08-13,2026-08-13,1,1
63743511415010,2026-08-13T10:10:20+00:00,https://www.leckerschmecker.me/pflaumenkuchen-mit-zimtstreuseln-a-v/63743511415010,"Pflaumenkuchen mit Zimtstreuseln: die beste Art, Kuchen zu genießen",2026-08-13,2026-08-15,3,1
63743511376684,2026-08-13T10:45:21+00:00,https://www.leckerschmecker.me/lachs-aus-dem-ofen-mit-brokkoli-a-e/63743511376684,Lachs aus dem Ofen mit Brokkoli: blitzschnell und superlecker,2026-08-13,2026-08-15,3,1
63743511416364,2026-08-13T10:50:32+00:00,https://www.leckerschmecker.me/blaetterteigtaschen-mit-pflaumenmus-a-e/63743511416364,Blätterteigtaschen mit Pflaumenmus aus dem Airfryer: Snack für den süßen Hunger,2026-08-13,2026-08-15,3,1
63743511730236,2026-08-13T11:24:00+00:00,https://www.leckerschmecker.me/tortellini-auflauf-airfryer/63743511730236,"Pasta la vista, Hunger! Tortellini-Auflauf in 30 Minuten",2026-08-13,2026-08-15,3,1
63743511401737,2026-08-13T11:35:06+00:00,https://www.leckerschmecker.me/ofengemuese-mit-zitronen-knoblauch-dressing-a-b/63743511401737,Zitronen-Knoblauch-Ofengemüse: leckeres Sommerrezept,2026-08-13,2026-08-15,3,1
63743511404382,2026-08-13T11:37:37+00:00,https://www.leckerschmecker.me/zucchinibratlinge-mit-orzo-tomatensalat-a-l-zucchini/63743511404382,Zucchini-Bratlinge mit Orzo-Tomatensalat: leichte Sommerküche,2026-08-13,2026-08-15,3,2
63743511729279,2026-08-13T11:37:38+00:00,https://www.leckerschmecker.me/johannisbeerkuchen-vom-blech-backe/63743511729279,Backe dir süß-saures Beerenglück vom Blech,2026-08-13,2026-08-15,3,2
63743511403712,2026-08-13T11:38:41+00:00,https://www.leckerschmecker.me/zucchini-frittata-a-g/63743511403712,Diese Zucchini-Frittata ist lecker und einfach zubereitet,2026-08-13,2026-08-15,3,1
63743511302983,2026-08-13T11:43:02+00:00,https://www.leckerschmecker.me/knoblauchnudeln-c-e/63743511302983,Schnelle Feierabendküche: Knoblauchpasta mit Parmesan,2026-08-13,2026-08-15,3,1
63743511406307,2026-08-13T12:03:13+00:00,https://www.leckerschmecker.me/john-wayne-auflauf-a-n/63743511406307,John-Wayne-Auflauf mit Hackfleisch: schmeckt der ganzen Familie,2026-08-13,2026-08-15,3,1
63743511412525,2026-08-13T12:09:31+00:00,https://www.leckerschmecker.me/pflaumen-auflauf-a-c/63743511412525,Bei diesem süßen Auflauf sind Pflaumen der Star,2026-08-13,2026-08-15,3,1
63743511430863,2026-08-13T12:15:59+00:00,https://www.leckerschmecker.me/apfel-griesskuchen-a-q/63743511430863,Dieser Kuchen ist schnell gebacken und noch schneller vernascht,2026-08-13,2026-08-15,3,1
63743511430258,2026-08-13T12:16:02+00:00,https://www.leckerschmecker.me/zaalouk-tomaten-dip-a-e/63743511430258,Zaalouk ist der wahrscheinlich leckerste Tomaten-Dip Marokkos,2026-08-13,2026-08-15,3,1
63743511442318,2026-08-13T12:24:28+00:00,https://www.leckerschmecker.me/aubergine-aus-dem-airfryer-a-e/63743511442318,Aubergine mit Tomaten und Käse aus dem Airfryer: leckere Feierabendküche,2026-08-13,2026-08-15,3,1
63743511565410,2026-08-13T12:28:05+00:00,https://www.leckerschmecker.me/pflaumen-pudding-tarte-a-b/63743511565410,Diese Pflaumen-Pudding-Tarte ist ein Highlight in der Pflaumen-Saison,2026-08-13,2026-08-14,2,1
63743511225367,2026-08-13T12:36:37+00:00,https://www.leckerschmecker.me/zupfbrot-b-f/63743511225367,Zupfbrot mit Käse &amp; Knoblauchbutter: ideal zum Teilen,2026-08-13,2026-08-15,3,1
63743511411913,2026-08-13T12:37:45+00:00,https://www.leckerschmecker.me/pflaumenlikoer-a-a/63743511411913,So machst du Pflaumenlikör zum Verschenken oder Selbstgenießen,2026-08-13,2026-08-15,3,1
63743511567895,2026-08-13T12:39:25+00:00,https://www.leckerschmecker.me/pfifferling-spinat-gratin-a-b/63743511567895,"Holla die Waldfee, ist das gut!",2026-08-13,2026-08-15,3,1
63743511728808,2026-08-13T12:52:30+00:00,https://www.leckerschmecker.me/alkoholfreier-mai-tai-sonnenuntergang/63743511728808,Alkoholfreier Mai Tai: Sonnenuntergang im Glas,2026-08-13,2026-08-15,3,2
63743511729750,2026-08-13T13:37:43+00:00,https://www.leckerschmecker.me/gegrillte-zucchini-mandel-roellchen-sommerlicher/63743511729750,Sommerlicher Grillgenuss mit Zucchini und Mandeln: einfach köstlich,2026-08-13,2026-08-15,3,2
63743511729401,2026-08-13T13:37:44+00:00,https://www.leckerschmecker.me/cookie-eissandwich-erfrischend/63743511729401,Cookie-Eissandwich: erfrischend und knusprig,2026-08-13,2026-08-15,3,2
63743511730306,2026-08-13T13:56:00+00:00,https://www.leckerschmecker.me/brombeer-millefeuille/63743511730306,Brombeer-Millefeuille: knusprige Schichten von Sommerfrucht,2026-08-13,2026-08-14,2,1
63743511729463,2026-08-13T15:23:00+00:00,https://www.leckerschmecker.me/brotsalat-hawaii/63743511729463,"Ananas, Hähnchen und Ciabatta – ein Salat sagt Aloha",2026-08-13,2026-08-14,2,1
63743511729646,2026-08-13T17:12:00+00:00,https://www.leckerschmecker.me/blumenkohl-schawarma/63743511729646,Blumenkohl-Schawarma macht Ofengemüse zum veganen Streetfood,2026-08-14,2026-08-15,2,1
63743511722032,2026-08-13T18:16:44+00:00,https://www.leckerschmecker.me/beste-schneidebretter-holz/63743511722032,"Holz, Plastik, Glas: Welches hiervon das beste Schneidebrett ist",2026-08-14,2026-08-15,2,2
63743511729240,2026-08-13T18:16:45+00:00,https://www.leckerschmecker.me/zucchini-curry-suppe-lass/63743511729240,Lass die Zucchini in die Suppe wandern,2026-08-14,2026-08-15,2,2
63743511729766,2026-08-13T18:32:00+00:00,https://www.leckerschmecker.me/gemuese-fuer-den-suedbalkon/63743511729766,Dieses Gemüse wächst auch auf einem Südbalkon,2026-08-14,2026-08-14,1,1
63743511387445,2026-08-14T03:59:37+00:00,https://www.leckerschmecker.me/tomatenmarmelade-a-a-probiere/63743511387445,Probiere diese fruchtig-pikante Tomatenmarmelade zum Frühstück,2026-08-14,2026-08-15,2,2
63743511723179,2026-08-14T03:59:39+00:00,https://www.leckerschmecker.me/zucchini-schinken-strudel-rinderfilet/63743511723179,Zucchini-Schinken-Strudel: knuspriges Ofengericht,2026-08-14,2026-08-15,2,8
63743511727530,2026-08-14T03:59:39+00:00,https://www.leckerschmecker.me/gegrillte-zucchini-mit-ziegenkaese-und-honig-rauskommen/63743511727530,So werden Zucchini zu deinem Lieblingsgericht,2026-08-14,2026-08-15,2,4
63743511252713,2026-08-14T05:03:20+00:00,https://www.leckerschmecker.me/bauernfruehstueck-im-broetchen-a-a/63743511252713,Herzhafter Start in den Tag: Bauernfrühstück im Brötchen,2026-08-14,2026-08-15,2,1
63743511730670,2026-08-14T05:08:00+00:00,https://www.leckerschmecker.me/aprikosen-earl-grey-aufstrich/63743511730670,"Fruchtig, blumig, einzigartig: Dieser Aufstrich ist zum Niederknien",2026-08-14,2026-08-15,2,1
63743511251928,2026-08-14T05:12:44+00:00,https://www.leckerschmecker.me/herzhafter-porridge-mit-pochiertem-ei-a-a/63743511251928,Dein neues Soulfood: herzhafter Porridge mit pochiertem Ei,2026-08-14,2026-08-15,2,1
63743511320066,2026-08-14T05:18:50+00:00,https://www.leckerschmecker.me/zuckerfreie-schoko-bananen-pancakes-a-a/63743511320066,Diese fluffigen Schoko-Bananen-Pancakes ohne Zucker sind schnell fertig,2026-08-14,2026-08-15,2,1
63743511730003,2026-08-14T05:29:47+00:00,https://www.leckerschmecker.me/gegrillter-kohlrabi-perfekte/63743511730003,Die perfekte vegane Beilage: gegrillter Kohlrabi mit Orangen-Tahin-Dip,2026-08-14,2026-08-16,3,2
63743511730152,2026-08-14T05:29:47+00:00,https://www.leckerschmecker.me/kaese-pasta-scheibenkaese/63743511730152,Vom Scheibenkäse zur cremigsten Nudelsoße,2026-08-14,2026-08-16,3,2
63743511729777,2026-08-14T05:29:48+00:00,https://www.leckerschmecker.me/agrodolce-italienische-suess-sauer-sosse-probiert/63743511729777,Diese italienische Süß-sauer-Soße musst du probiert haben,2026-08-14,2026-08-16,3,2
63743511730633,2026-08-14T05:29:49+00:00,https://www.leckerschmecker.me/pesto-couscous-rezept/63743511730633,Mit diesem Rezept wird Couscous zum Lieblingsessen,2026-08-14,2026-08-16,3,1
63743511729757,2026-08-14T05:29:50+00:00,https://www.leckerschmecker.me/beerensirup-sommerlimonade/63743511729757,Sommerlimonade war noch nie so einfach,2026-08-14,2026-08-16,3,2
63743511309049,2026-08-14T05:47:10+00:00,https://www.leckerschmecker.me/waffel-sandwich-a-a/63743511309049,Waffel-Sandwiches mit herzhaften Waffeln und extra saftiger Soße,2026-08-14,2026-08-16,3,1
63743511350505,2026-08-14T05:54:10+00:00,https://www.leckerschmecker.me/obstsalat-im-wrap-a-a/63743511350505,Lass dir süße Obstsalat-Wraps zum Frühstück schmecken,2026-08-14,2026-08-16,3,1
63743511361668,2026-08-14T05:58:01+00:00,https://www.leckerschmecker.me/schottische-eier-heissluftfritteuse-a-n/63743511361668,Schottische Eier aus dem Airfryer: Diese Zutat hast du nicht erwartet,2026-08-14,2026-08-16,3,1
63743511729768,2026-08-14T06:00:44+00:00,https://www.leckerschmecker.me/zucchini-limetten-marmelade-gemuesekiste/63743511729768,Aus der Gemüsekiste aufs Brot: fruchtig-herbe Marmelade,2026-08-14,2026-08-15,2,2
63743511730658,2026-08-14T06:00:44+00:00,https://www.leckerschmecker.me/airfryer-tortellini-kochtopf/63743511730658,Airfryer statt Kochtopf: So werden Tortellini wunderbar knusprig,2026-08-14,2026-08-16,3,1
63743511729861,2026-08-14T06:00:46+00:00,https://www.leckerschmecker.me/johannisbeer-quark-pancakes-fluffig/63743511729861,Johannisbeer-Quark-Pancakes: fluffig-fruchtiges Frühstück für zwei,2026-08-14,2026-08-16,3,2
63743511227386,2026-08-14T06:13:32+00:00,https://www.leckerschmecker.me/mit-ruehrei-gefuellte-tomaten-a-a/63743511227386,Gönn dir mit Rührei gefüllte Tomaten zum Frühstück,2026-08-14,2026-08-16,3,1
63743511730215,2026-08-14T06:33:00+00:00,https://www.leckerschmecker.me/kaffee-kokos-eis/63743511730215,Lust auf Eis und Kaffee? Dieses vegane Eis kann beides,2026-08-14,2026-08-15,2,1
63743511729344,2026-08-14T06:48:36+00:00,https://www.leckerschmecker.me/walnuss-pilz-bolognese-super/63743511729344,Diese vegane Bolognese ist super fix fertig – und schmeckt herrlich herzhaft,2026-08-14,2026-08-16,3,3
63743511727039,2026-08-14T06:48:37+00:00,https://www.leckerschmecker.me/zitronen-huehnchen-orzo-vielseitig/63743511727039,"Würzig, frisch und aromatisch vielseitig – ein Pfannengericht für jeden Tag",2026-08-14,2026-08-16,3,5
63743511569474,2026-08-14T07:03:12+00:00,https://www.leckerschmecker.me/gebackene-pflaumen-mit-joghurt-und-granola-a-a/63743511569474,"Pflaumen-Power zum Frühstück: süß, cremig und crunchy auf einmal",2026-08-14,2026-08-16,3,1
63743511730007,2026-08-14T07:19:00+00:00,https://www.leckerschmecker.me/bananenbrot-mit-schokolade-und-nuessen/63743511730007,Dieses Bananenbrot ist herrlich saftig und nussig,2026-08-14,2026-08-15,2,1
63743511552392,2026-08-14T07:36:39+00:00,https://www.leckerschmecker.me/zucchini-im-frittierten-teigmantel-a-a-perfekte/63743511552392,Sommergemüse im Snack-Format: Mach Zucchini im frittierten Teigmantel,2026-08-14,2026-08-16,3,2
63743511728985,2026-08-14T07:36:40+00:00,https://www.leckerschmecker.me/portugiesischer-tomatenreis-sonne/63743511728985,Portugiesischer Tomatenreis bringt Sonne und Saftigkeit auf den Teller,2026-08-14,2026-08-16,3,3
63743511727404,2026-08-14T07:36:41+00:00,https://www.leckerschmecker.me/briam-griechischer-gemueseauflauf-auflauf/63743511727404,Briam – griechischer Gemüseauflauf mit mediterranem Sommergemüse,2026-08-14,2026-08-16,3,4
63743511448077,2026-08-14T07:42:24+00:00,https://www.leckerschmecker.me/curryreis-mit-feta-a-b/63743511448077,Würziger Curryreis mit Feta schmeckt als Beilage und Hauptgericht,2026-08-14,2026-08-16,3,1
63743511418679,2026-08-14T07:47:52+00:00,https://www.leckerschmecker.me/quarkschnitten-a-l/63743511418679,Probiere diese samtig-weichen Quarkschnitten zum Frühstück,2026-08-14,2026-08-16,3,1
63743511576384,2026-08-14T07:53:57+00:00,https://www.leckerschmecker.me/pflaumen-birnen-marmelade-a-a/63743511576384,Erntezeit im Glas: köstliche Marmelade aus Pflaumen und Birnen,2026-08-14,2026-08-16,3,1
63743511588174,2026-08-14T07:57:00+00:00,https://www.leckerschmecker.me/brombeer-schoko-muffins-a-a/63743511588174,Back dich happy mit Brombeer-Schoko-Muffins,2026-08-14,2026-08-16,3,1
63743511565410,2026-08-14T08:52:33+00:00,https://www.leckerschmecker.me/pflaumen-pudding-tarte-a-b-laeutet/63743511565410,Diese Pflaumen-Pudding-Tarte ist ein Highlight in der Pflaumen-Saison,2026-08-14,2026-08-16,3,2
63743511730308,2026-08-14T09:31:00+00:00,https://www.leckerschmecker.me/gruene-bohnen-zitronenoel/63743511730308,Grüne Bohnen in Zitronenöl sind die perfekte Beilage für warme Tage,2026-08-14,2026-08-15,2,1
63743511410751,2026-08-14T09:31:58+00:00,https://www.leckerschmecker.me/pflaumenchutney-a-c/63743511410751,"Gelbes Pflaumenchutney: lecker zu Fleisch, Käse und Brot",2026-08-14,2026-08-16,3,1
63743511729274,2026-08-14T10:11:00+00:00,https://www.leckerschmecker.me/mangold-pfanne-mit-tomaten-und-feta/63743511729274,"Mangold, Tomaten, Feta: Sommer-Poesie auf deinem Teller",2026-08-14,2026-08-15,2,1
63743511729134,2026-08-14T10:50:37+00:00,https://www.leckerschmecker.me/kaese-walnuss-broetchen-gebacken/63743511729134,Schnell gebacken und herzhaft lecker: Käse-Walnuss-Brötchen,2026-08-14,2026-08-16,3,2
63743511251393,2026-08-14T10:55:53+00:00,https://www.leckerschmecker.me/zucchini-chips-a-e/63743511251393,Low-Carb-Snack: knusprige Zucchini-Chips aus dem Backofen,2026-08-14,2026-08-16,3,1
63743511342538,2026-08-14T11:01:30+00:00,https://www.leckerschmecker.me/suesskartoffel-curry-suppe-a-a/63743511342538,Würzige Süßkartoffel-Curry-Suppe mit Kokosmilch: gleich nachkochen,2026-08-14,2026-08-16,3,1
63743511371226,2026-08-14T11:03:06+00:00,https://www.leckerschmecker.me/hefeteig-ueber-nacht-gehen-lassen-a-g/63743511371226,Hefeteig über Nacht gehen lassen: Tipps für selbst gebackenes Brot,2026-08-14,2026-08-16,3,1
63743511227517,2026-08-14T11:03:58+00:00,https://www.leckerschmecker.me/luftiges-wolkenei-a-b/63743511227517,Diese luftig-leichten Wolkeneier sind wahrhaft himmlisch,2026-08-14,2026-08-16,3,1
63743511343535,2026-08-14T11:06:28+00:00,https://www.leckerschmecker.me/after-eight-mousse-a-c/63743511343535,After-Eight-Mousse: Zaubere dieses köstliche Dessert aus 4 Zutaten,2026-08-14,2026-08-16,3,1
63743511429625,2026-08-14T11:07:46+00:00,https://www.leckerschmecker.me/steirisches-apfelschlangerl-a-s/63743511429625,Diesen Apfelkuchen könnten wir jeden Tag essen,2026-08-14,2026-08-16,3,1
63743511575701,2026-08-14T11:11:59+00:00,https://www.leckerschmecker.me/fenchel-hackfleisch-ragout-a-a/63743511575701,"Fenchel-Hackfleisch-Ragout: aromatisch, deftig, unkompliziert",2026-08-14,2026-08-16,3,1
63743511459364,2026-08-14T11:13:21+00:00,https://www.leckerschmecker.me/vanillekuchen-a-d/63743511459364,Einfach gemacht: Backe einen saftigen Vanillekuchen,2026-08-14,2026-08-16,3,1
63743511657756,2026-08-14T11:25:35+00:00,https://www.leckerschmecker.me/lachs-in-meerrettich-sahnesosse-a-a-schnelle/63743511657756,Feierabendküche für Feinschmecker: Heute gibt&#8217;s mal wieder Fisch,2026-08-14,2026-08-15,2,2
63743511537137,2026-08-14T12:57:00+00:00,https://www.leckerschmecker.me/caprese-toast-mit-huettenkaese-und-geroesteten-tomaten-a-a/63743511537137,Caprese 2.0: rot-weißer Klassiker als Frühstückstoast,2026-08-14,2026-08-16,3,1
63743511392070,2026-08-14T13:28:24+00:00,https://www.leckerschmecker.me/nudeln-mit-sizilianischer-tomatensosse-a-b/63743511392070,Nudeln mit sizilianischer Tomatensoße: einfaches Rezept vom Mittelmeer,2026-08-14,2026-08-16,3,1
63743511729463,2026-08-14T13:38:34+00:00,https://www.leckerschmecker.me/brotsalat-hawaii-ananas/63743511729463,"Ananas, Hähnchen und Ciabatta – ein Salat sagt Aloha",2026-08-14,2026-08-16,3,2
63743511729766,2026-08-14T13:38:34+00:00,https://www.leckerschmecker.me/gemuese-fuer-den-suedbalkon-waechst/63743511729766,Dieses Gemüse wächst auch auf einem Südbalkon,2026-08-14,2026-08-16,3,2
63743511730306,2026-08-14T13:38:35+00:00,https://www.leckerschmecker.me/brombeer-millefeuille-knusprige/63743511730306,Brombeer-Millefeuille: knusprige Schichten von Sommerfrucht,2026-08-14,2026-08-16,3,2
63743511730257,2026-08-14T13:53:00+00:00,https://www.leckerschmecker.me/johannisbeer-brownies/63743511730257,Johannisbeeren bringen Sommer auf deine Kuchengabel,2026-08-14,2026-08-15,2,1
63743511562717,2026-08-14T14:18:43+00:00,https://www.leckerschmecker.me/zucchini-feta-suppe-a-b-sommerliches/63743511562717,Zucchini-Feta-Suppe: sommerliches Suppenglück,2026-08-14,2026-08-16,3,2
63743511554735,2026-08-14T14:41:29+00:00,https://www.leckerschmecker.me/zucchini-feta-lasagne-a-d/63743511554735,"Italien-Flagge, aber zum Essen: Zucchini-Feta-Lasagne mit Tomaten-Pesto",2026-08-14,2026-08-16,3,1
63743511724657,2026-08-14T14:57:43+00:00,https://www.leckerschmecker.me/haehnchen-zucchini-auflauf-frisch/63743511724657,"Deftig, bunt und einfach gut: ein Auflauf, den du jeden Tag genießen möchtest",2026-08-14,2026-08-16,3,9
63743511730310,2026-08-14T15:14:00+00:00,https://www.leckerschmecker.me/cotoletta-alla-bolognese/63743511730310,Cotoletta alla Bolognese: Schnitzel auf norditalienische Art,2026-08-14,2026-08-16,3,1
63743511729648,2026-08-14T17:16:00+00:00,https://www.leckerschmecker.me/halloumi-auberginen-burger/63743511729648,Dieser Halloumi-Auberginen-Burger bringt mediterrane Röstaromen ins Brötchen,2026-08-15,2026-08-15,1,1
63743511728208,2026-08-14T18:46:00+00:00,https://www.leckerschmecker.me/snacks-fuer-autofahrten/63743511728208,Hallo Heißhunger?! Die besten Snacks für Autofahrten,2026-08-15,2026-08-15,1,1
63743511728984,2026-08-14T19:38:41+00:00,https://www.leckerschmecker.me/riesling-fizz-prickelnde/63743511728984,Riesling Fizz ist der prickelnde Wein-Cocktail für warme Abende,2026-08-15,2026-08-16,2,2
63743511448489,2026-08-15T04:03:41+00:00,https://www.leckerschmecker.me/lachs-eiersalat-a-a-brotaufstrich/63743511448489,Dieser Lachs-Eiersalat ist wie gemacht für dein Frühstück,2026-08-15,2026-08-16,2,3
63743511569374,2026-08-15T04:03:42+00:00,https://www.leckerschmecker.me/tomatokeftedes-a-b-beruehmtestes/63743511569374,Tomatokeftedes: Santorinis berühmtestes Fingerfood,2026-08-15,2026-08-16,2,3
63743511580713,2026-08-15T04:03:42+00:00,https://www.leckerschmecker.me/pflaumenmuffins-mit-quark-oel-teig-a-b-handlichen/63743511580713,Kleine Pflaumenkuchen im handlichen Format,2026-08-15,2026-08-16,2,3
63743511725442,2026-08-15T04:03:43+00:00,https://www.leckerschmecker.me/griechischer-joghurt-eis-mit-honig-walnuessen-eiszeit-art/63743511725442,Cremige Eiszeit auf griechische Art: mit Honig und karamellisierten Nüssen,2026-08-15,2026-08-16,2,7
63743511727545,2026-08-15T04:03:44+00:00,https://www.leckerschmecker.me/hawaiianisches-grilled-cheese-sandwich-genussmoment/63743511727545,Mehr als Toast Hawaii: Dieses Grilled Cheese Sandwich ist ein wahrer Genussmoment,2026-08-15,2026-08-16,2,4
63743511730656,2026-08-15T05:03:00+00:00,https://www.leckerschmecker.me/zucchini-quark-broetchen/63743511730656,Zucchini-Quarkbrötchen für einen köstlichen Start in den Morgen,2026-08-15,2026-08-16,2,1
63743511729274,2026-08-15T05:31:33+00:00,https://www.leckerschmecker.me/mangold-pfanne-mit-tomaten-und-feta-sommer/63743511729274,"Mangold, Tomaten, Feta: Sommer-Poesie auf deinem Teller",2026-08-16,2026-08-16,1,2
63743511731247,2026-08-15T05:31:33+00:00,https://www.leckerschmecker.me/caesar-salat-mit-rindersteakstreifen-deluxe/63743511731247,Caesar-Salat deluxe: mit saftigen Rindersteakstreifen,2026-08-16,2026-08-16,1,1
63743511730007,2026-08-15T05:31:35+00:00,https://www.leckerschmecker.me/bananenbrot-mit-schokolade-und-nuessen-herrlich/63743511730007,Dieses Bananenbrot ist herrlich saftig und nussig,2026-08-16,2026-08-16,1,2
63743511731161,2026-08-15T05:31:36+00:00,https://www.leckerschmecker.me/zimt-rosinen-sauerteigbrot-duftet/63743511731161,Dieses Sauerteigbrot duftet herrlich nach Zimt,2026-08-16,2026-08-16,1,1
63743511730670,2026-08-15T05:31:37+00:00,https://www.leckerschmecker.me/aprikosen-earl-grey-aufstrich-fruchtig/63743511730670,"Fruchtig, blumig, einzigartig: Dieser Aufstrich ist zum Niederknien",2026-08-16,2026-08-16,1,2
63743511730215,2026-08-15T06:18:40+00:00,https://www.leckerschmecker.me/kaffee-kokos-eis-lust/63743511730215,Lust auf Eis und Kaffee? Dieses vegane Eis kann beides,2026-08-16,2026-08-16,1,2
63743511731001,2026-08-15T06:39:00+00:00,https://www.leckerschmecker.me/kartoffel-aioli/63743511731001,Diese Kartoffel-Aioli aus Mallorca kommt ganz ohne Ei aus,2026-08-16,2026-08-16,1,1
63743511657756,2026-08-15T06:44:38+00:00,https://www.leckerschmecker.me/lachs-in-meerrettich-sahnesosse-a-a-raffinierte/63743511657756,Feierabendküche für Feinschmecker: Heute gibt&#8217;s mal wieder Fisch,2026-08-16,2026-08-17,2,3
63743511728808,2026-08-15T06:44:39+00:00,https://www.leckerschmecker.me/alkoholfreier-mai-tai-glas/63743511728808,Alkoholfreier Mai Tai: Sonnenuntergang im Glas,2026-08-16,2026-08-17,2,3
63743511731590,2026-08-15T08:12:00+00:00,https://www.leckerschmecker.me/zwetschgen-french-toast/63743511731590,Zwetschgen-French-Toast schmeckt nach Spätsommer und Wochenende,2026-08-16,2026-08-16,1,1
63743511730308,2026-08-15T08:49:30+00:00,https://www.leckerschmecker.me/gruene-bohnen-zitronenoel-perfekte/63743511730308,Grüne Bohnen in Zitronenöl sind die perfekte Beilage für warme Tage,2026-08-16,2026-08-17,2,2
63743511443842,2026-08-15T09:05:53+00:00,https://www.leckerschmecker.me/dattel-haferkekse-a-c/63743511443842,Zuckerfreie Dattel-Haferkekse: gesunde Nascherei für zwischendurch,2026-08-16,2026-08-17,2,1
63743511337831,2026-08-15T09:40:00+00:00,https://www.leckerschmecker.me/toskanischer-bohnensalat-a-j/63743511337831,Toskanischer Bohnensalat: mediterrane Beilage,2026-08-16,2026-08-17,2,1
63743511348999,2026-08-15T09:55:40+00:00,https://www.leckerschmecker.me/carajillo-a-a/63743511348999,Carajillo: Dieser spanische Kaffee-Cocktail ist eine leckere Alternative zum Espresso-Martini,2026-08-16,2026-08-17,2,1
63743511729401,2026-08-15T10:00:05+00:00,https://www.leckerschmecker.me/cookie-eissandwich-a-b/63743511729401,Cookie-Eissandwich: erfrischend und knusprig,2026-08-16,2026-08-17,2,3
63743511727530,2026-08-15T10:54:34+00:00,https://www.leckerschmecker.me/gegrillte-zucchini-mit-ziegenkaese-und-honig-dennoch/63743511727530,So werden Zucchini zu deinem Lieblingsgericht,2026-08-16,2026-08-17,2,5
63743511729646,2026-08-15T10:54:35+00:00,https://www.leckerschmecker.me/blumenkohl-schawarma-ofengemuese/63743511729646,Blumenkohl-Schawarma macht Ofengemüse zum veganen Streetfood,2026-08-16,2026-08-17,2,2
63743511730546,2026-08-15T11:27:00+00:00,https://www.leckerschmecker.me/cacio-e-pepe-kartoffeln-aus-dem-airfryer/63743511730546,Cacio-e-Pepe-Kartoffeln aus dem Airfryer knuspern mit Parmesan und Pfeffer,2026-08-16,2026-08-17,2,1
63743511404382,2026-08-15T11:38:27+00:00,https://www.leckerschmecker.me/zucchinibratlinge-mit-orzo-tomatensalat-a-l-bratlinge/63743511404382,Zucchini-Bratlinge mit Orzo-Tomatensalat: leichte Sommerküche,2026-08-16,2026-08-17,2,3
63743511728208,2026-08-15T13:38:28+00:00,https://www.leckerschmecker.me/snacks-fuer-autofahrten-hallo/63743511728208,Hallo Heißhunger?! Die besten Snacks für Autofahrten,2026-08-16,2026-08-17,2,2
63743511729648,2026-08-15T13:38:30+00:00,https://www.leckerschmecker.me/halloumi-auberginen-burger-bringt/63743511729648,Dieser Halloumi-Auberginen-Burger bringt mediterrane Röstaromen ins Brötchen,2026-08-16,2026-08-17,2,2
63743511730257,2026-08-15T13:38:30+00:00,https://www.leckerschmecker.me/johannisbeer-brownies-johannisbeeren/63743511730257,Johannisbeeren bringen Sommer auf deine Kuchengabel,2026-08-16,2026-08-17,2,2
63743511730866,2026-08-15T13:51:00+00:00,https://www.leckerschmecker.me/pflaumenmuskuchen/63743511730866,Pflaumenmuskuchen: Kuchenglück vom Blech,2026-08-16,2026-08-16,1,1
63743511730236,2026-08-15T14:18:37+00:00,https://www.leckerschmecker.me/tortellini-auflauf-airfryer-pasta/63743511730236,"Pasta la vista, Hunger! Tortellini-Auflauf in 30 Minuten",2026-08-16,2026-08-17,2,2
63743511730545,2026-08-15T15:16:00+00:00,https://www.leckerschmecker.me/spaghetti-mit-auberginen-pesto/63743511730545,Spaghetti mit Auberginen-Pesto bringen kräftige Röstaromen auf den Pastateller,2026-08-16,2026-08-17,2,1
63743511730394,2026-08-15T17:22:00+00:00,https://www.leckerschmecker.me/prasopita-griechische-lauchpastete/63743511730394,"Diese Kombi aus Lauch, Feta und Kräutern schickt dich in den Griechenlandurlaub",2026-08-16,2026-08-16,1,1
63743511730131,2026-08-15T18:47:00+00:00,https://www.leckerschmecker.me/blaue-margarita/63743511730131,Dieser Cocktail schmeckt wie ein Tag am Meer,2026-08-16,2026-08-16,1,1
63743511729240,2026-08-15T20:05:42+00:00,https://www.leckerschmecker.me/zucchini-curry-suppe-wandern/63743511729240,Lass die Zucchini in die Suppe wandern,2026-08-16,2026-08-17,2,3
63743511729768,2026-08-16T04:15:43+00:00,https://www.leckerschmecker.me/zucchini-limetten-marmelade-aufs/63743511729768,Aus der Gemüsekiste aufs Brot: fruchtig-herbe Marmelade,2026-08-16,2026-08-17,2,3
63743511731004,2026-08-16T05:01:00+00:00,https://www.leckerschmecker.me/tomaten-basilikum-scones/63743511731004,Tomaten-Basilikum-Scones holen den Sommer auf den Brunchtisch,2026-08-16,2026-08-17,2,1
63743511730616,2026-08-16T05:21:33+00:00,https://www.leckerschmecker.me/veganes-karotten-tzatziki-perfekte/63743511730616,Der perfekte Dip für den Sommer: veganes Karotten-Tzatziki,2026-08-16,2026-08-17,2,1
63743511731154,2026-08-16T05:21:34+00:00,https://www.leckerschmecker.me/johannisbeer-joghurt-eis-gartenbeeren/63743511731154,Gartenbeeren im Eisbecher für deinen hitzefreien Moment,2026-08-16,2026-08-17,2,1
63743511731206,2026-08-16T06:36:00+00:00,https://www.leckerschmecker.me/iced-golden-milk-latte/63743511731206,"Würzig, kühl, koffeinhaltig: Iced Golden Milk Latte",2026-08-17,2026-08-17,1,1
63743511342538,2026-08-16T06:42:37+00:00,https://www.leckerschmecker.me/suesskartoffel-curry-suppe-a-a-wuerzige/63743511342538,Würzige Süßkartoffel-Curry-Suppe mit Kokosmilch: gleich nachkochen,2026-08-17,2026-08-17,1,2
63743511569374,2026-08-16T06:42:37+00:00,https://www.leckerschmecker.me/tomatokeftedes-a-b-fingerfood/63743511569374,Tomatokeftedes: Santorinis berühmtestes Fingerfood,2026-08-17,2026-08-18,2,4
63743511731397,2026-08-16T07:20:00+00:00,https://www.leckerschmecker.me/kirschbroetchen/63743511731397,Kirsche auf dem Brötchen: Backe fruchtige Sonntagsbrötchen,2026-08-17,2026-08-17,1,1
63743511552392,2026-08-16T07:20:37+00:00,https://www.leckerschmecker.me/zucchini-im-frittierten-teigmantel-a-a-sommer/63743511552392,Sommergemüse im Snack-Format: Mach Zucchini im frittierten Teigmantel,2026-08-17,2026-08-18,2,3
63743511727404,2026-08-16T07:20:37+00:00,https://www.leckerschmecker.me/briam-griechischer-gemueseauflauf-schmorgericht/63743511727404,Briam – griechischer Gemüseauflauf mit mediterranem Sommergemüse,2026-08-17,2026-08-18,2,5
63743511730658,2026-08-16T07:20:38+00:00,https://www.leckerschmecker.me/airfryer-tortellini-wunderbar/63743511730658,Airfryer statt Kochtopf: So werden Tortellini wunderbar knusprig,2026-08-17,2026-08-18,2,2
63743511721255,2026-08-16T07:20:39+00:00,https://www.leckerschmecker.me/zucchini-schinken-roellchen-selten/63743511721255,Knusprige Zucchini-Schinken-Röllchen aus dem Ofen: So lecker kann einfach sein,2026-08-17,2026-08-18,2,11
63743511426131,2026-08-16T08:00:12+00:00,https://www.leckerschmecker.me/gurken-apfel-salat-a-c/63743511426131,Gurken-Apfel-Salat: knackig-frischer Genuss,2026-08-17,2026-08-18,2,1
63743511420191,2026-08-16T08:03:43+00:00,https://www.leckerschmecker.me/griechische-kartoffel-knoblauch-paste-skordalia-a-e/63743511420191,Skordalia: Der griechische Kartoffel-Knoblauch-Dip schmeckt nach Urlaub,2026-08-17,2026-08-18,2,1
63743511682023,2026-08-16T08:06:55+00:00,https://www.leckerschmecker.me/tiropita-aus-dem-airfryer-a-b/63743511682023,Tiropita aus dem Airfryer: Käseliebe in Knusperform,2026-08-17,2026-08-18,2,1
63743511730989,2026-08-16T08:14:00+00:00,https://www.leckerschmecker.me/trockenpflaumen-selber-machen/63743511730989,Trockenpflaumen: So machst du sie einfach selber,2026-08-17,2026-08-17,1,1
63743511731590,2026-08-16T08:51:32+00:00,https://www.leckerschmecker.me/zwetschgen-french-toast-schmeckt/63743511731590,Zwetschgen-French-Toast schmeckt nach Spätsommer und Wochenende,2026-08-17,2026-08-17,1,2
63743511731001,2026-08-16T08:51:33+00:00,https://www.leckerschmecker.me/kartoffel-aioli-mallorca/63743511731001,Diese Kartoffel-Aioli aus Mallorca kommt ganz ohne Ei aus,2026-08-17,2026-08-18,2,2
63743511731316,2026-08-16T09:36:00+00:00,https://www.leckerschmecker.me/gegrillte-feigen-mit-burrata/63743511731316,"Grillvorspeise mit Wow-Effekt: Feigen, Burrata und Pistazien",2026-08-17,2026-08-17,1,1
63743511731299,2026-08-16T10:13:00+00:00,https://www.leckerschmecker.me/zucchini-karotten-tarte/63743511731299,So einfach wird aus Sommergemüse eine leckere Zucchini-Karotten-Tarte,2026-08-17,2026-08-17,1,1
63743511730543,2026-08-16T11:31:00+00:00,https://www.leckerschmecker.me/ricotta-blaetterteig-schnecken/63743511730543,Diese Ricotta-Blätterteig-Schnecken kommen goldbraun aus dem Airfryer,2026-08-17,2026-08-17,1,1
63743511728984,2026-08-16T12:56:30+00:00,https://www.leckerschmecker.me/riesling-fizz-wein/63743511728984,Riesling Fizz ist der prickelnde Wein-Cocktail für warme Abende,2026-08-17,2026-08-18,2,3
63743511730131,2026-08-16T13:28:24+00:00,https://www.leckerschmecker.me/blaue-margarita-cocktail/63743511730131,Dieser Cocktail schmeckt wie ein Tag am Meer,2026-08-17,2026-08-18,2,2
63743511730394,2026-08-16T13:28:25+00:00,https://www.leckerschmecker.me/prasopita-griechische-lauchpastete-kombi/63743511730394,"Diese Kombi aus Lauch, Feta und Kräutern schickt dich in den Griechenlandurlaub",2026-08-17,2026-08-18,2,2
63743511730866,2026-08-16T13:28:26+00:00,https://www.leckerschmecker.me/pflaumenmuskuchen-kuchenglueck/63743511730866,Pflaumenmuskuchen: Kuchenglück vom Blech,2026-08-17,2026-08-18,2,2
63743511730314,2026-08-16T13:48:00+00:00,https://www.leckerschmecker.me/sesam-walnuss-blondies/63743511730314,"Sesam, backe dich! Heute gibt&#8217;s saftig-nussige Blondies",2026-08-17,2026-08-17,1,1
63743511730310,2026-08-16T14:18:39+00:00,https://www.leckerschmecker.me/cotoletta-alla-bolognese-schnitzel/63743511730310,Cotoletta alla Bolognese: Schnitzel auf norditalienische Art,2026-08-17,2026-08-18,2,2
63743511562717,2026-08-16T14:18:40+00:00,https://www.leckerschmecker.me/zucchini-feta-suppe-a-b-suppenglueck/63743511562717,Zucchini-Feta-Suppe: sommerliches Suppenglück,2026-08-17,2026-08-18,2,3
63743511731077,2026-08-16T15:17:00+00:00,https://www.leckerschmecker.me/zitronen-gnocchi-pfanne-mit-haehnchen/63743511731077,"Zitronen-Gnocchi-Pfanne mit Hähnchen: knuspriges, cremiges und frisches Pfannen-Trio",2026-08-17,2026-08-18,2,1
63743511730215,2026-08-16T16:56:40+00:00,https://www.leckerschmecker.me/kaffee-kokos-eis-vegane/63743511730215,Lust auf Eis und Kaffee? Dieses vegane Eis kann beides,2026-08-17,2026-08-18,2,3
63743511731003,2026-08-16T17:33:00+00:00,https://www.leckerschmecker.me/gegrillter-mais-mit-miso-butter/63743511731003,Gegrillter Mais mit Miso-Butter verbindet Röstaromen und Umami,2026-08-17,2026-08-17,1,1
63743511727263,2026-08-16T18:49:00+00:00,https://www.leckerschmecker.me/pfannenarten-welche-pfanne-fuer-was/63743511727263,"Beschichtet, Edelstahl, Gusseisen: Welche Pfanne du in deiner Küche haben solltest",2026-08-17,2026-08-17,1,1
63743511730656,2026-08-17T04:06:43+00:00,https://www.leckerschmecker.me/zucchini-quark-broetchen-quarkbroetchen/63743511730656,Zucchini-Quarkbrötchen für einen köstlichen Start in den Morgen,2026-08-17,2026-08-18,2,2
63743511580713,2026-08-17T04:06:44+00:00,https://www.leckerschmecker.me/pflaumenmuffins-mit-quark-oel-teig-a-b-format/63743511580713,Kleine Pflaumenkuchen im handlichen Format,2026-08-17,2026-08-18,2,4
63743511731670,2026-08-17T05:01:00+00:00,https://www.leckerschmecker.me/zucchini-fruehstuecks-burrito/63743511731670,Dieser vegane Zucchini-Frühstücks-Burrito macht morgens richtig satt,2026-08-17,2026-08-18,2,1
63743511731316,2026-08-17T05:37:38+00:00,https://www.leckerschmecker.me/gegrillte-feigen-mit-burrata-grillvorspeise/63743511731316,"Grillvorspeise mit Wow-Effekt: Feigen, Burrata und Pistazien",2026-08-17,2026-08-19,3,2
63743511730989,2026-08-17T05:37:39+00:00,https://www.leckerschmecker.me/trockenpflaumen-selber-machen-machst/63743511730989,Trockenpflaumen: So machst du sie einfach selber,2026-08-17,2026-08-19,3,2
63743511731206,2026-08-17T05:37:39+00:00,https://www.leckerschmecker.me/iced-golden-milk-latte-wuerzig/63743511731206,"Würzig, kühl, koffeinhaltig: Iced Golden Milk Latte",2026-08-17,2026-08-19,3,2
63743511336477,2026-08-17T05:43:31+00:00,https://www.leckerschmecker.me/eggs-florentine-a-a/63743511336477,Eggs Florentine: So gelingen die pochierten Eier mit Käsesoße und Spinat,2026-08-17,2026-08-19,3,1
63743511345086,2026-08-17T05:50:37+00:00,https://www.leckerschmecker.me/apfel-bananen-smoothie-mit-ingwer-a-a/63743511345086,Dieser Apfel-Bananen-Smoothie mit Ingwer schmeckt schon zum Frühstück,2026-08-17,2026-08-19,3,1
63743511731438,2026-08-17T05:52:00+00:00,https://www.leckerschmecker.me/brot-mit-gebratenen-pfifferlingen-und-ei/63743511731438,Auf dieser Stulle sind Pfifferlinge der Star,2026-08-17,2026-08-17,1,1
63743511343065,2026-08-17T05:56:25+00:00,https://www.leckerschmecker.me/klassische-scones-a-a/63743511343065,Klassische Scones: Diese Brötchen sind blitzschnell fertig,2026-08-17,2026-08-18,2,1
63743511351223,2026-08-17T05:59:00+00:00,https://www.leckerschmecker.me/fruehstueckssriegel-mit-blaubeeren-a-a/63743511351223,So backst du fruchtige Frühstücksriegel mit Blaubeeren,2026-08-17,2026-08-19,3,1
63743511348315,2026-08-17T06:08:02+00:00,https://www.leckerschmecker.me/vanille-mandel-smoothie-a-a/63743511348315,Vanille-Mandel-Smoothie: Frühstück zum Trinken,2026-08-17,2026-08-19,3,1
63743511434688,2026-08-17T06:23:41+00:00,https://www.leckerschmecker.me/kaffee-zimtschnecken-a-i/63743511434688,Hast du schon einmal Kaffee-Zimtschnecken gebacken?,2026-08-17,2026-08-19,3,1
63743511730543,2026-08-17T06:49:39+00:00,https://www.leckerschmecker.me/ricotta-blaetterteig-schnecken-goldbraun/63743511730543,Diese Ricotta-Blätterteig-Schnecken kommen goldbraun aus dem Airfryer,2026-08-17,2026-08-19,3,2
63743511731299,2026-08-17T06:49:40+00:00,https://www.leckerschmecker.me/zucchini-karotten-tarte-einfach/63743511731299,So einfach wird aus Sommergemüse eine leckere Zucchini-Karotten-Tarte,2026-08-17,2026-08-19,3,2
63743511359955,2026-08-17T06:57:00+00:00,https://www.leckerschmecker.me/ruehrei-mit-gemuese-a-e/63743511359955,Mit Zucchini und Tomaten wird das Frühstücksei doppelt gut,2026-08-17,2026-08-19,3,1
63743511346125,2026-08-17T07:07:05+00:00,https://www.leckerschmecker.me/irisches-sodabrot-a-a/63743511346125,Irisches Sodabrot: So backst du das einfache Brot ohne Hefe,2026-08-17,2026-08-19,3,1
63743511348999,2026-08-17T07:32:39+00:00,https://www.leckerschmecker.me/carajillo-a-a-spanische/63743511348999,Carajillo: Dieser spanische Kaffee-Cocktail ist eine leckere Alternative zum Espresso-Martini,2026-08-17,2026-08-19,3,2
63743511730308,2026-08-17T07:32:40+00:00,https://www.leckerschmecker.me/gruene-bohnen-zitronenoel-beilage/63743511730308,Grüne Bohnen in Zitronenöl sind die perfekte Beilage für warme Tage,2026-08-17,2026-08-19,3,3
63743511729646,2026-08-17T08:08:36+00:00,https://www.leckerschmecker.me/blumenkohl-schawarma-veganen/63743511729646,Blumenkohl-Schawarma macht Ofengemüse zum veganen Streetfood,2026-08-17,2026-08-19,3,3
63743511731542,2026-08-17T08:12:00+00:00,https://www.leckerschmecker.me/blaubeer-cheesecake-eis-baellchen/63743511731542,Eiskalte Beerenliebe mit Käsekuchen-Bällchen,2026-08-17,2026-08-18,2,1
63743511731397,2026-08-17T08:48:33+00:00,https://www.leckerschmecker.me/kirschbroetchen-kirsche/63743511731397,Kirsche auf dem Brötchen: Backe fruchtige Sonntagsbrötchen,2026-08-17,2026-08-19,3,2
63743511731690,2026-08-17T09:33:00+00:00,https://www.leckerschmecker.me/zucchini-ei-taschen-aus-filoteig/63743511731690,Diese Zucchini-Ei-Taschen aus Filoteig knuspern mit würziger Füllung,2026-08-17,2026-08-18,2,1
63743511572836,2026-08-17T09:59:44+00:00,https://www.leckerschmecker.me/weisse-bohnen-cacio-e-pepe-a-b/63743511572836,"Cacio e Pepe, wie du es noch nicht kennst: der Klassiker auf Bohnen-Basis",2026-08-17,2026-08-19,3,1
63743511731896,2026-08-17T10:09:00+00:00,https://www.leckerschmecker.me/faecherbaguettes-aus-dem-airfryer/63743511731896,"Dieses Baguette ist ein weiterer Beweis, warum du einen Airfryer brauchst",2026-08-17,2026-08-18,2,1
63743511405778,2026-08-17T10:42:29+00:00,https://www.leckerschmecker.me/burger-auflauf-a-a/63743511405778,Dieser Auflauf wird dein absolutes Lieblingsrezept,2026-08-17,2026-08-18,2,1
63743511574494,2026-08-17T10:44:07+00:00,https://www.leckerschmecker.me/brokkoli-kaese-strudel-a-a/63743511574494,So wird Brokkoli unwiderstehlich – mit Käse und Blätterteig,2026-08-17,2026-08-19,3,1
63743511404655,2026-08-17T11:19:35+00:00,https://www.leckerschmecker.me/gurkenchips-a-c/63743511404655,Gurkenchips aus dem Ofen: knusprig-würzig,2026-08-17,2026-08-19,3,1
63743511730546,2026-08-17T11:20:30+00:00,https://www.leckerschmecker.me/cacio-e-pepe-kartoffeln-aus-dem-airfryer-knuspern/63743511730546,Cacio-e-Pepe-Kartoffeln aus dem Airfryer knuspern mit Parmesan und Pfeffer,2026-08-17,2026-08-19,3,2
63743511731997,2026-08-17T11:22:00+00:00,https://www.leckerschmecker.me/karotten-linsen-salat/63743511731997,Sattmacher-Salat mit gerösteten Ofenkarotten und Tahin-Dressing,2026-08-17,2026-08-17,1,1
63743511403855,2026-08-17T11:26:58+00:00,https://www.leckerschmecker.me/pistazien-tiramisu-a-d/63743511403855,Leckeres Pistazien-Tiramisu: Serviere dieses Dessert zum Weihnachtsfest,2026-08-17,2026-08-19,3,1
63743511457555,2026-08-17T11:44:25+00:00,https://www.leckerschmecker.me/kritharaki-auflauf-mit-mozzarella-a-f/63743511457555,Kritharaki-Auflauf mit Mozzarella: Mittag wie in Griechenland,2026-08-17,2026-08-19,3,1
63743511699703,2026-08-17T11:56:25+00:00,https://www.leckerschmecker.me/kartoffelmilch-a-a/63743511699703,Kartoffeln im Kaffee: So gelingt dir die vegane Milchalternative aus Erdäpfeln,2026-08-17,2026-08-19,3,1
63743511725122,2026-08-17T11:59:02+00:00,https://www.leckerschmecker.me/matcha-mango-joghurt-bites-a-a/63743511725122,Mit einem Haps im Mund: eiskalte Matcha-Mango-Joghurt-Bites,2026-08-17,2026-08-19,3,2
63743511719692,2026-08-17T12:01:13+00:00,https://www.leckerschmecker.me/kiwi-mochi-a-b/63743511719692,Süße Überraschung mit Fruchtkern: So gelingen dir Kiwi-Mochi zu Hause,2026-08-17,2026-08-19,3,2
63743511573905,2026-08-17T12:24:42+00:00,https://www.leckerschmecker.me/lebensmittel-plastikfrei-einfrieren-a-a/63743511573905,Mit diesen 7 Tipps kannst du Lebensmittel plastikfrei einfrieren,2026-08-17,2026-08-19,3,1
63743511481301,2026-08-17T12:39:04+00:00,https://www.leckerschmecker.me/zucchinistrudel-mit-blaetterteig/63743511481301,Diesen Zucchinistrudel mit Blätterteig hast du im Nu selbst gebacken,2026-08-17,2026-08-19,3,1
63743511731590,2026-08-17T12:51:35+00:00,https://www.leckerschmecker.me/zwetschgen-french-toast-spaetsommer/63743511731590,Zwetschgen-French-Toast schmeckt nach Spätsommer und Wochenende,2026-08-17,2026-08-19,3,3
63743511404249,2026-08-17T12:55:29+00:00,https://www.leckerschmecker.me/apfelstrudel-mit-blaetterteig-a-c/63743511404249,Schneller Apfelstrudel mit Blätterteig: So leicht kann Backen sein,2026-08-17,2026-08-19,3,1
63743511583079,2026-08-17T12:58:22+00:00,https://www.leckerschmecker.me/pflaumenstrudel-a-a/63743511583079,Pflaumenstrudel: Klassiker mit extra fruchtiger Füllung,2026-08-17,2026-08-19,3,1
63743511230830,2026-08-17T13:03:32+00:00,https://www.leckerschmecker.me/apfelstrudel-roellchen-blaetterteig-a-a/63743511230830,Süße Apfelstrudel-Röllchen mit Blätterteig: Klassiker im Snack-Format,2026-08-17,2026-08-19,3,1
63743511405004,2026-08-17T13:06:02+00:00,https://www.leckerschmecker.me/waldviertler-mohntorte-a-i/63743511405004,Waldviertler Mohntorte: ein österreichischer Klassiker,2026-08-17,2026-08-19,3,1
63743511251604,2026-08-17T13:28:47+00:00,https://www.leckerschmecker.me/quark-streuselkuchen-a-d/63743511251604,Quark-Streuselkuchen: einfaches Rezept für einen zeitlosen Klassiker,2026-08-17,2026-08-19,3,1
63743511727263,2026-08-17T13:32:34+00:00,https://www.leckerschmecker.me/pfannenarten-welche-pfanne-fuer-was-beschichtet/63743511727263,"Beschichtet, Edelstahl, Gusseisen: Welche Pfanne du in deiner Küche haben solltest",2026-08-17,2026-08-19,3,2
63743511731003,2026-08-17T13:32:35+00:00,https://www.leckerschmecker.me/gegrillter-mais-mit-miso-butter-verbindet/63743511731003,Gegrillter Mais mit Miso-Butter verbindet Röstaromen und Umami,2026-08-17,2026-08-19,3,2
63743511730314,2026-08-17T13:32:36+00:00,https://www.leckerschmecker.me/sesam-walnuss-blondies-backe/63743511730314,"Sesam, backe dich! Heute gibt&#8217;s saftig-nussige Blondies",2026-08-17,2026-08-19,3,2
63743511732036,2026-08-17T13:56:00+00:00,https://www.leckerschmecker.me/sektkuchen-mit-himbeer-kaesekuchen-kern/63743511732036,"Sekt im Teig, Käsekuchen im Kern: Party in der Springform",2026-08-17,2026-08-18,2,1
63743511606731,2026-08-17T14:02:13+00:00,https://www.leckerschmecker.me/pflaumen-marzipan-hefezopf-a-a/63743511606731,"Pflaumen, Marzipan und Hefeteig werden zu diesem gemütlichen Gebäck",2026-08-17,2026-08-19,3,1
63743511251470,2026-08-17T14:02:28+00:00,https://www.leckerschmecker.me/schokokuchen-ohne-mehl-a-b/63743511251470,Unser Schokokuchen ohne Mehl ist ideal für den Nachmittag,2026-08-17,2026-08-19,3,1
63743511418568,2026-08-17T14:05:00+00:00,https://www.leckerschmecker.me/haehnchenpfanne-mit-sour-cream-a-n/63743511418568,Hähnchenpfanne mit Sour Cream: Abendessen aus der Pfanne,2026-08-17,2026-08-19,3,1
63743511251142,2026-08-17T14:08:15+00:00,https://www.leckerschmecker.me/schinken-kaese-stangen-a-c/63743511251142,Blätterteig-Snack: schnelle Schinken-Käse-Stangen aus 3 Zutaten,2026-08-17,2026-08-19,3,1
63743511730545,2026-08-17T14:09:42+00:00,https://www.leckerschmecker.me/spaghetti-mit-auberginen-pesto-bringen/63743511730545,Spaghetti mit Auberginen-Pesto bringen kräftige Röstaromen auf den Pastateller,2026-08-17,2026-08-19,3,2
63743511724657,2026-08-17T14:09:43+00:00,https://www.leckerschmecker.me/haehnchen-zucchini-auflauf-dampfender/63743511724657,"Deftig, bunt und einfach gut: ein Auflauf, den du jeden Tag genießen möchtest",2026-08-17,2026-08-19,3,10
63743511427610,2026-08-17T14:13:55+00:00,https://www.leckerschmecker.me/blaetterteigtarte-mozzarella-schinken-a-b/63743511427610,Blätterteigtartes mit Mozzarella und Schinken: schnelles Mittagessen,2026-08-17,2026-08-19,3,1
63743511729240,2026-08-17T14:40:42+00:00,https://www.leckerschmecker.me/zucchini-curry-suppe-frueher/63743511729240,Lass die Zucchini in die Suppe wandern,2026-08-17,2026-08-19,3,4
63743511731835,2026-08-17T15:24:00+00:00,https://www.leckerschmecker.me/hasselback-zucchini-mit-thunfischcreme/63743511731835,Einfacher Ofen-Hit: Hasselback-Zucchini mit Thunfischcreme,2026-08-18,2026-08-19,2,1
63743511718544,2026-08-17T15:37:36+00:00,https://www.leckerschmecker.me/zucchini-linsen-suppe-a-a/63743511718544,Bärenhunger und nur noch Zucchini im Kühlschrank? Mach diese Suppe!,2026-08-18,2026-08-19,2,3
63743511731853,2026-08-17T17:31:00+00:00,https://www.leckerschmecker.me/rote-bete-gazpacho/63743511731853,Im Sommer lieben wir Suppen wie diese,2026-08-18,2026-08-18,1,1
63743511731979,2026-08-17T18:39:00+00:00,https://www.leckerschmecker.me/green-tonic-mocktail/63743511731979,Dieser Green-Tonic-Mocktail macht Gin Tonic überraschend gut Konkurrenz,2026-08-18,2026-08-19,2,1
63743511342538,2026-08-17T18:51:43+00:00,https://www.leckerschmecker.me/suesskartoffel-curry-suppe-a-a-kokosmilch/63743511342538,Würzige Süßkartoffel-Curry-Suppe mit Kokosmilch: gleich nachkochen,2026-08-18,2026-08-19,2,3
63743511731004,2026-08-17T18:51:45+00:00,https://www.leckerschmecker.me/tomaten-basilikum-scones-holen/63743511731004,Tomaten-Basilikum-Scones holen den Sommer auf den Brunchtisch,2026-08-18,2026-08-19,2,2
63743511730236,2026-08-17T20:09:46+00:00,https://www.leckerschmecker.me/tortellini-auflauf-airfryer-la/63743511730236,"Pasta la vista, Hunger! Tortellini-Auflauf in 30 Minuten",2026-08-18,2026-08-19,2,3
63743511727530,2026-08-18T04:11:40+00:00,https://www.leckerschmecker.me/gegrillte-zucchini-mit-ziegenkaese-und-honig-zubereitungswegen/63743511727530,So werden Zucchini zu deinem Lieblingsgericht,2026-08-18,2026-08-19,2,6
63743511723179,2026-08-18T04:11:41+00:00,https://www.leckerschmecker.me/zucchini-schinken-strudel-beef/63743511723179,Zucchini-Schinken-Strudel: knuspriges Ofengericht,2026-08-18,2026-08-19,2,9
63743511732050,2026-08-18T05:03:00+00:00,https://www.leckerschmecker.me/apfel-blaubeer-crumble/63743511732050,Apfel-Blaubeer-Crumble: So schmeckt Gemütlichkeit,2026-08-18,2026-08-19,2,1
63743511731997,2026-08-18T05:23:34+00:00,https://www.leckerschmecker.me/karotten-linsen-salat-sattmacher/63743511731997,Sattmacher-Salat mit gerösteten Ofenkarotten und Tahin-Dressing,2026-08-18,2026-08-19,2,2
63743511732061,2026-08-18T05:23:35+00:00,https://www.leckerschmecker.me/kalter-hund-mit-zitrone-cremig/63743511732061,"Cremig, knusprig, zitronig: So einfach wird kalter Hund zum Sommerhit",2026-08-18,2026-08-19,2,1
63743511731999,2026-08-18T05:23:37+00:00,https://www.leckerschmecker.me/blaubeer-brownies-saftig/63743511731999,"Saftig, schokoladig, fruchtig: Blaubeer-Brownies zum Verlieben",2026-08-18,2026-08-19,2,1
63743511731936,2026-08-18T05:23:39+00:00,https://www.leckerschmecker.me/orzo-salat-mit-gurke-und-feta-zitrone/63743511731936,Orzo-Salat: Mit Zitrone und Gurke wird er herrlich frisch,2026-08-18,2026-08-19,2,1
63743511731438,2026-08-18T05:23:40+00:00,https://www.leckerschmecker.me/brot-mit-gebratenen-pfifferlingen-und-ei-stulle/63743511731438,Auf dieser Stulle sind Pfifferlinge der Star,2026-08-18,2026-08-19,2,2
63743511731670,2026-08-18T06:12:38+00:00,https://www.leckerschmecker.me/zucchini-fruehstuecks-burrito-vegane/63743511731670,Dieser vegane Zucchini-Frühstücks-Burrito macht morgens richtig satt,2026-08-19,2026-08-20,2,2
63743511731690,2026-08-18T06:12:38+00:00,https://www.leckerschmecker.me/zucchini-ei-taschen-aus-filoteig-knuspern/63743511731690,Diese Zucchini-Ei-Taschen aus Filoteig knuspern mit würziger Füllung,2026-08-19,2026-08-20,2,2
63743511558509,2026-08-18T06:15:10+00:00,https://www.leckerschmecker.me/kirsch-mandel-smoothie-a-a/63743511558509,Diese Smoothie-Kombinationen solltest du probieren,2026-08-19,2026-08-20,2,1
63743511405778,2026-08-18T06:45:42+00:00,https://www.leckerschmecker.me/burger-auflauf-a-a-absolutes/63743511405778,Dieser Auflauf wird dein absolutes Lieblingsrezept,2026-08-19,2026-08-19,1,2
63743511731542,2026-08-18T06:45:43+00:00,https://www.leckerschmecker.me/blaubeer-cheesecake-eis-baellchen-eiskalte/63743511731542,Eiskalte Beerenliebe mit Käsekuchen-Bällchen,2026-08-19,2026-08-19,1,2
63743511731832,2026-08-18T07:18:00+00:00,https://www.leckerschmecker.me/veganer-coleslaw/63743511731832,"Cremig, fruchtig, pflanzlich: Diesen Klassiker machst du im Nu nach",2026-08-19,2026-08-19,1,1
63743511721255,2026-08-18T08:02:35+00:00,https://www.leckerschmecker.me/zucchini-schinken-roellchen-tisch/63743511721255,Knusprige Zucchini-Schinken-Röllchen aus dem Ofen: So lecker kann einfach sein,2026-08-19,2026-08-20,2,12
63743511731896,2026-08-18T08:48:34+00:00,https://www.leckerschmecker.me/faecherbaguettes-aus-dem-airfryer-baguette/63743511731896,"Dieses Baguette ist ein weiterer Beweis, warum du einen Airfryer brauchst",2026-08-19,2026-08-20,2,2
63743511582706,2026-08-18T09:53:13+00:00,https://www.leckerschmecker.me/airfryer-brot-a-a/63743511582706,Airfryer-Brot: schnelles Rezept ohne Gehzeit,2026-08-19,2026-08-20,2,1
63743511568389,2026-08-18T10:10:35+00:00,https://www.leckerschmecker.me/zucchini-kaltschale-a-a/63743511568389,Erfrischend-fruchtiges Sommergericht: Zucchini-Kaltschale mit Blaubeeren,2026-08-19,2026-08-20,2,1
63743511732532,2026-08-18T10:12:00+00:00,https://www.leckerschmecker.me/geroestete-tomaten-paprika-suppe/63743511732532,Mit dieser herrlich aromatischen Suppe endet der Sommer nie,2026-08-19,2026-08-19,1,1
63743511549465,2026-08-18T10:39:00+00:00,https://www.leckerschmecker.me/zucchini-scones-mit-kaese-und-speck-a-b/63743511549465,"Herzhaftes für deine Tea-Time: Scones mit Zucchini, Käse und Speck",2026-08-19,2026-08-20,2,1
63743511408762,2026-08-18T10:58:41+00:00,https://www.leckerschmecker.me/zucchini-blaetterteig-tarte-a-c/63743511408762,Diese Zucchini-Blätterteig-Tarte vereint saisonales Gemüse mit knusprig-zartem Geschmack,2026-08-19,2026-08-20,2,1
63743511726028,2026-08-18T11:59:56+00:00,https://www.leckerschmecker.me/hirsecreme-mit-marinierten-heidelbeeren-a-a/63743511726028,"Hirse-Frühstück mit Heidelbeeren: Cremig, fruchtig und so köstlich wie ein Dessert",2026-08-19,2026-08-20,2,2
63743511724622,2026-08-18T12:01:48+00:00,https://www.leckerschmecker.me/vegane-chia-waffeln-a-a/63743511724622,"Außen knusprig, innen fluffig: Diese veganen Chia-Waffeln musst du probieren",2026-08-19,2026-08-20,2,2
63743511583082,2026-08-18T12:04:14+00:00,https://www.leckerschmecker.me/couscous-pfanne-a-a/63743511583082,"Eine Pfanne, viel Geschmack: Couscous mit knackigem Gemüse",2026-08-19,2026-08-20,2,1
63743511725653,2026-08-18T12:04:49+00:00,https://www.leckerschmecker.me/vegane-schokoladentarte-mit-feigen-a-a/63743511725653,"Schokoladige Feigen-Tarte: saftig, fruchtig und ganz ohne tierische Zutaten",2026-08-19,2026-08-20,2,3
63743511357755,2026-08-18T12:12:36+00:00,https://www.leckerschmecker.me/blaetterteigzopf-mit-pfirsich-a-d/63743511357755,"Blätterteigzopf mit Pfirsich: schnell gemacht, noch schneller vernascht",2026-08-19,2026-08-20,2,1
63743511577540,2026-08-18T12:18:54+00:00,https://www.leckerschmecker.me/beerentarte-mit-weisser-schokolade-a-a/63743511577540,Die ideale Tarte für Beeren- und Schoko-Fans,2026-08-19,2026-08-20,2,1
63743511580096,2026-08-18T12:59:23+00:00,https://www.leckerschmecker.me/suesse-pflaumen-lasagne-a-a/63743511580096,"Lasagne in süß? Aus Zucker, Zimt und Pflaumen wird dieser Dessert-Traum",2026-08-19,2026-08-20,2,1
63743511731853,2026-08-18T13:36:36+00:00,https://www.leckerschmecker.me/rote-bete-gazpacho-sommer/63743511731853,Im Sommer lieben wir Suppen wie diese,2026-08-19,2026-08-20,2,2
63743511732036,2026-08-18T13:36:37+00:00,https://www.leckerschmecker.me/sektkuchen-mit-himbeer-kaesekuchen-kern-sekt/63743511732036,"Sekt im Teig, Käsekuchen im Kern: Party in der Springform",2026-08-19,2026-08-20,2,2
63743511409618,2026-08-18T13:39:08+00:00,https://www.leckerschmecker.me/nudelauflauf-mit-schinken-erbsen-und-kaesesosse-a-b/63743511409618,"Schneller Nudelauflauf mit Schinken, Erbsen und Käsesoße",2026-08-19,2026-08-20,2,1
63743511511069,2026-08-18T13:40:26+00:00,https://www.leckerschmecker.me/suesskartoffelcurry-mit-gruenen-bohnen-a-a/63743511511069,Koche ein leichtes Süßkartoffelcurry mit grünen Bohnen,2026-08-19,2026-08-20,2,1
63743511383587,2026-08-18T13:42:32+00:00,https://www.leckerschmecker.me/fisch-auflauf-a-d/63743511383587,Fisch-Auflauf aus dem Ofen: knusprig überbacken und herrlich sahnig,2026-08-19,2026-08-20,2,1
63743511398916,2026-08-18T13:44:50+00:00,https://www.leckerschmecker.me/nudelauflauf-mit-sauce-hollandaise-a-c/63743511398916,"Nudelauflauf mit Hähnchen, Brokkoli und Sauce hollandaise",2026-08-19,2026-08-20,2,1
63743511477602,2026-08-18T13:46:33+00:00,https://www.leckerschmecker.me/baguette-ohne-hefe-a-a/63743511477602,Baguette ohne Hefe backen: knuspriger Genuss in Rekordzeit,2026-08-19,2026-08-20,2,1
63743511479055,2026-08-18T13:48:39+00:00,https://www.leckerschmecker.me/zwiebel-baguette-a-a/63743511479055,Herzhaftes Zwiebel-Baguette spielend leicht selbst backen,2026-08-19,2026-08-20,2,1
63743511394949,2026-08-18T13:49:20+00:00,https://www.leckerschmecker.me/was-darf-nicht-in-den-airfryer-a-z/63743511394949,Diese Lebensmittel sollten nicht in den Airfryer,2026-08-19,2026-08-20,2,1
63743511578777,2026-08-18T13:51:09+00:00,https://www.leckerschmecker.me/frittata-aus-dem-airfryer-a-a/63743511578777,Frittata aus dem Airfryer: schnelle Mahlzeit auf Knopfdruck,2026-08-19,2026-08-20,2,1
63743511459852,2026-08-18T13:52:05+00:00,https://www.leckerschmecker.me/brie-chips-aus-dem-airfryer-a-e/63743511459852,Diese Brie-Chips aus dem Airfryer sind dein neuer Lieblingssnack,2026-08-19,2026-08-20,2,1
63743511731077,2026-08-18T14:02:41+00:00,https://www.leckerschmecker.me/zitronen-gnocchi-pfanne-mit-haehnchen-knuspriges/63743511731077,"Zitronen-Gnocchi-Pfanne mit Hähnchen: knuspriges, cremiges und frisches Pfannen-Trio",2026-08-19,2026-08-20,2,2
63743511730310,2026-08-18T14:02:42+00:00,https://www.leckerschmecker.me/cotoletta-alla-bolognese-norditalienische/63743511730310,Cotoletta alla Bolognese: Schnitzel auf norditalienische Art,2026-08-19,2026-08-20,2,3
63743511585471,2026-08-18T14:04:17+00:00,https://www.leckerschmecker.me/zimt-wuppies-aus-dem-airfryer-a-a/63743511585471,Fluffige Zimt-Wuppis aus dem Airfryer,2026-08-19,2026-08-20,2,1
63743511467408,2026-08-18T14:09:55+00:00,https://www.leckerschmecker.me/rotkohl-gurken-salat-a-b/63743511467408,Rotkohl-Gurken-Salat: Leckeres für die nächste Grillparty,2026-08-19,2026-08-20,2,1
63743511427819,2026-08-18T14:10:48+00:00,https://www.leckerschmecker.me/kartoffel-gurken-salat-a-h/63743511427819,"Kartoffel-Gurken-Salat: wenig Aufwand, viel Geschmack",2026-08-19,2026-08-20,2,1
63743511452883,2026-08-18T14:13:32+00:00,https://www.leckerschmecker.me/koreanischer-karottensalat-a-d/63743511452883,Koreanischer Karottensalat: Klassiker mal anders,2026-08-19,2026-08-20,2,1
63743511476802,2026-08-18T14:27:59+00:00,https://www.leckerschmecker.me/frischkaese-jalapeno-baellchen-aus-dem-airfryer-a-b/63743511476802,"Frischkäse-Jalapeño-Bällchen aus dem Airfryer verbinden Cremigkeit, Schärfe und Knusperspaß",2026-08-19,2026-08-20,2,1
63743511732380,2026-08-18T15:16:00+00:00,https://www.leckerschmecker.me/green-goddess-haehnchen/63743511732380,"Grün, grüner, Green-Goddess-Hähnchen: ein einfach gemachtes Highlight auf dem Tisch",2026-08-19,2026-08-19,1,1
63743511730656,2026-08-18T16:51:41+00:00,https://www.leckerschmecker.me/zucchini-quark-broetchen-fuer/63743511730656,Zucchini-Quarkbrötchen für einen köstlichen Start in den Morgen,2026-08-19,2026-08-20,2,3
63743511732368,2026-08-18T17:22:00+00:00,https://www.leckerschmecker.me/haehnchen-bruschetta-auflauf/63743511732368,Hähnchen-Bruschetta-Auflauf: ein Hauch Italien in deiner Auflaufform,2026-08-19,2026-08-20,2,1
63743511732446,2026-08-18T18:47:00+00:00,https://www.leckerschmecker.me/cherry-white-russian/63743511732446,Cherry White Russian: Ein Klassiker bekommt ein fruchtiges Upgrade,2026-08-19,2026-08-19,1,1
63743511343065,2026-08-19T04:14:48+00:00,https://www.leckerschmecker.me/klassische-scones-a-a-broetchen/63743511343065,Klassische Scones: Diese Brötchen sind blitzschnell fertig,2026-08-19,2026-08-20,2,2
63743511727404,2026-08-19T04:14:49+00:00,https://www.leckerschmecker.me/briam-griechischer-gemueseauflauf-griechische/63743511727404,Briam – griechischer Gemüseauflauf mit mediterranem Sommergemüse,2026-08-19,2026-08-20,2,6
63743511732425,2026-08-19T05:01:00+00:00,https://www.leckerschmecker.me/vegane-zucchini-bagels/63743511732425,Diese Kringel runden jedes Frühstück ab,2026-08-19,2026-08-19,1,1
63743511732118,2026-08-19T05:25:38+00:00,https://www.leckerschmecker.me/tomaten-chips-aus-dem-airfryer-selbermachen/63743511732118,Tomaten-Chips selbermachen: Dieses Airfryer-Rezept musst du probieren,2026-08-19,2026-08-20,2,1
63743511732178,2026-08-19T05:25:39+00:00,https://www.leckerschmecker.me/wassermelonen-bowl-loeffel/63743511732178,Löffel Melonen-Magie mit Beeren zum Frühstück,2026-08-19,2026-08-20,2,1
63743511403610,2026-08-19T05:30:59+00:00,https://www.leckerschmecker.me/pflaumenmus-mit-schokolade-a-g/63743511403610,Brotaufstrich: Pflaumenmus mit Schokolade schmeckt nicht nur morgens,2026-08-19,2026-08-20,2,1
63743511454352,2026-08-19T05:54:33+00:00,https://www.leckerschmecker.me/pancakes-aus-dem-airfryer-a-e/63743511454352,Pancakes aus dem Airfryer: Pfannkuchen ohne zusätzliches Fett,2026-08-19,2026-08-21,3,1
63743511367422,2026-08-19T06:01:14+00:00,https://www.leckerschmecker.me/tuerkische-hefebroetchen-pogaca-a-a/63743511367422,Türkische Poğaça: Es gibt gefüllte Hefebrötchen mit Käse zum Frühstück,2026-08-19,2026-08-21,3,1
63743511332640,2026-08-19T06:06:51+00:00,https://www.leckerschmecker.me/joghurt-zitronen-pancakes-a-b/63743511332640,Diese Pancakes mit Joghurt und Zitrone sind extra fluffig,2026-08-19,2026-08-21,3,1
63743511732532,2026-08-19T06:07:37+00:00,https://www.leckerschmecker.me/geroestete-tomaten-paprika-suppe-herrlich/63743511732532,Mit dieser herrlich aromatischen Suppe endet der Sommer nie,2026-08-19,2026-08-21,3,2
63743511363346,2026-08-19T06:38:29+00:00,https://www.leckerschmecker.me/ruehrei-mit-tomaten-a-a/63743511363346,Eier: Dieses Rührei mit Tomaten schmeckt zu jeder Tageszeit,2026-08-19,2026-08-21,3,1
63743511732507,2026-08-19T06:41:00+00:00,https://www.leckerschmecker.me/erdnussbutter-selbst-machen/63743511732507,Nie wieder kaufen: Dieses Erdnussbutter-Rezept gelingt ganz einfach,2026-08-19,2026-08-21,3,1
63743511718544,2026-08-19T06:46:40+00:00,https://www.leckerschmecker.me/zucchini-linsen-suppe-a-a-perfekte/63743511718544,Bärenhunger und nur noch Zucchini im Kühlschrank? Mach diese Suppe!,2026-08-19,2026-08-20,2,4
63743511731835,2026-08-19T06:46:41+00:00,https://www.leckerschmecker.me/hasselback-zucchini-mit-thunfischcreme-einfacher/63743511731835,Einfacher Ofen-Hit: Hasselback-Zucchini mit Thunfischcreme,2026-08-19,2026-08-21,3,2
63743511375400,2026-08-19T06:54:48+00:00,https://www.leckerschmecker.me/brot-backen-ohne-hefe-a-a/63743511375400,Brot backen ohne Hefe: einfaches Rezept zum Nachbacken,2026-08-19,2026-08-21,3,1
63743511717704,2026-08-19T07:20:12+00:00,https://www.leckerschmecker.me/schokoladige-ofenpfannkuchen-vom-blech-a-a/63743511717704,Versüße deinen Morgen mit diesem schokoladigen Ofenpfannkuchen vom Blech,2026-08-19,2026-08-21,3,1
63743511732661,2026-08-19T07:22:00+00:00,https://www.leckerschmecker.me/zwiebelring-chips-aus-dem-airfryer/63743511732661,Mit diesem Rezept werden Zwiebeln zum Knabberspaß,2026-08-19,2026-08-21,3,1
63743511731397,2026-08-19T07:22:41+00:00,https://www.leckerschmecker.me/kirschbroetchen-broetchen/63743511731397,Kirsche auf dem Brötchen: Backe fruchtige Sonntagsbrötchen,2026-08-19,2026-08-21,3,3
63743511411294,2026-08-19T07:44:48+00:00,https://www.leckerschmecker.me/pflaumen-crumble-a-d/63743511411294,Süße Pflaumen und knusprige Streusel: Heute gibt&#8217;s Pflaumen-Crumble,2026-08-19,2026-08-21,3,1
63743511348999,2026-08-19T08:05:35+00:00,https://www.leckerschmecker.me/carajillo-a-a-kaffee/63743511348999,Carajillo: Dieser spanische Kaffee-Cocktail ist eine leckere Alternative zum Espresso-Martini,2026-08-19,2026-08-21,3,3
63743511498680,2026-08-19T08:09:26+00:00,https://www.leckerschmecker.me/hasselback-zucchini-a-f/63743511498680,Würzige Hasselback-Zucchini mit Käse überbacken: absolutes Wohlfühlgericht,2026-08-19,2026-08-21,3,2
63743511732571,2026-08-19T08:12:00+00:00,https://www.leckerschmecker.me/pflaumen-blaetterteigtaschen-aus-dem-airfryer/63743511732571,"Aus diesem Grund lohnt es sich immer, frischen Blätterteig im Haus zu haben",2026-08-19,2026-08-20,2,1
63743511731004,2026-08-19T08:45:35+00:00,https://www.leckerschmecker.me/tomaten-basilikum-scones-sommer/63743511731004,Tomaten-Basilikum-Scones holen den Sommer auf den Brunchtisch,2026-08-19,2026-08-21,3,3
63743511730546,2026-08-19T08:45:37+00:00,https://www.leckerschmecker.me/cacio-e-pepe-kartoffeln-aus-dem-airfryer-parmesan/63743511730546,Cacio-e-Pepe-Kartoffeln aus dem Airfryer knuspern mit Parmesan und Pfeffer,2026-08-19,2026-08-21,3,3
63743511732379,2026-08-19T09:33:00+00:00,https://www.leckerschmecker.me/kirschsalat-mit-burrata/63743511732379,Tomate-Mozzarella war gestern: Dieser Kirschsalat begeistert alle,2026-08-19,2026-08-21,3,1
63743511483284,2026-08-19T09:38:55+00:00,https://www.leckerschmecker.me/bhuna-haehnchen-a-b/63743511483284,Bhuna-Hähnchen: Der indische Klassiker steckt voller Geschmack,2026-08-19,2026-08-21,3,1
63743511512485,2026-08-19T09:42:40+00:00,https://www.leckerschmecker.me/gnocchi-pfanne-mit-spinat-und-gorgonzola-a-a/63743511512485,Diese einfache Gnocchi-Pfanne gelingt dir garantiert,2026-08-19,2026-08-21,3,1
63743511654549,2026-08-19T09:43:51+00:00,https://www.leckerschmecker.me/flammkuchen-mit-zucchini-champignons-und-speck-a-a/63743511654549,"Wenn&#8217;s besonders deftig sein darf: Flammkuchen mit Pilzen, Zucchini und Speck",2026-08-19,2026-08-21,3,1
63743511580782,2026-08-19T09:44:17+00:00,https://www.leckerschmecker.me/haehnchen-pilz-curry-a-a/63743511580782,Koche dieses Curry mit Hähnchen und Pilzen unbedingt nach,2026-08-19,2026-08-21,3,1
63743511403210,2026-08-19T09:47:48+00:00,https://www.leckerschmecker.me/gnocchi-auflauf-mit-spinat-und-gorgonzola-a-g/63743511403210,Gnocchi-Auflauf mit Spinat und Gorgonzola: Genuss aus dem Ofen,2026-08-19,2026-08-21,3,1
63743511489036,2026-08-19T09:51:26+00:00,https://www.leckerschmecker.me/haehnchengeschnetzeltes-in-orangen-sahnesosse-a-c/63743511489036,Hähnchen in sahniger Soße mit feinem sommerlichen Twist,2026-08-19,2026-08-21,3,1
63743511732973,2026-08-19T10:09:00+00:00,https://www.leckerschmecker.me/gnocchi-alfredo/63743511732973,Gnocchi Alfredo: cremiges Comfort Food mit wenigen Zutaten,2026-08-19,2026-08-19,1,1
63743511702164,2026-08-19T10:12:38+00:00,https://www.leckerschmecker.me/zimt-knusperflakes-a-b/63743511702164,Spar dir das Geld: Diese DIY-Zimt-Knusperflakes schmecken wie das Original aus dem Supermarkt,2026-08-19,2026-08-21,3,2
63743511714825,2026-08-19T10:14:59+00:00,https://www.leckerschmecker.me/gegrillte-teigtaschen-erdbeeren-marshmallows-a-b/63743511714825,Erdbeere küsst Marshmallow: Diese süßen Teigtaschen vom Grill musst du probieren,2026-08-19,2026-08-21,3,2
63743511723011,2026-08-19T10:16:45+00:00,https://www.leckerschmecker.me/french-toast-wuerfel-mit-feigen-a-a/63743511723011,Dein neues Frühstückshighlight: French-Toast-Würfel mit Feigen,2026-08-19,2026-08-21,3,2
63743511731542,2026-08-19T10:48:30+00:00,https://www.leckerschmecker.me/blaubeer-cheesecake-eis-baellchen-beerenliebe/63743511731542,Eiskalte Beerenliebe mit Käsekuchen-Bällchen,2026-08-19,2026-08-21,3,3
63743511731979,2026-08-19T10:48:31+00:00,https://www.leckerschmecker.me/green-tonic-mocktail-gin/63743511731979,Dieser Green-Tonic-Mocktail macht Gin Tonic überraschend gut Konkurrenz,2026-08-19,2026-08-21,3,2
63743511732694,2026-08-19T11:22:00+00:00,https://www.leckerschmecker.me/orzo-salat-mit-wassermelone/63743511732694,"Mit Orzo, Feta und Melone: sommerlicher Salatgenuss",2026-08-19,2026-08-19,1,1
63743511483267,2026-08-19T12:13:06+00:00,https://www.leckerschmecker.me/lavakuchen-aus-dem-airfryer-a-b/63743511483267,Lavakuchen aus dem Airfryer: Schokogenuss mit flüssigem Kern,2026-08-19,2026-08-21,3,1
63743511443261,2026-08-19T12:19:41+00:00,https://www.leckerschmecker.me/kaiserschmarrn-aus-dem-airfryer-a-f/63743511443261,Kaiserschmarrn aus dem Airfryer: süße Sünde auf Knopfdruck,2026-08-19,2026-08-21,3,1
63743511555214,2026-08-19T12:22:22+00:00,https://www.leckerschmecker.me/ungarisches-paprikahuhn-a-a/63743511555214,Dieses würzige Paprikahuhn hast du ganz schnell nachgemacht,2026-08-19,2026-08-21,3,1
63743511520055,2026-08-19T12:22:58+00:00,https://www.leckerschmecker.me/sesam-haehnchen-gemuesepfanne-a-a/63743511520055,Diese Sesam-Hähnchen-Gemüsepfanne macht kaum Arbeit,2026-08-19,2026-08-21,3,1
63743511421274,2026-08-19T12:27:19+00:00,https://www.leckerschmecker.me/marinierter-zucchini-salat-a-d/63743511421274,"Marinierter Zucchini-Salat: frisch, würzig, lecker",2026-08-19,2026-08-21,3,1
63743511420101,2026-08-19T12:34:32+00:00,https://www.leckerschmecker.me/zucchini-tomaten-salsa-a-b/63743511420101,Zucchini-Tomaten-Salsa: Geheimtipp für heiße Tage,2026-08-19,2026-08-21,3,1
63743511732446,2026-08-19T13:32:36+00:00,https://www.leckerschmecker.me/cherry-white-russian-klassiker/63743511732446,Cherry White Russian: Ein Klassiker bekommt ein fruchtiges Upgrade,2026-08-19,2026-08-21,3,2
63743511732380,2026-08-19T13:32:38+00:00,https://www.leckerschmecker.me/green-goddess-haehnchen-gruen/63743511732380,"Grün, grüner, Green-Goddess-Hähnchen: ein einfach gemachtes Highlight auf dem Tisch",2026-08-19,2026-08-21,3,2
63743511471902,2026-08-19T13:38:55+00:00,https://www.leckerschmecker.me/haehnchenbrust-in-zucchini-sahne-sosse-a-h/63743511471902,Hähnchenbrust in Zucchini-Sahne-Soße: schnelles Essen für die Familie,2026-08-19,2026-08-21,3,1
63743511575267,2026-08-19T13:43:05+00:00,https://www.leckerschmecker.me/rote-bete-suppe-mit-kefir-a-a/63743511575267,Rote Bete und Kefir ergeben gemeinsam dieses bunte Suppenglück,2026-08-19,2026-08-21,3,1
63743511732487,2026-08-19T13:56:00+00:00,https://www.leckerschmecker.me/mirabellentarte/63743511732487,Diese Tarte ist ein Highlight im Sommer,2026-08-19,2026-08-20,2,1
63743511427610,2026-08-19T14:05:42+00:00,https://www.leckerschmecker.me/blaetterteigtarte-mozzarella-schinken-a-b-blaetterteigtartes/63743511427610,Blätterteigtartes mit Mozzarella und Schinken: schnelles Mittagessen,2026-08-19,2026-08-21,3,2
63743511724657,2026-08-19T14:05:43+00:00,https://www.leckerschmecker.me/haehnchen-zucchini-auflauf-direkt/63743511724657,"Deftig, bunt und einfach gut: ein Auflauf, den du jeden Tag genießen möchtest",2026-08-19,2026-08-21,3,11
63743511477888,2026-08-19T14:22:07+00:00,https://www.leckerschmecker.me/kartoffel-hackbaellchen-auflauf-a-e/63743511477888,Neues Lieblingsgericht für kühlere Tage: Kartoffel-Hackbällchen-Auflauf,2026-08-19,2026-08-21,3,1
63743511731832,2026-08-19T14:57:42+00:00,https://www.leckerschmecker.me/veganer-coleslaw-cremig/63743511731832,"Cremig, fruchtig, pflanzlich: Diesen Klassiker machst du im Nu nach",2026-08-19,2026-08-21,3,2
63743511732397,2026-08-19T15:24:00+00:00,https://www.leckerschmecker.me/nudeln-mit-zucchini-tomaten-sosse/63743511732397,Was soll ich heute kochen? Diese Zucchini-Pasta ist die Antwort,2026-08-20,2026-08-21,2,1
63743511732774,2026-08-19T16:27:00+00:00,https://www.leckerschmecker.me/vegane-one-pot-quinoa-mit-suesskartoffel/63743511732774,Ein Topf voller Geschmack: Dieses Quinoa-Rezept musst du probieren,2026-08-20,2026-08-20,1,1
63743511732777,2026-08-19T17:31:00+00:00,https://www.leckerschmecker.me/zucchini-garnelen-pfanne-in-weissweinsosse/63743511732777,Zucchini-Garnelen-Pfanne in Weißweinsoße: perfektes Abendessen für ein Date zu zweit,2026-08-20,2026-08-21,2,1
63743511730521,2026-08-19T18:39:00+00:00,https://www.leckerschmecker.me/wespen-vertreiben/63743511730521,"Kuchen, Grillgut, Limonade: So hältst du Wespen vom Essen fern",2026-08-20,2026-08-20,1,1
63743511405778,2026-08-20T04:00:46+00:00,https://www.leckerschmecker.me/burger-auflauf-a-a-lieblingsrezept/63743511405778,Dieser Auflauf wird dein absolutes Lieblingsrezept,2026-08-20,2026-08-21,2,3
63743511731997,2026-08-20T04:00:47+00:00,https://www.leckerschmecker.me/karotten-linsen-salat-geroesteten/63743511731997,Sattmacher-Salat mit gerösteten Ofenkarotten und Tahin-Dressing,2026-08-20,2026-08-21,2,3
63743511723179,2026-08-20T04:00:48+00:00,https://www.leckerschmecker.me/zucchini-schinken-strudel-wellington/63743511723179,Zucchini-Schinken-Strudel: knuspriges Ofengericht,2026-08-20,2026-08-21,2,10
63743511729240,2026-08-20T04:00:49+00:00,https://www.leckerschmecker.me/zucchini-curry-suppe-waere/63743511729240,Lass die Zucchini in die Suppe wandern,2026-08-20,2026-08-21,2,5
63743511732977,2026-08-20T05:01:00+00:00,https://www.leckerschmecker.me/feigen-halloumi-bagel/63743511732977,Dieser Feigen-Halloumi-Bagel verbindet süße Frucht mit salzigem Grillkäse,2026-08-20,2026-08-20,1,1
63743511732694,2026-08-20T05:25:41+00:00,https://www.leckerschmecker.me/orzo-salat-mit-wassermelone-feta/63743511732694,"Mit Orzo, Feta und Melone: sommerlicher Salatgenuss",2026-08-20,2026-08-21,2,2
63743511732425,2026-08-20T05:25:42+00:00,https://www.leckerschmecker.me/vegane-zucchini-bagels-kringel/63743511732425,Diese Kringel runden jedes Frühstück ab,2026-08-20,2026-08-21,2,2
63743511732973,2026-08-20T05:25:42+00:00,https://www.leckerschmecker.me/gnocchi-alfredo-cremiges/63743511732973,Gnocchi Alfredo: cremiges Comfort Food mit wenigen Zutaten,2026-08-20,2026-08-21,2,2
63743511426909,2026-08-20T05:27:33+00:00,https://www.leckerschmecker.me/holunderbeeren-marmelade-a-h/63743511426909,Holunderbeeren-Marmelade: fruchtiger Aufstrich zum Frühstück,2026-08-20,2026-08-21,2,1
63743511573082,2026-08-20T05:32:39+00:00,https://www.leckerschmecker.me/champignonpfanne-mit-ei-a-c/63743511573082,Dieses Frühstück macht glücklich: Champignonpfanne mit Ei,2026-08-20,2026-08-22,3,1
63743511387503,2026-08-20T06:13:50+00:00,https://www.leckerschmecker.me/pancakes-mit-schokoladenfuellung-a-a/63743511387503,Pancakes mit Schokoladenfüllung: Schokolade zum Frühstück,2026-08-20,2026-08-22,3,1
63743511251381,2026-08-20T06:18:10+00:00,https://www.leckerschmecker.me/brot-selber-backen-a-f/63743511251381,Mit diesen einfachen Tipps backst du Brot wie ein Profi,2026-08-20,2026-08-22,3,1
63743511251601,2026-08-20T06:22:04+00:00,https://www.leckerschmecker.me/eier-kochen-perfektes-ei-a-c/63743511251601,So bereitest du das perfekte Frühstücks-Ei zu,2026-08-20,2026-08-22,3,1
63743511379449,2026-08-20T06:26:42+00:00,https://www.leckerschmecker.me/blaubeer-chia-pudding-a-a/63743511379449,Heute gibt&#8217;s Blaubeer-Chia-Pudding zum Frühstück,2026-08-20,2026-08-22,3,1
63743511733010,2026-08-20T06:44:00+00:00,https://www.leckerschmecker.me/himbeer-bananen-marmelade/63743511733010,Dein Frühstück braucht nur diese Marmelade,2026-08-20,2026-08-20,1,1
63743511731077,2026-08-20T06:51:53+00:00,https://www.leckerschmecker.me/zitronen-gnocchi-pfanne-mit-haehnchen-cremiges/63743511731077,"Zitronen-Gnocchi-Pfanne mit Hähnchen: knuspriges, cremiges und frisches Pfannen-Trio",2026-08-20,2026-08-22,3,3
63743511251470,2026-08-20T06:51:54+00:00,https://www.leckerschmecker.me/schokokuchen-ohne-mehl-a-b-suechtig/63743511251470,Unser Schokokuchen ohne Mehl ist ideal für den Nachmittag,2026-08-20,2026-08-22,3,2
63743511733046,2026-08-20T07:19:00+00:00,https://www.leckerschmecker.me/tortano-italienischer-gefuellter-brotring/63743511733046,Tortano wie in Süditalien: So backst du den mit Wurst und Käse gefüllten Brotring,2026-08-20,2026-08-22,3,1
63743511731896,2026-08-20T07:20:41+00:00,https://www.leckerschmecker.me/faecherbaguettes-aus-dem-airfryer-weiterer/63743511731896,"Dieses Baguette ist ein weiterer Beweis, warum du einen Airfryer brauchst",2026-08-20,2026-08-21,2,3
63743511521028,2026-08-20T07:32:20+00:00,https://www.leckerschmecker.me/griechische-haehnchenpfanne-a-e/63743511521028,Griechische Hähnchenpfanne: mediterranes One-Pan-Gericht,2026-08-20,2026-08-22,3,1
63743511733083,2026-08-20T08:08:00+00:00,https://www.leckerschmecker.me/ananas-eistee/63743511733083,"Fruchtig, frisch, selbst gemacht: Ananas-Eistee, der nach Sommer schmeckt",2026-08-20,2026-08-22,3,1
63743511591645,2026-08-20T08:26:49+00:00,https://www.leckerschmecker.me/milchnudeln-mit-pflaumenkompott-a-a/63743511591645,Schlechten Tag gehabt? Milchnudeln mit Pflaumenkompott muntern auf,2026-08-20,2026-08-22,3,1
63743511732571,2026-08-20T08:43:34+00:00,https://www.leckerschmecker.me/pflaumen-blaetterteigtaschen-aus-dem-airfryer-grund/63743511732571,"Aus diesem Grund lohnt es sich immer, frischen Blätterteig im Haus zu haben",2026-08-20,2026-08-21,2,2
63743511732512,2026-08-20T09:36:00+00:00,https://www.leckerschmecker.me/steak-pasta-salat/63743511732512,Dieser Salat ist ein Blickfang auf jedem Esstisch,2026-08-20,2026-08-20,1,1
63743511732886,2026-08-20T10:11:00+00:00,https://www.leckerschmecker.me/cheeseburger-toasties/63743511732886,"Knusprig, käsig, unwiderstehlich: So einfach gelingen Cheeseburger-Toasties",2026-08-20,2026-08-21,2,1
63743511426617,2026-08-20T11:23:56+00:00,https://www.leckerschmecker.me/bubble-bread-a-d/63743511426617,Bubble Bread: das leckerste Party-Brot der Welt,2026-08-20,2026-08-22,3,1
63743511733079,2026-08-20T11:26:00+00:00,https://www.leckerschmecker.me/pfirsich-cookies/63743511733079,Diese fruchtigen Kekse schmecken nach Sommer,2026-08-20,2026-08-20,1,1
63743511473750,2026-08-20T11:32:36+00:00,https://www.leckerschmecker.me/kartoffel-chorizo-auflauf-a-c/63743511473750,Dieser Kartoffel-Chorizo-Auflauf schmeckt unwiderstehlich lecker,2026-08-20,2026-08-22,3,1
63743511553308,2026-08-20T11:37:53+00:00,https://www.leckerschmecker.me/zucchini-pissaladiere-a-b/63743511553308,Einmal in die Provence und zurück: mit dieser französischen Zucchini-Pizza,2026-08-20,2026-08-22,3,1
63743511446981,2026-08-20T12:07:14+00:00,https://www.leckerschmecker.me/gefuellte-paprika-aus-dem-airfryer-a-i/63743511446981,Keine Lust auf Ofen? Diese gefüllten Paprika gelingen im Airfryer,2026-08-20,2026-08-22,3,1
63743511426038,2026-08-20T12:11:54+00:00,https://www.leckerschmecker.me/panierte-zucchini-cannelloni-a-f/63743511426038,Knusprig gefüllt: Diese Zucchini-Cannelloni solltest du ausprobieren,2026-08-20,2026-08-22,3,1
63743511574364,2026-08-20T12:15:02+00:00,https://www.leckerschmecker.me/haferflocken-joghurt-fladen-a-c/63743511574364,Haferflocken trifft Joghurt: Diese herzhaften Fladen sind überraschend lecker,2026-08-20,2026-08-22,3,1
63743511686125,2026-08-20T12:23:37+00:00,https://www.leckerschmecker.me/schnelle-vegane-donuts-a-a/63743511686125,Ohne tierische Produkte und ohne Frittierfett: Diese veganen Donuts musst du probieren,2026-08-20,2026-08-22,3,1
63743511700059,2026-08-20T12:25:00+00:00,https://www.leckerschmecker.me/gedaempfter-maniokkuchen-a-a/63743511700059,Backen mit Wasserdampf: Bei diesem Kuchen bleibt der Ofen kalt,2026-08-20,2026-08-22,3,1
63743511689163,2026-08-20T12:27:19+00:00,https://www.leckerschmecker.me/bratnudeln-mit-wasabi-haehnchen-a-a/63743511689163,"Knusprig, würzig, unwiderstehlich: Diese Bratnudeln mit Wasabi-Hähnchen musst du probieren",2026-08-20,2026-08-22,3,1
63743511583553,2026-08-20T12:37:37+00:00,https://www.leckerschmecker.me/pasta-mit-parmesan-rindfleisch-sosse-a-c/63743511583553,Ist diese Pasta mit Parmesan-Rindfleisch-Soße dein neues Lieblingsgericht?,2026-08-20,2026-08-22,3,1
63743511730521,2026-08-20T13:19:38+00:00,https://www.leckerschmecker.me/wespen-vertreiben-kuchen/63743511730521,"Kuchen, Grillgut, Limonade: So hältst du Wespen vom Essen fern",2026-08-20,2026-08-22,3,2
63743511732487,2026-08-20T13:19:40+00:00,https://www.leckerschmecker.me/mirabellentarte-tarte/63743511732487,Diese Tarte ist ein Highlight im Sommer,2026-08-20,2026-08-22,3,2
63743511732774,2026-08-20T13:19:40+00:00,https://www.leckerschmecker.me/vegane-one-pot-quinoa-mit-suesskartoffel-topf/63743511732774,Ein Topf voller Geschmack: Dieses Quinoa-Rezept musst du probieren,2026-08-20,2026-08-22,3,2
63743511732975,2026-08-20T14:01:00+00:00,https://www.leckerschmecker.me/birnen-ricotta-kuchen/63743511732975,Dieser Birnen-Ricotta-Kuchen schmeckt nach Spätsommer,2026-08-20,2026-08-21,2,1
63743511535710,2026-08-20T14:01:34+00:00,https://www.leckerschmecker.me/iced-mango-matcha-latte-a-a/63743511535710,Matcha und Mango sind das Dreamteam für die nächste Hitzewelle,2026-08-20,2026-08-22,3,1
63743511733170,2026-08-20T15:21:00+00:00,https://www.leckerschmecker.me/aprikosen-galette/63743511733170,"Alles, was du für einen süßen Sommernachmittag brauchst",2026-08-20,2026-08-21,2,1
63743511733302,2026-08-20T16:29:00+00:00,https://www.leckerschmecker.me/linsen-aprikosen-suppe/63743511733302,"Linsen-Aprikosen-Suppe: Der beste Beweis, dass Suppen auch im Sommer schmecken",2026-08-21,2026-08-22,2,1
63743511718544,2026-08-20T16:58:43+00:00,https://www.leckerschmecker.me/zucchini-linsen-suppe-a-a-vegane/63743511718544,Bärenhunger und nur noch Zucchini im Kühlschrank? Mach diese Suppe!,2026-08-21,2026-08-22,2,5
63743511733735,2026-08-20T17:35:00+00:00,https://www.leckerschmecker.me/knoblauch-parmesan-pommes-aus-der-heissluftfritteuse/63743511733735,Knoblauch-Parmesan-Pommes: der beste Snack aus dem Airfryer,2026-08-21,2026-08-22,2,1
63743511733625,2026-08-20T18:31:00+00:00,https://www.leckerschmecker.me/gnocchi-mit-zwetschgen-und-salbeibutter/63743511733625,"Gnocchi mit Zwetschgen und Salbeibutter: ungewöhnlich, aber passt erstaunlich gut zusammen",2026-08-21,2026-08-22,2,1
63743511732368,2026-08-21T04:12:48+00:00,https://www.leckerschmecker.me/haehnchen-bruschetta-auflauf-hauch/63743511732368,Hähnchen-Bruschetta-Auflauf: ein Hauch Italien in deiner Auflaufform,2026-08-21,2026-08-22,2,2
63743511409618,2026-08-21T04:12:49+00:00,https://www.leckerschmecker.me/nudelauflauf-mit-schinken-erbsen-und-kaesesosse-a-b-schneller/63743511409618,"Schneller Nudelauflauf mit Schinken, Erbsen und Käsesoße",2026-08-21,2026-08-22,2,2
63743511514361,2026-08-21T04:49:12+00:00,https://www.leckerschmecker.me/iced-cherry-chai-latte-a-a/63743511514361,Iced Cherry Chai Latte: dein Lieblings-Herbstdrink mit fruchtigem Sommer-Twist,2026-08-21,2026-08-22,2,1
63743511733193,2026-08-21T05:04:00+00:00,https://www.leckerschmecker.me/herzhafter-fruehstuecks-flammkuchen-vom-blech/63743511733193,Brunch-Held mit wenigen Zutaten: Herzhafter Flammkuchen für deinen Morgen,2026-08-21,2026-08-22,2,1
63743511732512,2026-08-21T05:22:36+00:00,https://www.leckerschmecker.me/steak-pasta-salat-blickfang/63743511732512,Dieser Salat ist ein Blickfang auf jedem Esstisch,2026-08-21,2026-08-22,2,2
63743511733079,2026-08-21T05:22:36+00:00,https://www.leckerschmecker.me/pfirsich-cookies-fruchtigen/63743511733079,Diese fruchtigen Kekse schmecken nach Sommer,2026-08-21,2026-08-22,2,2
63743511733010,2026-08-21T05:22:37+00:00,https://www.leckerschmecker.me/himbeer-bananen-marmelade-fruehstueck/63743511733010,Dein Frühstück braucht nur diese Marmelade,2026-08-21,2026-08-22,2,2
63743511732977,2026-08-21T05:22:38+00:00,https://www.leckerschmecker.me/feigen-halloumi-bagel-verbindet/63743511732977,Dieser Feigen-Halloumi-Bagel verbindet süße Frucht mit salzigem Grillkäse,2026-08-21,2026-08-22,2,2
63743511733659,2026-08-21T05:43:00+00:00,https://www.leckerschmecker.me/rotkohl-tofu-sandwich/63743511733659,"Knusprig, knackig, bunt: würziges Rotkohl-Tofu-Sandwich",2026-08-22,2026-08-22,1,1
63743511225849,2026-08-21T06:02:03+00:00,https://www.leckerschmecker.me/herzhafte-blaetterteig-zoepfe-a-a/63743511225849,Gefüllte Blätterteig-Zöpfe mit Käse und Rührei: perfekt zum Frühstück,2026-08-22,2026-08-22,1,1
63743511388020,2026-08-21T06:04:50+00:00,https://www.leckerschmecker.me/brot-mit-getrockneten-tomaten-a-a/63743511388020,Brot mit getrockneten Tomaten: schnelles Hefeteig-Rezept ohne Gehen,2026-08-22,2026-08-23,2,1
63743511350192,2026-08-21T06:20:39+00:00,https://www.leckerschmecker.me/pfannkuchen-frischkaese-roellchen-a-b/63743511350192,Fingerfood fürs Frühstück: gefüllte Pfannkuchen-Frischkäse-Röllchen,2026-08-22,2026-08-23,2,1
63743511733605,2026-08-21T06:47:00+00:00,https://www.leckerschmecker.me/russisch-brot/63743511733605,Warum Russisch Brot zur Einschulung in die Schultüte gehört,2026-08-22,2026-08-22,1,1
63743511732886,2026-08-21T06:56:39+00:00,https://www.leckerschmecker.me/cheeseburger-toasties-knusprig/63743511732886,"Knusprig, käsig, unwiderstehlich: So einfach gelingen Cheeseburger-Toasties",2026-08-22,2026-08-23,2,2
63743511499839,2026-08-21T07:07:31+00:00,https://www.leckerschmecker.me/mon-cheri-likoer-a-a/63743511499839,Darf&#8217;s ein Gläschen Mon Chéri zum Anstoßen sein?,2026-08-22,2026-08-23,2,1
63743511733763,2026-08-21T07:21:00+00:00,https://www.leckerschmecker.me/airfryer-ofenpfannkuchen/63743511733763,Der Sonntagmorgen-Retter: Pfannkuchen aus dem Airfryer,2026-08-22,2026-08-22,1,1
63743511483284,2026-08-21T07:31:41+00:00,https://www.leckerschmecker.me/bhuna-haehnchen-a-b-indischer/63743511483284,Bhuna-Hähnchen: Der indische Klassiker steckt voller Geschmack,2026-08-22,2026-08-23,2,2
63743511731835,2026-08-21T07:31:41+00:00,https://www.leckerschmecker.me/hasselback-zucchini-mit-thunfischcreme-ofen/63743511731835,Einfacher Ofen-Hit: Hasselback-Zucchini mit Thunfischcreme,2026-08-22,2026-08-23,2,3
63743511733175,2026-08-21T08:11:00+00:00,https://www.leckerschmecker.me/oreo-eis-mit-schokohuelle/63743511733175,Oreo-Eis ohne Eismaschine: So einfach gelingt der Sommerhit mit Schokohülle,2026-08-22,2026-08-22,1,1
63743511732446,2026-08-21T08:47:35+00:00,https://www.leckerschmecker.me/cherry-white-russian-bekommt/63743511732446,Cherry White Russian: Ein Klassiker bekommt ein fruchtiges Upgrade,2026-08-22,2026-08-23,2,3
63743511568117,2026-08-21T08:51:18+00:00,https://www.leckerschmecker.me/linsensalat-mit-pflaumen-und-feta-a-a/63743511568117,"Linsen, Pflaumen und Feta gehören ab sofort auf deinen Salatteller",2026-08-22,2026-08-23,2,1
63743511733276,2026-08-21T09:38:00+00:00,https://www.leckerschmecker.me/roestkartoffel-salat/63743511733276,Der perfekte Sommersalat: Röstkartoffeln mit Zucchini und Tomaten,2026-08-22,2026-08-23,2,1
63743511733319,2026-08-21T10:08:00+00:00,https://www.leckerschmecker.me/zucchini-garnelen-pfanne-in-tomatensosse/63743511733319,"Würziges Pfannengericht mit Zucchini, Garnelen und sahniger Tomatensoße",2026-08-22,2026-08-23,2,1
63743511448466,2026-08-21T10:34:36+00:00,https://www.leckerschmecker.me/champignons-aus-der-heissluftfritteuse-a-m/63743511448466,"Der beste Snack, den dein Airfryer je gemacht hat",2026-08-22,2026-08-22,1,1
63743511579318,2026-08-21T10:40:14+00:00,https://www.leckerschmecker.me/honig-pfeffer-pasta-mit-haehnchen-a-a/63743511579318,Aromatische Nudelgericht: Honig-Pfeffer-Pasta mit Hähnchen,2026-08-22,2026-08-23,2,1
63743511331551,2026-08-21T10:42:55+00:00,https://www.leckerschmecker.me/faule-weiber-kuchen-b-i/63743511331551,Diesen Kuchen musst du unbedingt probieren,2026-08-22,2026-08-23,2,1
63743511580500,2026-08-21T10:46:58+00:00,https://www.leckerschmecker.me/pflaumenkuchen-mit-rum-a-b/63743511580500,Pflaumenkuchen mit dem gewissen Etwas,2026-08-22,2026-08-23,2,1
63743511720686,2026-08-21T10:50:17+00:00,https://www.leckerschmecker.me/tapiokapudding-mit-basilikum-kiwimus-a-b/63743511720686,Kiwi zum Frühstück: Mit diesem Tapiokapudding startest du fruchtig in den Tag,2026-08-22,2026-08-23,2,2
63743511699858,2026-08-21T10:54:11+00:00,https://www.leckerschmecker.me/papaya-pancakes-a-b/63743511699858,Ein tropischer Morgen: So einfach gelingen dir Papaya-Pancakes,2026-08-22,2026-08-23,2,2
63743511570995,2026-08-21T10:57:39+00:00,https://www.leckerschmecker.me/pulled-pork-aus-der-heissluftfritteuse-a-a/63743511570995,Pulled Pork aus der Heißluftfritteuse: So wird es butterzart und unwiderstehlich,2026-08-22,2026-08-23,2,1
63743511699574,2026-08-21T10:57:56+00:00,https://www.leckerschmecker.me/waffeln-aus-reis-mit-lachs-a-a/63743511699574,"Knusprig, saftig und frisch: Waffeln aus Reis mit Lachs",2026-08-22,2026-08-23,2,1
63743511245357,2026-08-21T11:03:07+00:00,https://www.leckerschmecker.me/quetschkartoffeln-vom-blech-a-b/63743511245357,Quetschkartoffeln vom Blech: herzhaftes Ofengericht,2026-08-22,2026-08-23,2,1
63743511522437,2026-08-21T11:20:01+00:00,https://www.leckerschmecker.me/pasta-aglio-e-olio-mit-aubergine-a-c/63743511522437,Aglio e olio mit gerösteter Aubergine: Alles andere als langweilig,2026-08-22,2026-08-23,2,1
63743511733718,2026-08-21T11:26:00+00:00,https://www.leckerschmecker.me/walnuss-falafel-wraps/63743511733718,Warum Walnüsse deine selbstgemachten Falafel noch besser machen,2026-08-22,2026-08-22,1,1
63743511482402,2026-08-21T11:27:33+00:00,https://www.leckerschmecker.me/krautsalat-mit-haehnchen-a-b/63743511482402,Noch besser als klassischer Coleslaw: knackiger Krautsalat mit Hähnchen und pikantem Dressing,2026-08-22,2026-08-23,2,1
63743511511071,2026-08-21T11:30:08+00:00,https://www.leckerschmecker.me/flammkuchen-toasties-a-a/63743511511071,Flammkuchen-Toasties: ein herrlich guter Start in den Tag,2026-08-22,2026-08-23,2,1
63743511555214,2026-08-21T11:38:35+00:00,https://www.leckerschmecker.me/ungarisches-paprikahuhn-a-a-wuerzige/63743511555214,Dieses würzige Paprikahuhn hast du ganz schnell nachgemacht,2026-08-22,2026-08-23,2,2
63743511732661,2026-08-21T11:38:36+00:00,https://www.leckerschmecker.me/zwiebelring-chips-aus-dem-airfryer-rezept/63743511732661,Mit diesem Rezept werden Zwiebeln zum Knabberspaß,2026-08-22,2026-08-23,2,2
63743511402129,2026-08-21T11:41:46+00:00,https://www.leckerschmecker.me/gefuellte-pfannkuchen-mit-pfifferlingen-a-a/63743511402129,Gefüllte Pfannkuchen mit Pfifferlingen sind jetzt unser Lieblingsrezept,2026-08-22,2026-08-23,2,1
63743511360195,2026-08-21T11:51:02+00:00,https://www.leckerschmecker.me/schnelle-pizza-toasties-a-a/63743511360195,Schnelle Pizza-Toasties: Diese Mini-Pizzen sind in Rekordzeit im Ofen,2026-08-22,2026-08-23,2,1
63743511395819,2026-08-21T12:03:46+00:00,https://www.leckerschmecker.me/balsamico-haehnchen-vom-blech-a-h/63743511395819,So kochst du ein richtig zartes Balsamico-Hähnchen vom Blech,2026-08-22,2026-08-23,2,1
63743511732777,2026-08-21T12:41:41+00:00,https://www.leckerschmecker.me/zucchini-garnelen-pfanne-in-weissweinsosse-perfektes/63743511732777,Zucchini-Garnelen-Pfanne in Weißweinsoße: perfektes Abendessen für ein Date zu zweit,2026-08-22,2026-08-23,2,2
63743511731832,2026-08-21T12:41:42+00:00,https://www.leckerschmecker.me/veganer-coleslaw-fruchtig/63743511731832,"Cremig, fruchtig, pflanzlich: Diesen Klassiker machst du im Nu nach",2026-08-22,2026-08-23,2,3
63743511733420,2026-08-21T13:02:51+00:00,https://www.leckerschmecker.me/pasta-alla-montecarlo/63743511733420,Pasta alla Montecarlo: modernes Rezept mit klassischen italienischen Zutaten,2026-08-22,2026-08-23,2,1
63743511733170,2026-08-21T13:24:34+00:00,https://www.leckerschmecker.me/aprikosen-galette-fuer/63743511733170,"Alles, was du für einen süßen Sommernachmittag brauchst",2026-08-22,2026-08-23,2,2
63743511732975,2026-08-21T13:24:36+00:00,https://www.leckerschmecker.me/birnen-ricotta-kuchen-schmeckt/63743511732975,Dieser Birnen-Ricotta-Kuchen schmeckt nach Spätsommer,2026-08-22,2026-08-23,2,2
63743511579309,2026-08-21T13:50:45+00:00,https://www.leckerschmecker.me/pflaumen-cheesecake-a-a/63743511579309,So lecker schmeckt der Spätsommer in Kuchenform,2026-08-22,2026-08-23,2,1
63743511580105,2026-08-21T13:58:19+00:00,https://www.leckerschmecker.me/pflaumen-puddingkuchen-mit-streuseln-a-a/63743511580105,"Wenn Pflaumenkuchen, dann bitte mit Pudding und Streuseln",2026-08-22,2026-08-23,2,1
63743511733624,2026-08-21T14:01:00+00:00,https://www.leckerschmecker.me/cappuccino-puddingkuchen/63743511733624,Dieser Cappuccino-Puddingkuchen ist Kaffee und Kuchen in einem,2026-08-22,2026-08-23,2,1
63743511606312,2026-08-21T14:04:43+00:00,https://www.leckerschmecker.me/flammkuchen-pasta-aus-dem-ofen-a-a/63743511606312,"Flammkuchen-Pasta aus dem Ofen: herzhaft, cremig und einfach gut",2026-08-22,2026-08-23,2,1
63743511250857,2026-08-21T14:04:51+00:00,https://www.leckerschmecker.me/hoppelpoppel-ddr-rezept-a-f/63743511250857,Hoppelpoppel nach DDR-Rezept: Diese Kartoffeln machen satt und glücklich,2026-08-22,2026-08-23,2,1
63743511430926,2026-08-21T14:08:35+00:00,https://www.leckerschmecker.me/haferflocken-apfel-kekse-a-d/63743511430926,Backe dir leckere Haferflocken-Apfel-Kekse zum Snacken,2026-08-22,2026-08-23,2,1
63743511477888,2026-08-21T14:14:44+00:00,https://www.leckerschmecker.me/kartoffel-hackbaellchen-auflauf-a-e-neues/63743511477888,Neues Lieblingsgericht für kühlere Tage: Kartoffel-Hackbällchen-Auflauf,2026-08-22,2026-08-23,2,2
63743511724657,2026-08-21T14:14:45+00:00,https://www.leckerschmecker.me/haehnchen-zucchini-auflauf-ofen/63743511724657,"Deftig, bunt und einfach gut: ein Auflauf, den du jeden Tag genießen möchtest",2026-08-22,2026-08-23,2,12
63743511375831,2026-08-21T14:15:46+00:00,https://www.leckerschmecker.me/nudeln-in-tomaten-sahnesosse-b-w/63743511375831,Nudeln in Tomaten-Sahnesoße: schnelles Rezept für Pasta-Liebhaber,2026-08-22,2026-08-23,2,1
63743511733145,2026-08-21T15:26:00+00:00,https://www.leckerschmecker.me/airfryer-khachapuri/63743511733145,Dieses Käsebrot hat mich meinen Backofen vergessen lassen,2026-08-22,2026-08-23,2,1
63743511732571,2026-08-21T16:45:39+00:00,https://www.leckerschmecker.me/pflaumen-blaetterteigtaschen-aus-dem-airfryer-lohnt/63743511732571,"Aus diesem Grund lohnt es sich immer, frischen Blätterteig im Haus zu haben",2026-08-22,2026-08-23,2,3
63743511734479,2026-08-21T17:23:00+00:00,https://www.leckerschmecker.me/kartoffel-lauchsuppe-mit-pfifferlingen/63743511734479,Diese Suppe bringt den Spätsommer in den Suppenteller,2026-08-22,2026-08-23,2,1
63743511733431,2026-08-21T18:32:00+00:00,https://www.leckerschmecker.me/blumenkohl-curry-mit-kokosmilch/63743511733431,Blumenkohl-Curry: so wird aus einem Kohlkopf ein Hauptgericht,2026-08-22,2026-08-23,2,1
63743511731896,2026-08-21T18:54:43+00:00,https://www.leckerschmecker.me/faecherbaguettes-aus-dem-airfryer-beweis/63743511731896,"Dieses Baguette ist ein weiterer Beweis, warum du einen Airfryer brauchst",2026-08-22,2026-08-23,2,4
63743511732397,2026-08-22T04:09:47+00:00,https://www.leckerschmecker.me/nudeln-mit-zucchini-tomaten-sosse-kochen/63743511732397,Was soll ich heute kochen? Diese Zucchini-Pasta ist die Antwort,2026-08-22,2026-08-23,2,2
63743511733438,2026-08-22T05:01:00+00:00,https://www.leckerschmecker.me/walnuss-brioche/63743511733438,Herrlich fluffig: So gelingen Walnuss-Brioche wie vom Bäcker,2026-08-22,2026-08-23,2,1
63743511733718,2026-08-22T05:28:38+00:00,https://www.leckerschmecker.me/walnuss-falafel-wraps-walnuesse/63743511733718,Warum Walnüsse deine selbstgemachten Falafel noch besser machen,2026-08-22,2026-08-23,2,2
63743511733175,2026-08-22T05:28:39+00:00,https://www.leckerschmecker.me/oreo-eis-mit-schokohuelle-eismaschine/63743511733175,Oreo-Eis ohne Eismaschine: So einfach gelingt der Sommerhit mit Schokohülle,2026-08-22,2026-08-23,2,2
63743511733605,2026-08-22T05:28:39+00:00,https://www.leckerschmecker.me/russisch-brot-einschulung/63743511733605,Warum Russisch Brot zur Einschulung in die Schultüte gehört,2026-08-22,2026-08-23,2,2
63743511733659,2026-08-22T05:28:40+00:00,https://www.leckerschmecker.me/rotkohl-tofu-sandwich-knusprig/63743511733659,"Knusprig, knackig, bunt: würziges Rotkohl-Tofu-Sandwich",2026-08-22,2026-08-23,2,2
63743511734408,2026-08-22T05:46:00+00:00,https://www.leckerschmecker.me/fruehstuecks-tacos-aus-croissantteig/63743511734408,Croissant trifft Taco: So genial sind Frühstücks-Tacros,2026-08-22,2026-08-24,3,1
63743511733724,2026-08-22T06:39:00+00:00,https://www.leckerschmecker.me/johannisbeer-crumble/63743511733724,Für Frühstück und Kaffeepause: Johannisbeeren und Streusel auf die Eins,2026-08-22,2026-08-23,2,1
63743511448466,2026-08-22T06:42:44+00:00,https://www.leckerschmecker.me/champignons-aus-der-heissluftfritteuse-a-m-airfryer/63743511448466,"Der beste Snack, den dein Airfryer je gemacht hat",2026-08-22,2026-08-24,3,2
63743511732532,2026-08-22T06:42:45+00:00,https://www.leckerschmecker.me/geroestete-tomaten-paprika-suppe-aromatischen/63743511732532,Mit dieser herrlich aromatischen Suppe endet der Sommer nie,2026-08-22,2026-08-24,3,3
63743511417483,2026-08-22T07:11:47+00:00,https://www.leckerschmecker.me/pflaumen-hoernchen-a-d/63743511417483,Pflaumen-Hörnchen sind ein leckeres Frühstück für Naschkatzen,2026-08-22,2026-08-24,3,1
63743511513079,2026-08-22T07:16:40+00:00,https://www.leckerschmecker.me/mini-fruehstueckspizza-a-c/63743511513079,Mini-Frühstückspizza: Darüber freuen sich Pizza-Fans,2026-08-22,2026-08-24,3,1
63743511733083,2026-08-22T07:20:37+00:00,https://www.leckerschmecker.me/ananas-eistee-fruchtig/63743511733083,"Fruchtig, frisch, selbst gemacht: Ananas-Eistee, der nach Sommer schmeckt",2026-08-22,2026-08-23,2,2
63743511733417,2026-08-22T07:22:00+00:00,https://www.leckerschmecker.me/zitronenabrieb/63743511733417,Zitronenabrieb vs. Zitronensaft: So holst du das Beste aus der gelben Frucht,2026-08-22,2026-08-23,2,1
63743511407252,2026-08-22T07:26:57+00:00,https://www.leckerschmecker.me/ueberbackene-hackbaellchen-in-tomatensosse-a-b/63743511407252,Zu viel Käse gibt es nicht! Probiere überbackene Hackbällchen in Tomatensoße,2026-08-22,2026-08-24,3,1
63743511733968,2026-08-22T08:16:00+00:00,https://www.leckerschmecker.me/maissnack-aus-dem-airfryer/63743511733968,So wird Dosenmais zum ultimativen Crunch-Snack aus dem Airfryer,2026-08-22,2026-08-24,3,1
63743511733763,2026-08-22T08:57:29+00:00,https://www.leckerschmecker.me/airfryer-ofenpfannkuchen-sonntagmorgen/63743511733763,Der Sonntagmorgen-Retter: Pfannkuchen aus dem Airfryer,2026-08-22,2026-08-24,3,2
63743511733852,2026-08-22T09:31:00+00:00,https://www.leckerschmecker.me/gurkensalat-mit-sesamhuhn/63743511733852,Gurkensalat mit Sesamhuhn: knackig trifft würzig,2026-08-22,2026-08-23,2,1
63743511733822,2026-08-22T10:07:00+00:00,https://www.leckerschmecker.me/zucchini-kroketten-aus-dem-airfryer/63743511733822,Airfryer-Liebling: selbstgemachte Zucchini-Kroketten zum Wegknabbern,2026-08-22,2026-08-23,2,1
63743511225849,2026-08-22T10:46:34+00:00,https://www.leckerschmecker.me/herzhafte-blaetterteig-zoepfe-a-a-gefuellte/63743511225849,Gefüllte Blätterteig-Zöpfe mit Käse und Rührei: perfekt zum Frühstück,2026-08-22,2026-08-23,2,2
63743511733907,2026-08-22T11:23:00+00:00,https://www.leckerschmecker.me/tiramisu-millefeuille/63743511733907,Tiramisu-Millefeuille: Schicht für Schicht ins Blätterteig-Glück,2026-08-22,2026-08-23,2,1
63743511734322,2026-08-22T13:58:00+00:00,https://www.leckerschmecker.me/johannisbeer-kaesekuchen/63743511734322,Samtig-süß und fruchtig-säuerlich: Dieser Käsekuchen ist unwiderstehlich,2026-08-22,2026-08-24,3,1
63743511733622,2026-08-22T14:39:00+00:00,https://www.leckerschmecker.me/ricotta-feigen-taschen/63743511733622,Ricotta-Feigen-Taschen aus dem Airfryer: süße Teigtaschen mit Spätsommer-Aroma,2026-08-22,2026-08-23,2,1
63743511733979,2026-08-22T15:21:00+00:00,https://www.leckerschmecker.me/haehnchen-geschnetzeltes-in-bohnen-champignon-sosse/63743511733979,Hähnchen-Geschnetzeltes in Bohnen-Champignon-Soße: So lecker schmeckt Hausmannskost,2026-08-23,2026-08-24,2,1
63743511733735,2026-08-22T15:26:41+00:00,https://www.leckerschmecker.me/knoblauch-parmesan-pommes-aus-der-heissluftfritteuse-beste/63743511733735,Knoblauch-Parmesan-Pommes: der beste Snack aus dem Airfryer,2026-08-23,2026-08-24,2,2
63743511734242,2026-08-22T16:05:00+00:00,https://www.leckerschmecker.me/hackbaellchen-in-pflaumen-balsamico-sosse/63743511734242,Hackbällchen in Pflaumen-Balsamico-Sauce bringen Frucht in die herzhafte Küche,2026-08-23,2026-08-24,2,1
63743511734055,2026-08-22T17:29:00+00:00,https://www.leckerschmecker.me/schinken-kaese-kroketten-aus-dem-airfryer/63743511734055,Schinken-Käse-Kroketten aus dem Airfryer: Der Knusper-Test ist bestanden,2026-08-23,2026-08-23,1,1
63743511729665,2026-08-22T18:43:00+00:00,https://www.leckerschmecker.me/zucchini-haltbar-zu-machen/63743511729665,"7 Ideen, Zucchini haltbar zu machen",2026-08-23,2026-08-24,2,1
63743511732368,2026-08-23T04:11:43+00:00,https://www.leckerschmecker.me/haehnchen-bruschetta-auflauf-italien/63743511732368,Hähnchen-Bruschetta-Auflauf: ein Hauch Italien in deiner Auflaufform,2026-08-23,2026-08-24,2,3
63743511734284,2026-08-23T05:03:00+00:00,https://www.leckerschmecker.me/milchcouscous-mit-pflaumenkompott/63743511734284,Dieser Milchcouscous mit Pflaumenkompott macht Freude an regnerischen Sommertagen,2026-08-23,2026-08-24,2,1
63743511733907,2026-08-23T05:29:41+00:00,https://www.leckerschmecker.me/tiramisu-millefeuille-schicht/63743511733907,Tiramisu-Millefeuille: Schicht für Schicht ins Blätterteig-Glück,2026-08-23,2026-08-24,2,2
63743511733852,2026-08-23T05:29:42+00:00,https://www.leckerschmecker.me/gurkensalat-mit-sesamhuhn-knackig/63743511733852,Gurkensalat mit Sesamhuhn: knackig trifft würzig,2026-08-23,2026-08-24,2,2
63743511733417,2026-08-23T05:29:43+00:00,https://www.leckerschmecker.me/zitronenabrieb-vs/63743511733417,Zitronenabrieb vs. Zitronensaft: So holst du das Beste aus der gelben Frucht,2026-08-23,2026-08-24,2,2
63743511733724,2026-08-23T05:29:44+00:00,https://www.leckerschmecker.me/johannisbeer-crumble-fuer/63743511733724,Für Frühstück und Kaffeepause: Johannisbeeren und Streusel auf die Eins,2026-08-23,2026-08-24,2,2
63743511733438,2026-08-23T05:29:45+00:00,https://www.leckerschmecker.me/walnuss-brioche-herrlich/63743511733438,Herrlich fluffig: So gelingen Walnuss-Brioche wie vom Bäcker,2026-08-23,2026-08-24,2,2
63743511734871,2026-08-23T05:31:00+00:00,https://www.leckerschmecker.me/schinken-kaese-fruehstuecksmuffins/63743511734871,Diese Schinken-Käse-Frühstücksmuffins machen den Brunch herrlich herzhaft,2026-08-23,2026-08-24,2,1
63743511734398,2026-08-23T06:33:00+00:00,https://www.leckerschmecker.me/mango-vanille-lassi/63743511734398,Mango-Vanille-Lassi: cremig-tropische Erfrischung,2026-08-23,2026-08-24,2,1
63743511733420,2026-08-23T06:43:41+00:00,https://www.leckerschmecker.me/pasta-alla-montecarlo-modernes/63743511733420,Pasta alla Montecarlo: modernes Rezept mit klassischen italienischen Zutaten,2026-08-23,2026-08-24,2,2
63743511732777,2026-08-23T06:43:42+00:00,https://www.leckerschmecker.me/zucchini-garnelen-pfanne-in-weissweinsosse-abendessen/63743511732777,Zucchini-Garnelen-Pfanne in Weißweinsoße: perfektes Abendessen für ein Date zu zweit,2026-08-23,2026-08-25,3,3
63743511577378,2026-08-23T07:08:21+00:00,https://www.leckerschmecker.me/weisser-grieche-aufstrich-a-b/63743511577378,Diesen Aufstrich kannst du ganz einfach selber machen,2026-08-23,2026-08-24,2,1
63743511734482,2026-08-23T07:26:00+00:00,https://www.leckerschmecker.me/milchreis-sushi/63743511734482,Dieses Milchreis-Sushi begeistert Kinder und Erwachsene gleichermaßen,2026-08-23,2026-08-24,2,1
63743511570995,2026-08-23T08:04:32+00:00,https://www.leckerschmecker.me/pulled-pork-aus-der-heissluftfritteuse-a-a-zubereitet/63743511570995,Pulled Pork aus der Heißluftfritteuse: So wird es butterzart und unwiderstehlich,2026-08-23,2026-08-25,3,2
63743511733319,2026-08-23T08:04:33+00:00,https://www.leckerschmecker.me/zucchini-garnelen-pfanne-in-tomatensosse-wuerziges/63743511733319,"Würziges Pfannengericht mit Zucchini, Garnelen und sahniger Tomatensoße",2026-08-23,2026-08-25,3,2
63743511734237,2026-08-23T08:31:00+00:00,https://www.leckerschmecker.me/schinken-camembert-blaetterteigtaschen/63743511734237,Diese Schinken-Camembert-Blätterteigtaschen werden im Airfryer besonders knusprig,2026-08-23,2026-08-24,2,1
63743511733822,2026-08-23T08:49:32+00:00,https://www.leckerschmecker.me/zucchini-kroketten-aus-dem-airfryer-liebling/63743511733822,Airfryer-Liebling: selbstgemachte Zucchini-Kroketten zum Wegknabbern,2026-08-23,2026-08-24,2,2
63743511731896,2026-08-23T08:49:33+00:00,https://www.leckerschmecker.me/faecherbaguettes-aus-dem-airfryer-brauchst/63743511731896,"Dieses Baguette ist ein weiterer Beweis, warum du einen Airfryer brauchst",2026-08-23,2026-08-25,3,5
63743511734386,2026-08-23T09:37:00+00:00,https://www.leckerschmecker.me/gefuellte-aubergine-mit-linsen/63743511734386,"Was du aus Auberginen, Linsen und Granatapfel machen kannt",2026-08-23,2026-08-24,2,1
63743511734271,2026-08-23T10:04:00+00:00,https://www.leckerschmecker.me/schnitzel-burger-aus-dem-airfryer/63743511734271,Schnitzel-Burger aus dem Airfryer: So knusprig hast du Burger noch nie gegessen,2026-08-23,2026-08-24,2,1
63743511555214,2026-08-23T10:58:32+00:00,https://www.leckerschmecker.me/ungarisches-paprikahuhn-a-a-schnell/63743511555214,Dieses würzige Paprikahuhn hast du ganz schnell nachgemacht,2026-08-23,2026-08-25,3,3
63743511245357,2026-08-23T11:19:28+00:00,https://www.leckerschmecker.me/quetschkartoffeln-vom-blech-a-b-herzhaftes/63743511245357,Quetschkartoffeln vom Blech: herzhaftes Ofengericht,2026-08-23,2026-08-25,3,2
63743511360195,2026-08-23T11:19:29+00:00,https://www.leckerschmecker.me/schnelle-pizza-toasties-a-a-mini/63743511360195,Schnelle Pizza-Toasties: Diese Mini-Pizzen sind in Rekordzeit im Ofen,2026-08-23,2026-08-25,3,2
63743511732661,2026-08-23T11:19:31+00:00,https://www.leckerschmecker.me/zwiebelring-chips-aus-dem-airfryer-zwiebeln/63743511732661,Mit diesem Rezept werden Zwiebeln zum Knabberspaß,2026-08-23,2026-08-25,3,3
63743511734637,2026-08-23T11:24:00+00:00,https://www.leckerschmecker.me/zitronen-reis-auflauf-mit-feta-und-spinat/63743511734637,Zitronen-Reis-Auflauf mit Feta und Spinat – einfach in die Form und fertig,2026-08-23,2026-08-25,3,1
63743511613126,2026-08-23T12:28:54+00:00,https://www.leckerschmecker.me/filettopf-mit-champignons-a-b/63743511613126,Filettopf mit Champignons: Wohlfühlgericht für graue Tage,2026-08-23,2026-08-25,3,1
63743511733083,2026-08-23T12:42:32+00:00,https://www.leckerschmecker.me/ananas-eistee-frisch/63743511733083,"Fruchtig, frisch, selbst gemacht: Ananas-Eistee, der nach Sommer schmeckt",2026-08-23,2026-08-25,3,3
63743511734055,2026-08-23T13:22:27+00:00,https://www.leckerschmecker.me/schinken-kaese-kroketten-aus-dem-airfryer-knusper/63743511734055,Schinken-Käse-Kroketten aus dem Airfryer: Der Knusper-Test ist bestanden,2026-08-23,2026-08-25,3,2
63743511733622,2026-08-23T13:22:28+00:00,https://www.leckerschmecker.me/ricotta-feigen-taschen-airfryer/63743511733622,Ricotta-Feigen-Taschen aus dem Airfryer: süße Teigtaschen mit Spätsommer-Aroma,2026-08-23,2026-08-25,3,2
63743511734025,2026-08-23T13:56:00+00:00,https://www.leckerschmecker.me/feigen-griesskuchen/63743511734025,Was backe ich mit frischen Feigen? Diesen saftigen Grießkuchen,2026-08-23,2026-08-24,2,1
63743511732571,2026-08-23T14:15:44+00:00,https://www.leckerschmecker.me/pflaumen-blaetterteigtaschen-aus-dem-airfryer-frischen/63743511732571,"Aus diesem Grund lohnt es sich immer, frischen Blätterteig im Haus zu haben",2026-08-23,2026-08-25,3,4
63743511606312,2026-08-23T14:15:45+00:00,https://www.leckerschmecker.me/flammkuchen-pasta-aus-dem-ofen-a-a-herzhaft/63743511606312,"Flammkuchen-Pasta aus dem Ofen: herzhaft, cremig und einfach gut",2026-08-23,2026-08-25,3,2
63743511402129,2026-08-23T14:15:46+00:00,https://www.leckerschmecker.me/gefuellte-pfannkuchen-mit-pfifferlingen-a-a-lieblingsrezept/63743511402129,Gefüllte Pfannkuchen mit Pfifferlingen sind jetzt unser Lieblingsrezept,2026-08-23,2026-08-25,3,2
63743511733193,2026-08-23T14:15:47+00:00,https://www.leckerschmecker.me/herzhafter-fruehstuecks-flammkuchen-vom-blech-brunch/63743511733193,Brunch-Held mit wenigen Zutaten: Herzhafter Flammkuchen für deinen Morgen,2026-08-23,2026-08-25,3,2
63743511733276,2026-08-23T14:15:47+00:00,https://www.leckerschmecker.me/roestkartoffel-salat-perfekte/63743511733276,Der perfekte Sommersalat: Röstkartoffeln mit Zucchini und Tomaten,2026-08-23,2026-08-25,3,2
63743511734328,2026-08-23T14:41:00+00:00,https://www.leckerschmecker.me/hackbaellchen-im-blaetterteigkranz/63743511734328,Alle greifen zu: Dieser Hackbällchen-Kranz mit Käse-Dip ist der perfekte Party-Hingucker,2026-08-23,2026-08-25,3,1
63743511225849,2026-08-23T14:45:41+00:00,https://www.leckerschmecker.me/herzhafte-blaetterteig-zoepfe-a-a-kaese/63743511225849,Gefüllte Blätterteig-Zöpfe mit Käse und Rührei: perfekt zum Frühstück,2026-08-23,2026-08-25,3,3
63743511734479,2026-08-23T15:34:42+00:00,https://www.leckerschmecker.me/kartoffel-lauchsuppe-mit-pfifferlingen-suppe/63743511734479,Diese Suppe bringt den Spätsommer in den Suppenteller,2026-08-24,2026-08-25,2,2
63743511733145,2026-08-23T15:34:43+00:00,https://www.leckerschmecker.me/airfryer-khachapuri-kaesebrot/63743511733145,Dieses Käsebrot hat mich meinen Backofen vergessen lassen,2026-08-24,2026-08-25,2,2
63743511483284,2026-08-23T15:34:44+00:00,https://www.leckerschmecker.me/bhuna-haehnchen-a-b-klassiker/63743511483284,Bhuna-Hähnchen: Der indische Klassiker steckt voller Geschmack,2026-08-24,2026-08-25,2,3
63743511732886,2026-08-23T15:34:45+00:00,https://www.leckerschmecker.me/cheeseburger-toasties-kaesig/63743511732886,"Knusprig, käsig, unwiderstehlich: So einfach gelingen Cheeseburger-Toasties",2026-08-24,2026-08-25,2,3
63743511733713,2026-08-23T15:38:00+00:00,https://www.leckerschmecker.me/griechisch-gefuellte-huehnerbrust/63743511733713,So aromatisch hast du Hühnerbrust noch nie zubereitet,2026-08-24,2026-08-24,1,1
63743511734240,2026-08-23T16:01:00+00:00,https://www.leckerschmecker.me/veganer-kartoffelauflauf-mit-paprika-und-oliven/63743511734240,Kartoffelauflauf mit Paprika und Oliven: Leckerer Auflauf – ganz vegan,2026-08-24,2026-08-25,2,1
63743511734332,2026-08-23T17:31:00+00:00,https://www.leckerschmecker.me/zucchini-cordon-bleu/63743511734332,Zucchini-Cordon-bleu: So wird Gemüse zum herzhaften Hauptgericht,2026-08-24,2026-08-25,2,1
63743511733431,2026-08-23T18:12:42+00:00,https://www.leckerschmecker.me/blumenkohl-curry-mit-kokosmilch-kohlkopf/63743511733431,Blumenkohl-Curry: so wird aus einem Kohlkopf ein Hauptgericht,2026-08-24,2026-08-25,2,2
63743511734895,2026-08-23T18:37:00+00:00,https://www.leckerschmecker.me/haehnchen-parmesan-risotto/63743511734895,Dieses Hähnchen-Parmesan-Risotto ist cremiges Feierabendglück aus einem Topf,2026-08-24,2026-08-25,2,1
63743511732397,2026-08-24T04:17:47+00:00,https://www.leckerschmecker.me/nudeln-mit-zucchini-tomaten-sosse-pasta/63743511732397,Was soll ich heute kochen? Diese Zucchini-Pasta ist die Antwort,2026-08-24,2026-08-25,2,3
63743511724657,2026-08-24T04:17:48+00:00,https://www.leckerschmecker.me/haehnchen-zucchini-auflauf-natuerlich/63743511724657,"Deftig, bunt und einfach gut: ein Auflauf, den du jeden Tag genießen möchtest",2026-08-24,2026-08-25,2,13
63743511733624,2026-08-24T04:17:49+00:00,https://www.leckerschmecker.me/cappuccino-puddingkuchen-kaffee/63743511733624,Dieser Cappuccino-Puddingkuchen ist Kaffee und Kuchen in einem,2026-08-24,2026-08-25,2,2
63743511580105,2026-08-24T04:17:50+00:00,https://www.leckerschmecker.me/pflaumen-puddingkuchen-mit-streuseln-a-a-pflaumenkuchen/63743511580105,"Wenn Pflaumenkuchen, dann bitte mit Pudding und Streuseln",2026-08-24,2026-08-25,2,2
63743511580500,2026-08-24T04:17:51+00:00,https://www.leckerschmecker.me/pflaumenkuchen-mit-rum-a-b-wusstest/63743511580500,Pflaumenkuchen mit dem gewissen Etwas,2026-08-24,2026-08-25,2,2
63743511734530,2026-08-24T05:01:00+00:00,https://www.leckerschmecker.me/pflaumen-schinken-schnecken-airfryer/63743511734530,In 30 Minuten fertig: knusprige Pflaumen-Schinken-Schnecken aus dem Airfryer,2026-08-24,2026-08-24,1,1
63743511402393,2026-08-24T05:33:16+00:00,https://www.leckerschmecker.me/bretonische-galettes-ei-lachs-a-a/63743511402393,Fitness-Frühstück wie in Frankreich: Galettes mit Ei und Lachs,2026-08-24,2026-08-25,2,1
63743511734271,2026-08-24T05:38:40+00:00,https://www.leckerschmecker.me/schnitzel-burger-aus-dem-airfryer-knusprig/63743511734271,Schnitzel-Burger aus dem Airfryer: So knusprig hast du Burger noch nie gegessen,2026-08-25,2026-08-26,2,2
63743511734386,2026-08-24T05:38:41+00:00,https://www.leckerschmecker.me/gefuellte-aubergine-mit-linsen-auberginen/63743511734386,"Was du aus Auberginen, Linsen und Granatapfel machen kannt",2026-08-25,2026-08-26,2,2
63743511734237,2026-08-24T05:38:42+00:00,https://www.leckerschmecker.me/schinken-camembert-blaetterteigtaschen-airfryer/63743511734237,Diese Schinken-Camembert-Blätterteigtaschen werden im Airfryer besonders knusprig,2026-08-25,2026-08-26,2,2
63743511734482,2026-08-24T05:38:43+00:00,https://www.leckerschmecker.me/milchreis-sushi-begeistert/63743511734482,Dieses Milchreis-Sushi begeistert Kinder und Erwachsene gleichermaßen,2026-08-25,2026-08-26,2,2
63743511734284,2026-08-24T05:38:44+00:00,https://www.leckerschmecker.me/milchcouscous-mit-pflaumenkompott-freude/63743511734284,Dieser Milchcouscous mit Pflaumenkompott macht Freude an regnerischen Sommertagen,2026-08-25,2026-08-26,2,2
63743511734871,2026-08-24T05:59:55+00:00,https://www.leckerschmecker.me/schinken-kaese-fruehstuecksmuffins-brunch/63743511734871,Diese Schinken-Käse-Frühstücksmuffins machen den Brunch herrlich herzhaft,2026-08-25,2026-08-26,2,2
63743511578690,2026-08-24T06:02:23+00:00,https://www.leckerschmecker.me/zucchini-cheddar-waffeln-a-b/63743511578690,So verwandelst du Zucchini in goldbraune Waffeln,2026-08-25,2026-08-26,2,1
63743511426973,2026-08-24T06:26:25+00:00,https://www.leckerschmecker.me/haferflocken-pflaumen-auflauf-a-o/63743511426973,Haferflocken-Pflaumen-Auflauf: süßes Frühstück,2026-08-25,2026-08-26,2,1
63743511398352,2026-08-24T06:27:04+00:00,https://www.leckerschmecker.me/pfifferlingsrisotto-a-b/63743511398352,Vom Wald auf den Teller: Probiere dieses leckere Pfifferlingsrisotto.,2026-08-25,2026-08-26,2,1
63743511373696,2026-08-24T06:38:26+00:00,https://www.leckerschmecker.me/mueslikekse-a-a/63743511373696,Müslikekse selber machen für einen süß-gesunden Start in den Tag,2026-08-25,2026-08-26,2,1
63743511373804,2026-08-24T06:39:59+00:00,https://www.leckerschmecker.me/kondensmilch-pfannkuchen-a-a/63743511373804,Pfannkuchen mit Kondensmilch sind eine süße Versuchung zum Frühstück,2026-08-25,2026-08-26,2,1
63743511369581,2026-08-24T06:43:18+00:00,https://www.leckerschmecker.me/erbsen-guacamole-a-a/63743511369581,Erbsen-Guacamole mit Minze: leckere Alternative zum Klassiker mit Avocado,2026-08-25,2026-08-26,2,1
63743511371915,2026-08-24T06:44:54+00:00,https://www.leckerschmecker.me/muesli-muffins-a-a/63743511371915,Müsli-Muffins zum Frühstück: was für ein süßer Start in den Tag,2026-08-25,2026-08-26,2,1
63743511734398,2026-08-24T06:47:37+00:00,https://www.leckerschmecker.me/mango-vanille-lassi-cremig/63743511734398,Mango-Vanille-Lassi: cremig-tropische Erfrischung,2026-08-25,2026-08-26,2,2
63743511733735,2026-08-24T06:47:38+00:00,https://www.leckerschmecker.me/knoblauch-parmesan-pommes-aus-der-heissluftfritteuse-snack/63743511733735,Knoblauch-Parmesan-Pommes: der beste Snack aus dem Airfryer,2026-08-25,2026-08-25,1,3
63743511640955,2026-08-24T08:10:13+00:00,https://www.leckerschmecker.me/vegane-mango-mousse-a-a/63743511640955,Mach einen tropischen Kurzurlaub mit diesem Mango-Mousse,2026-08-25,2026-08-26,2,1
63743511734371,2026-08-24T08:12:00+00:00,https://www.leckerschmecker.me/warmer-griessbrei-mit-feigen/63743511734371,Warmer Grießbrei mit Feigen: Löffel für Löffel den Spätsommer genießen,2026-08-25,2026-08-25,1,1
63743511733763,2026-08-24T08:14:36+00:00,https://www.leckerschmecker.me/airfryer-ofenpfannkuchen-retter/63743511733763,Der Sonntagmorgen-Retter: Pfannkuchen aus dem Airfryer,2026-08-25,2026-08-26,2,3
63743511574364,2026-08-24T08:14:37+00:00,https://www.leckerschmecker.me/haferflocken-joghurt-fladen-a-c-herzhaft/63743511574364,Haferflocken trifft Joghurt: Diese herzhaften Fladen sind überraschend lecker,2026-08-25,2026-08-26,2,2
63743511577378,2026-08-24T08:42:35+00:00,https://www.leckerschmecker.me/weisser-grieche-aufstrich-a-b-einfach/63743511577378,Diesen Aufstrich kannst du ganz einfach selber machen,2026-08-25,2026-08-25,1,2
63743511501493,2026-08-24T09:22:44+00:00,https://www.leckerschmecker.me/avocado-garnelen-salat-a-c/63743511501493,Dieser leichte Salat ist perfekt für den schnellen Hunger,2026-08-25,2026-08-26,2,1
63743511734748,2026-08-24T10:09:00+00:00,https://www.leckerschmecker.me/zucchini-parmesan-pie/63743511734748,Zucchini-Parmesan-Pie: cremige Füllung und knusprige Haube,2026-08-25,2026-08-25,1,1
63743511729665,2026-08-24T10:49:34+00:00,https://www.leckerschmecker.me/zucchini-haltbar-zu-machen-ideen/63743511729665,"7 Ideen, Zucchini haltbar zu machen",2026-08-25,2026-08-26,2,2
63743511734242,2026-08-24T10:49:35+00:00,https://www.leckerschmecker.me/hackbaellchen-in-pflaumen-balsamico-sosse-sauce/63743511734242,Hackbällchen in Pflaumen-Balsamico-Sauce bringen Frucht in die herzhafte Küche,2026-08-25,2026-08-26,2,2
63743511420287,2026-08-24T10:50:39+00:00,https://www.leckerschmecker.me/pflaumenkuchen-mit-baiser-a-d/63743511420287,Pflaumenkuchen mit Baiser: der perfekte Smommerbegleiter,2026-08-25,2026-08-26,2,1
63743511431593,2026-08-24T11:29:33+00:00,https://www.leckerschmecker.me/gebackene-feigen-a-e/63743511431593,Gefüllte Feigen aus dem Ofen: ein Hauch von Luxus,2026-08-25,2026-08-26,2,1
63743511375236,2026-08-24T11:34:37+00:00,https://www.leckerschmecker.me/gefuellte-broetchen-waffeln-a-a/63743511375236,"Gefüllte Brötchen-Waffeln: lecker zum Frühstück, Brunch oder als Nachmittagssnack",2026-08-25,2026-08-26,2,1
63743511423283,2026-08-24T11:36:52+00:00,https://www.leckerschmecker.me/feigenmarmelade-a-c/63743511423283,Wir lieben diese selbst gemachte Feigenmarmelade,2026-08-25,2026-08-26,2,1
63743511537374,2026-08-24T12:32:23+00:00,https://www.leckerschmecker.me/espresso-joghurt-kuchen-a-a/63743511537374,Kein Tag ohne Kaffee und Kuchen: Dieses Backwerk verbindet beide gekonnt,2026-08-25,2026-08-26,2,1
63743511422147,2026-08-24T13:19:56+00:00,https://www.leckerschmecker.me/gebackener-feta-mit-feigen-a-f/63743511422147,Gebackener Feta mit Feigen: spätsommerlicher Leckerbissen,2026-08-25,2026-08-26,2,1
63743511569846,2026-08-24T13:27:20+00:00,https://www.leckerschmecker.me/ziegenkaese-pflaumen-tartelettes-a-a/63743511569846,"Ziegenkäse, Pflaumen und Walnüsse: perfektes Tarte-Trio",2026-08-25,2026-08-26,2,1
63743511733713,2026-08-24T13:36:35+00:00,https://www.leckerschmecker.me/griechisch-gefuellte-huehnerbrust-aromatisch/63743511733713,So aromatisch hast du Hühnerbrust noch nie zubereitet,2026-08-25,2026-08-26,2,2
63743511734025,2026-08-24T13:36:36+00:00,https://www.leckerschmecker.me/feigen-griesskuchen-backe/63743511734025,Was backe ich mit frischen Feigen? Diesen saftigen Grießkuchen,2026-08-25,2026-08-26,2,2
63743511431373,2026-08-24T13:45:11+00:00,https://www.leckerschmecker.me/apfel-puddingkuchen-vom-blech-a-g/63743511431373,Einfacher Apfel-Puddingkuchen vom Blech: ideal für Backanfänger,2026-08-25,2026-08-26,2,1
63743511735243,2026-08-24T13:56:00+00:00,https://www.leckerschmecker.me/mango-maracuja-cheesecake/63743511735243,Genieße mit diesem Mango-Maracuja-Cheesecake noch einmal den Sommer,2026-08-25,2026-08-25,1,1
63743511420234,2026-08-24T13:59:47+00:00,https://www.leckerschmecker.me/aprikosen-puddingkuchen-a-g/63743511420234,Backe jetzt noch schnell diesen Aprikosen-Puddingkuchen,2026-08-25,2026-08-26,2,1
63743511573067,2026-08-24T14:05:56+00:00,https://www.leckerschmecker.me/pflaumen-mohnschnecken-a-a/63743511573067,Diese Schnecken schmecken! Mit Pflaume und Mohn wird&#8217;s besonders lecker,2026-08-25,2026-08-26,2,1
63743511733979,2026-08-24T15:20:42+00:00,https://www.leckerschmecker.me/haehnchen-geschnetzeltes-in-bohnen-champignon-sosse-lecker/63743511733979,Hähnchen-Geschnetzeltes in Bohnen-Champignon-Soße: So lecker schmeckt Hausmannskost,2026-08-25,2026-08-26,2,2
63743511735308,2026-08-24T15:24:00+00:00,https://www.leckerschmecker.me/gemista/63743511735308,Gefüllte Tomaten und Paprika nach griechischer Art,2026-08-25,2026-08-26,2,1
63743511735125,2026-08-24T16:27:00+00:00,https://www.leckerschmecker.me/kaese-schinken-broetchen-aus-dem-airfryer/63743511735125,Brötchen zu Hause? Mach das daraus!,2026-08-25,2026-08-25,1,1
63743511735179,2026-08-24T17:35:00+00:00,https://www.leckerschmecker.me/kaesespaetzle-mit-kimchi/63743511735179,Wenn die Alm nach Seoul reist: Käsespätzle mit Kimchi,2026-08-25,2026-08-25,1,1
63743511735172,2026-08-24T18:39:00+00:00,https://www.leckerschmecker.me/tequila-sunset/63743511735172,Dieser Cocktail bringt den Sonnenuntergang ins Glas,2026-08-25,2026-08-25,1,1
63743511733822,2026-08-24T18:44:40+00:00,https://www.leckerschmecker.me/zucchini-kroketten-aus-dem-airfryer-selbstgemachte/63743511733822,Airfryer-Liebling: selbstgemachte Zucchini-Kroketten zum Wegknabbern,2026-08-25,2026-08-26,2,3
63743511733420,2026-08-24T18:44:42+00:00,https://www.leckerschmecker.me/pasta-alla-montecarlo-rezept/63743511733420,Pasta alla Montecarlo: modernes Rezept mit klassischen italienischen Zutaten,2026-08-25,2026-08-26,2,3
63743511578863,2026-08-25T04:14:13+00:00,https://www.leckerschmecker.me/pflaumenmarmelade-a-a/63743511578863,Diese Marmelade zelebriert den Übergang zwischen Sommer und Herbst,2026-08-25,2026-08-26,2,1
63743511733907,2026-08-25T04:17:43+00:00,https://www.leckerschmecker.me/tiramisu-millefeuille-fuer/63743511733907,Tiramisu-Millefeuille: Schicht für Schicht ins Blätterteig-Glück,2026-08-25,2026-08-26,2,3
63743511735222,2026-08-25T05:01:00+00:00,https://www.leckerschmecker.me/feigen-walnuss-ciabatta/63743511735222,Mein liebstes Feigen-Walnuss-Brot für gemütliche Genussabende,2026-08-25,2026-08-26,2,1
63743511580944,2026-08-25T05:08:39+00:00,https://www.leckerschmecker.me/feigen-frischkaese-aufstrich-a-b/63743511580944,Feigen-Frischkäse-Aufstrich: Genießer-Rezept fürs Frühstück,2026-08-25,2026-08-26,2,1
63743511735062,2026-08-25T05:29:42+00:00,https://www.leckerschmecker.me/zucchini-reibekuchen-knusprigen/63743511735062,Diese knusprigen Reibekuchen sind Allrounder für jede Tageszeit,2026-08-25,2026-08-26,2,1
63743511735110,2026-08-25T05:29:42+00:00,https://www.leckerschmecker.me/pflaumen-haferflocken-muffins-fruehstueck/63743511735110,Frühstück oder Kuchenpause? Mit diesen Pflaumen-Muffins musst du nicht entscheiden,2026-08-25,2026-08-26,2,1
63743511734439,2026-08-25T05:29:43+00:00,https://www.leckerschmecker.me/tiramisu-affogato-perfekte/63743511734439,Das perfekte Last-Minute-Dessert für Kaffee-Fans,2026-08-25,2026-08-26,2,1
63743511734530,2026-08-25T05:29:44+00:00,https://www.leckerschmecker.me/pflaumen-schinken-schnecken-airfryer-minuten/63743511734530,In 30 Minuten fertig: knusprige Pflaumen-Schinken-Schnecken aus dem Airfryer,2026-08-25,2026-08-26,2,2
63743511734905,2026-08-25T05:29:44+00:00,https://www.leckerschmecker.me/zwetschgen-mohn-pancakes-holen/63743511734905,Diese Zwetschgen-Mohn-Pancakes holen den Spätsommer auf den Frühstückstisch,2026-08-25,2026-08-26,2,1
63743511405714,2026-08-25T05:31:31+00:00,https://www.leckerschmecker.me/eingelegte-pfifferlinge-a-b/63743511405714,Ganz viel Aroma in einem Glas: So machst du eingelegte Pfifferlinge,2026-08-25,2026-08-26,2,1
63743511735453,2026-08-25T05:49:00+00:00,https://www.leckerschmecker.me/oliven-kraeuter-scones/63743511735453,Für Frühstück und Brunch: herzhafte Scones mit Oliven und Kräutern,2026-08-25,2026-08-26,2,1
63743511721730,2026-08-25T05:49:35+00:00,https://www.leckerschmecker.me/fermentierte-zucchini-a-b/63743511721730,So bleiben deine Zucchini monatelang frisch,2026-08-25,2026-08-26,2,5
63743511417349,2026-08-25T06:04:31+00:00,https://www.leckerschmecker.me/pflaumenmus-selbst-machen-a-i/63743511417349,Das hier ist das Rezept für das weltbeste Pflaumenmus,2026-08-25,2026-08-26,2,1
63743511734748,2026-08-25T06:12:37+00:00,https://www.leckerschmecker.me/zucchini-parmesan-pie-cremige/63743511734748,Zucchini-Parmesan-Pie: cremige Füllung und knusprige Haube,2026-08-25,2026-08-26,2,2
63743511734371,2026-08-25T06:12:38+00:00,https://www.leckerschmecker.me/warmer-griessbrei-mit-feigen-loeffel/63743511734371,Warmer Grießbrei mit Feigen: Löffel für Löffel den Spätsommer genießen,2026-08-25,2026-08-26,2,2
63743511735241,2026-08-25T06:44:00+00:00,https://www.leckerschmecker.me/crinkle-cake-mit-pflaumen-und-brie/63743511735241,Dieser Crinkle-Cake mit Pflaumen und Brie ist unwiderstehlich knusprig,2026-08-25,2026-08-25,1,1
63743511733276,2026-08-25T06:52:38+00:00,https://www.leckerschmecker.me/roestkartoffel-salat-sommersalat/63743511733276,Der perfekte Sommersalat: Röstkartoffeln mit Zucchini und Tomaten,2026-08-25,2026-08-26,2,3
63743511734328,2026-08-25T06:52:38+00:00,https://www.leckerschmecker.me/hackbaellchen-im-blaetterteigkranz-greifen/63743511734328,Alle greifen zu: Dieser Hackbällchen-Kranz mit Käse-Dip ist der perfekte Party-Hingucker,2026-08-25,2026-08-26,2,2
63743511570995,2026-08-25T07:27:39+00:00,https://www.leckerschmecker.me/pulled-pork-aus-der-heissluftfritteuse-a-a-langsam/63743511570995,Pulled Pork aus der Heißluftfritteuse: So wird es butterzart und unwiderstehlich,2026-08-25,2026-08-26,2,3
63743511733319,2026-08-25T07:27:40+00:00,https://www.leckerschmecker.me/zucchini-garnelen-pfanne-in-tomatensosse-pfannengericht/63743511733319,"Würziges Pfannengericht mit Zucchini, Garnelen und sahniger Tomatensoße",2026-08-25,2026-08-26,2,3
63743511472701,2026-08-25T07:33:36+00:00,https://www.leckerschmecker.me/tiramisu-chia-pudding-a-a/63743511472701,Tiramisu zum Frühstück? Dieser Chia-Pudding macht sogar Morgenmuffel wach,2026-08-25,2026-08-26,2,1
63743511735113,2026-08-25T08:08:00+00:00,https://www.leckerschmecker.me/tomaten-blaetterteigschnitten/63743511735113,Noch Blätterteig im Kühlschrank? Dann zauber diese knusprigen Blätterteigschnitten daraus,2026-08-25,2026-08-26,2,1
63743511581781,2026-08-25T08:59:24+00:00,https://www.leckerschmecker.me/gebackene-pflaumen-mit-ofen-camembert-a-a/63743511581781,Herzhaft-süße Traumkombi: Was Köstlicheres hat dein Ofen wohl kaum hervorgebracht,2026-08-25,2026-08-26,2,1
63743511735719,2026-08-25T09:36:00+00:00,https://www.leckerschmecker.me/gurken-pfirsich-gazpacho/63743511735719,So erfrischend kann Suppe sein,2026-08-25,2026-08-25,1,1
63743511735355,2026-08-25T10:11:00+00:00,https://www.leckerschmecker.me/haehnchen-tzatziki-burger/63743511735355,"Ein Burger, den die Götter lieben würden",2026-08-25,2026-08-26,2,1
63743511735525,2026-08-25T11:26:00+00:00,https://www.leckerschmecker.me/chinesischer-gurkensalat/63743511735525,Dieser chinesische &#8222;smashed&#8220; Gurkensalat ist schnell gemacht und schmeckt herrlich würzig,2026-08-25,2026-08-25,1,1
63743511357303,2026-08-25T11:34:39+00:00,https://www.leckerschmecker.me/lachs-spinat-auflauf-a-c/63743511357303,Lachs-Spinat-Auflauf für die ganze Familie,2026-08-25,2026-08-26,2,1
63743511500399,2026-08-25T11:36:54+00:00,https://www.leckerschmecker.me/pilz-lauch-strudel-a-b/63743511500399,Pilze und Lauch fühlen sich besonders wohl im strudeligen Blätterteigmantel,2026-08-25,2026-08-26,2,2
63743511571268,2026-08-25T11:37:54+00:00,https://www.leckerschmecker.me/pfirsich-chutney-a-a/63743511571268,"Süß-sauer? Nein, süß und scharf wird es mit diesem Pfirsich-Chutney",2026-08-25,2026-08-26,2,1
63743511560251,2026-08-25T11:39:37+00:00,https://www.leckerschmecker.me/feta-basilikum-dip-a-a/63743511560251,"Feta, Basilikum und ihre Gäste: Der Dip, der für Stimmung sorgt",2026-08-25,2026-08-26,2,1
63743511654157,2026-08-25T11:46:18+00:00,https://www.leckerschmecker.me/weisser-schoko-kuchen-mit-matcha-frosting-a-a/63743511654157,Versüße dir die Teatime mit einem schokoladig-herben Kuchen,2026-08-25,2026-08-26,2,1
63743511720177,2026-08-25T11:59:45+00:00,https://www.leckerschmecker.me/kokos-parfait-mit-erdbeeren-a-a/63743511720177,Parfait aus Kokos und Erdbeeren: ein Sommerdessert zum Verlieben,2026-08-25,2026-08-26,2,1
63743511732061,2026-08-25T12:01:13+00:00,https://www.leckerschmecker.me/kalter-hund-mit-zitrone-a-a/63743511732061,Kalter Hund mit Zitrone: DDR-Klassiker mit frischem Twist,2026-08-25,2026-08-26,2,2
63743511712731,2026-08-25T12:02:53+00:00,https://www.leckerschmecker.me/was-kann-man-alles-grillen-a-a/63743511712731,Was kann man alles grillen? Tolle Ideen von Gemüse bis Kuchen,2026-08-25,2026-08-26,2,1
63743511412494,2026-08-25T12:27:30+00:00,https://www.leckerschmecker.me/zucchinirelish-a-b/63743511412494,Zucchinirelish: Zucchiniglück im Glas,2026-08-25,2026-08-26,2,1
63743511588086,2026-08-25T12:30:07+00:00,https://www.leckerschmecker.me/linsenschnitzel-a-a/63743511588086,"Linsenschnitzel: knusprig und lecker, ganz ohne Fleisch",2026-08-25,2026-08-26,2,1
63743511578149,2026-08-25T12:32:37+00:00,https://www.leckerschmecker.me/putengeschnetzeltes-mit-bohnen-und-tomaten-a-a/63743511578149,Putengeschnetzeltes mit Bohnen und Tomaten: schnell &amp; herzhaft,2026-08-25,2026-08-26,2,1
63743511531731,2026-08-25T12:37:06+00:00,https://www.leckerschmecker.me/huettenkaese-chips-a-d/63743511531731,Hüttenkäse-Chips: Snacke dich glücklich,2026-08-25,2026-08-26,2,1
63743511734895,2026-08-25T12:53:39+00:00,https://www.leckerschmecker.me/haehnchen-parmesan-risotto-cremiges/63743511734895,Dieses Hähnchen-Parmesan-Risotto ist cremiges Feierabendglück aus einem Topf,2026-08-25,2026-08-26,2,2
63743511732886,2026-08-25T12:53:40+00:00,https://www.leckerschmecker.me/cheeseburger-toasties-unwiderstehlich/63743511732886,"Knusprig, käsig, unwiderstehlich: So einfach gelingen Cheeseburger-Toasties",2026-08-25,2026-08-26,2,4
63743511600771,2026-08-25T13:24:31+00:00,https://www.leckerschmecker.me/champignon-gratin-mit-bechamelsosse-a-c/63743511600771,Cremig und lecker: Dieses Champignon-Gratin mit Béchamelsoße musst du probieren!,2026-08-25,2026-08-26,2,1
63743511735172,2026-08-25T13:30:37+00:00,https://www.leckerschmecker.me/tequila-sunset-cocktail/63743511735172,Dieser Cocktail bringt den Sonnenuntergang ins Glas,2026-08-25,2026-08-26,2,2
63743511735179,2026-08-25T13:30:38+00:00,https://www.leckerschmecker.me/kaesespaetzle-mit-kimchi-alm/63743511735179,Wenn die Alm nach Seoul reist: Käsespätzle mit Kimchi,2026-08-25,2026-08-26,2,2
63743511735125,2026-08-25T13:30:39+00:00,https://www.leckerschmecker.me/kaese-schinken-broetchen-aus-dem-airfryer-hause/63743511735125,Brötchen zu Hause? Mach das daraus!,2026-08-25,2026-08-26,2,2
63743511735243,2026-08-25T13:30:40+00:00,https://www.leckerschmecker.me/mango-maracuja-cheesecake-geniesse/63743511735243,Genieße mit diesem Mango-Maracuja-Cheesecake noch einmal den Sommer,2026-08-25,2026-08-26,2,2
63743511475928,2026-08-25T13:37:29+00:00,https://www.leckerschmecker.me/ofenkartoffel-mit-champignon-spinat-fuellung-a-b/63743511475928,Tolle Knolle: Ofenkartoffel mit Champignon-Spinat-Füllung,2026-08-25,2026-08-26,2,1
63743511735921,2026-08-25T13:54:00+00:00,https://www.leckerschmecker.me/schoko-pflaumen-kuchen/63743511735921,"Schokolade, Pflaumen, Nüsse: ein Kuchen zum Verlieben",2026-08-25,2026-08-26,2,1
63743511733145,2026-08-25T14:09:45+00:00,https://www.leckerschmecker.me/airfryer-khachapuri-backofen/63743511733145,Dieses Käsebrot hat mich meinen Backofen vergessen lassen,2026-08-25,2026-08-26,2,3
63743511734479,2026-08-25T14:09:46+00:00,https://www.leckerschmecker.me/kartoffel-lauchsuppe-mit-pfifferlingen-bringt/63743511734479,Diese Suppe bringt den Spätsommer in den Suppenteller,2026-08-25,2026-08-26,2,3
63743511606312,2026-08-25T14:09:47+00:00,https://www.leckerschmecker.me/flammkuchen-pasta-aus-dem-ofen-a-a-cremig/63743511606312,"Flammkuchen-Pasta aus dem Ofen: herzhaft, cremig und einfach gut",2026-08-25,2026-08-26,2,3
63743511734055,2026-08-25T14:09:47+00:00,https://www.leckerschmecker.me/schinken-kaese-kroketten-aus-dem-airfryer-test/63743511734055,Schinken-Käse-Kroketten aus dem Airfryer: Der Knusper-Test ist bestanden,2026-08-25,2026-08-26,2,3
63743511734637,2026-08-25T14:09:48+00:00,https://www.leckerschmecker.me/zitronen-reis-auflauf-mit-feta-und-spinat-einfach/63743511734637,Zitronen-Reis-Auflauf mit Feta und Spinat – einfach in die Form und fertig,2026-08-25,2026-08-26,2,2
63743511402129,2026-08-25T14:42:45+00:00,https://www.leckerschmecker.me/gefuellte-pfannkuchen-mit-pfifferlingen-a-a-herzhaftes/63743511402129,Gefüllte Pfannkuchen mit Pfifferlingen sind jetzt unser Lieblingsrezept,2026-08-25,2026-08-26,2,3
63743511735484,2026-08-25T15:21:00+00:00,https://www.leckerschmecker.me/lavendel-brownies/63743511735484,Duften und schmecken nach Sommer: Lavendel-Brownies,2026-08-25,2026-08-26,2,1
63743511735314,2026-08-25T16:29:00+00:00,https://www.leckerschmecker.me/zucchini-schiffe-elsaesser-art-aus-dem-airfryer/63743511735314,Diese Zucchini-Schiffe steuern volle Fahrt voraus auf deftigen Genuss zu,2026-08-26,2026-08-26,1,1
63743511735798,2026-08-25T17:35:00+00:00,https://www.leckerschmecker.me/bourbon-haehnchen-mit-brombeeren/63743511735798,"Bourbon, Brombeeren, Hähnchen: Ein überraschendes Trio für Genießer",2026-08-26,2026-08-26,1,1
63743511733431,2026-08-25T18:00:48+00:00,https://www.leckerschmecker.me/blumenkohl-curry-mit-kokosmilch-hauptgericht/63743511733431,Blumenkohl-Curry: so wird aus einem Kohlkopf ein Hauptgericht,2026-08-26,2026-08-28,3,3
63743511733193,2026-08-25T18:00:49+00:00,https://www.leckerschmecker.me/herzhafter-fruehstuecks-flammkuchen-vom-blech-held/63743511733193,Brunch-Held mit wenigen Zutaten: Herzhafter Flammkuchen für deinen Morgen,2026-08-26,2026-08-28,3,3
63743511735654,2026-08-25T18:31:00+00:00,https://www.leckerschmecker.me/graupenrisotto-mit-pfifferlingen/63743511735654,Dieses Risotto überrascht mit einem Twist,2026-08-26,2026-08-28,3,1
63743511577378,2026-08-25T18:44:47+00:00,https://www.leckerschmecker.me/weisser-grieche-aufstrich-a-b-selber/63743511577378,Diesen Aufstrich kannst du ganz einfach selber machen,2026-08-26,2026-08-28,3,3
63743511733735,2026-08-26T04:06:38+00:00,https://www.leckerschmecker.me/knoblauch-parmesan-pommes-aus-der-heissluftfritteuse-airfryer/63743511733735,Knoblauch-Parmesan-Pommes: der beste Snack aus dem Airfryer,2026-08-26,2026-08-28,3,4
63743511580105,2026-08-26T04:06:40+00:00,https://www.leckerschmecker.me/pflaumen-puddingkuchen-mit-streuseln-a-a-bitte/63743511580105,"Wenn Pflaumenkuchen, dann bitte mit Pudding und Streuseln",2026-08-26,2026-08-28,3,3
63743511732397,2026-08-26T04:06:41+00:00,https://www.leckerschmecker.me/nudeln-mit-zucchini-tomaten-sosse-antwort/63743511732397,Was soll ich heute kochen? Diese Zucchini-Pasta ist die Antwort,2026-08-26,2026-08-28,3,4
63743511733624,2026-08-26T04:06:41+00:00,https://www.leckerschmecker.me/cappuccino-puddingkuchen-kuchen/63743511733624,Dieser Cappuccino-Puddingkuchen ist Kaffee und Kuchen in einem,2026-08-26,2026-08-28,3,3
63743511734240,2026-08-26T04:06:42+00:00,https://www.leckerschmecker.me/veganer-kartoffelauflauf-mit-paprika-und-oliven-leckerer/63743511734240,Kartoffelauflauf mit Paprika und Oliven: Leckerer Auflauf – ganz vegan,2026-08-26,2026-08-28,3,2
63743511613373,2026-08-26T04:34:18+00:00,https://www.leckerschmecker.me/champignon-shakshuka-a-b/63743511613373,Champignon-Shakshuka: Deftiges zum Frühstück,2026-08-26,2026-08-28,3,1
63743511736037,2026-08-26T05:03:00+00:00,https://www.leckerschmecker.me/mango-maracuja-joghurt-granola/63743511736037,Mango meets Maracuja: Das schnelle Gute-Laune-Frühstück,2026-08-26,2026-08-26,1,1
63743511735525,2026-08-26T05:32:42+00:00,https://www.leckerschmecker.me/chinesischer-gurkensalat-chinesische/63743511735525,Dieser chinesische &#8222;smashed&#8220; Gurkensalat ist schnell gemacht und schmeckt herrlich würzig,2026-08-26,2026-08-28,3,2
63743511735719,2026-08-26T05:32:43+00:00,https://www.leckerschmecker.me/gurken-pfirsich-gazpacho-erfrischend/63743511735719,So erfrischend kann Suppe sein,2026-08-26,2026-08-28,3,2
63743511735241,2026-08-26T05:32:44+00:00,https://www.leckerschmecker.me/crinkle-cake-mit-pflaumen-und-brie-unwiderstehlich/63743511735241,Dieser Crinkle-Cake mit Pflaumen und Brie ist unwiderstehlich knusprig,2026-08-26,2026-08-28,3,2
63743511734242,2026-08-26T06:49:43+00:00,https://www.leckerschmecker.me/hackbaellchen-in-pflaumen-balsamico-sosse-bringen/63743511734242,Hackbällchen in Pflaumen-Balsamico-Sauce bringen Frucht in die herzhafte Küche,2026-08-27,2026-08-28,2,3
63743511613126,2026-08-26T06:49:44+00:00,https://www.leckerschmecker.me/filettopf-mit-champignons-a-b-wohlfuehlgericht/63743511613126,Filettopf mit Champignons: Wohlfühlgericht für graue Tage,2026-08-27,2026-08-28,2,2
63743511734332,2026-08-26T07:30:44+00:00,https://www.leckerschmecker.me/zucchini-cordon-bleu-gemuese/63743511734332,Zucchini-Cordon-bleu: So wird Gemüse zum herzhaften Hauptgericht,2026-08-27,2026-08-28,2,2
63743511729665,2026-08-26T08:07:37+00:00,https://www.leckerschmecker.me/zucchini-haltbar-zu-machen-zucchinischwemme/63743511729665,"7 Ideen, Zucchini haltbar zu machen",2026-08-27,2026-08-28,2,3
63743511735589,2026-08-26T08:16:00+00:00,https://www.leckerschmecker.me/himbeer-joghurt-bites-dunkle-schokolade/63743511735589,Himbeer-Joghurt-Bites: drei Zutaten für den Naschvorrat,2026-08-27,2026-08-28,2,1
63743511318797,2026-08-26T08:23:26+00:00,https://www.leckerschmecker.me/schoko-bananen-auflauf-a-b/63743511318797,Süßes Low-Carb-Frühstück: Schoko-Bananen-Auflauf,2026-08-27,2026-08-28,2,1
63743511735125,2026-08-26T08:43:36+00:00,https://www.leckerschmecker.me/kaese-schinken-broetchen-aus-dem-airfryer-mach/63743511735125,Brötchen zu Hause? Mach das daraus!,2026-08-27,2026-08-28,2,3
63743511735113,2026-08-26T08:43:37+00:00,https://www.leckerschmecker.me/tomaten-blaetterteigschnitten-blaetterteig/63743511735113,Noch Blätterteig im Kühlschrank? Dann zauber diese knusprigen Blätterteigschnitten daraus,2026-08-27,2026-08-28,2,2
63743511714210,2026-08-26T09:38:08+00:00,https://www.leckerschmecker.me/alkoholfreier-limoncello-spritz-a-b/63743511714210,Erfrischender Mocktail: Dieser Limoncello-Spritz kommt ganz ohne Alkohol aus,2026-08-27,2026-08-28,2,6
63743511719655,2026-08-26T09:40:27+00:00,https://www.leckerschmecker.me/tomaten-mozzarella-tiramisu-a-a/63743511719655,Herzhaft statt süß: Dieses Tiramisu verwandelt Caprese in einen Schichtgenuss,2026-08-27,2026-08-28,2,2
63743511722774,2026-08-26T09:42:44+00:00,https://www.leckerschmecker.me/knoblauchbrot-ohne-kneten-a-a/63743511722774,Brotbacken ohne Aufwand: mit diesem No-Knead-Knoblauchbrot klappt’s garantiert,2026-08-27,2026-08-28,2,5
63743511562251,2026-08-26T09:55:31+00:00,https://www.leckerschmecker.me/guacamole-sandwich-haehnchen-a-a/63743511562251,"Guacamole, Hähnchen und Brot: Liebe auf den ersten Biss",2026-08-27,2026-08-28,2,1
63743511733420,2026-08-26T10:50:40+00:00,https://www.leckerschmecker.me/pasta-alla-montecarlo-klassischen/63743511733420,Pasta alla Montecarlo: modernes Rezept mit klassischen italienischen Zutaten,2026-08-27,2026-08-28,2,4
63743511733713,2026-08-26T11:25:32+00:00,https://www.leckerschmecker.me/griechisch-gefuellte-huehnerbrust-zubereitet/63743511733713,So aromatisch hast du Hühnerbrust noch nie zubereitet,2026-08-27,2026-08-28,2,3
63743511653573,2026-08-26T11:49:34+00:00,https://www.leckerschmecker.me/rezepte-aus-resten-a-a/63743511653573,"Resteessen deluxe: 10 Rezepte, die du lieben wirst",2026-08-27,2026-08-28,2,1
63743511597964,2026-08-26T12:22:07+00:00,https://www.leckerschmecker.me/latte-macchiato-pudding-a-a/63743511597964,Das Dessert für Kaffee-Fans: einfach göttlich!,2026-08-27,2026-08-28,2,1
63743511252047,2026-08-26T12:43:06+00:00,https://www.leckerschmecker.me/koettbullar-a-c/63743511252047,Schwedische Hackbällchen: Köttbullar mit Dillgurken und Kartoffelbrei,2026-08-27,2026-08-28,2,1
63743511561613,2026-08-26T12:44:53+00:00,https://www.leckerschmecker.me/fischpfanne-mit-gemuese-und-reis-a-a/63743511561613,Fischpfanne mit Gemüse: leichtes und leckeres Pfannengericht,2026-08-27,2026-08-28,2,1
63743511579977,2026-08-26T12:46:56+00:00,https://www.leckerschmecker.me/limetten-crunch-nudelsalat-a-a/63743511579977,Diesen Limetten-Crunch-Nudelsalat wilst du immer wieder essen,2026-08-27,2026-08-28,2,1
63743511578358,2026-08-26T12:49:47+00:00,https://www.leckerschmecker.me/zitronenhaehnchen-aus-dem-backofen-a-a/63743511578358,Zaubere dir ein Zitronenhähnchen mit Gemüse aus dem Backofen,2026-08-27,2026-08-28,2,1
63743511735798,2026-08-26T13:32:37+00:00,https://www.leckerschmecker.me/bourbon-haehnchen-mit-brombeeren-ueberraschendes/63743511735798,"Bourbon, Brombeeren, Hähnchen: Ein überraschendes Trio für Genießer",2026-08-27,2026-08-28,2,2
63743511735314,2026-08-26T13:32:38+00:00,https://www.leckerschmecker.me/zucchini-schiffe-elsaesser-art-aus-dem-airfryer-steuern/63743511735314,Diese Zucchini-Schiffe steuern volle Fahrt voraus auf deftigen Genuss zu,2026-08-27,2026-08-28,2,2
63743511735484,2026-08-26T13:32:39+00:00,https://www.leckerschmecker.me/lavendel-brownies-duften/63743511735484,Duften und schmecken nach Sommer: Lavendel-Brownies,2026-08-27,2026-08-28,2,2
63743511735921,2026-08-26T13:32:40+00:00,https://www.leckerschmecker.me/schoko-pflaumen-kuchen-schokolade/63743511735921,"Schokolade, Pflaumen, Nüsse: ein Kuchen zum Verlieben",2026-08-27,2026-08-28,2,2
63743511735824,2026-08-26T13:48:00+00:00,https://www.leckerschmecker.me/vegane-zitronentarte/63743511735824,Für diese Tarte kommt einfach alles in den Mixer und dann wird losgebacken,2026-08-27,2026-08-28,2,1
63743511733979,2026-08-26T14:11:42+00:00,https://www.leckerschmecker.me/haehnchen-geschnetzeltes-in-bohnen-champignon-sosse-schmeckt/63743511733979,Hähnchen-Geschnetzeltes in Bohnen-Champignon-Soße: So lecker schmeckt Hausmannskost,2026-08-27,2026-08-28,2,3
63743511735795,2026-08-26T15:23:00+00:00,https://www.leckerschmecker.me/zucchini-garnelen-flammkuchen/63743511735795,Flammkuchen mit Meerblick und mediterranem Feeling,2026-08-27,2026-08-28,2,1
63743511735308,2026-08-26T15:38:49+00:00,https://www.leckerschmecker.me/gemista-gefuellte/63743511735308,Gefüllte Tomaten und Paprika nach griechischer Art,2026-08-27,2026-08-28,2,2
63743511498917,2026-08-26T15:45:05+00:00,https://www.leckerschmecker.me/hackbaellchen-in-champignonsosse-a-e/63743511498917,Abendessen für die ganze Familie: Hackbällchen in Champignonsoße,2026-08-27,2026-08-28,2,1
63743511735064,2026-08-26T16:24:00+00:00,https://www.leckerschmecker.me/brotzeit/63743511735064,"Die Rückkehr der Brotzeit: Darum sind Abendbrot, Jause und Vesper gerade wieder so beliebt",2026-08-27,2026-08-28,2,1
63743511735972,2026-08-26T17:39:00+00:00,https://www.leckerschmecker.me/pflaumen-ente-bao-buns/63743511735972,Pflaumen-Ente-Bao-Buns: wenn Zwetschgen plötzlich herzhaft schmecken,2026-08-27,2026-08-28,2,1
63743511574364,2026-08-26T18:03:48+00:00,https://www.leckerschmecker.me/haferflocken-joghurt-fladen-a-c-saettigend/63743511574364,Haferflocken trifft Joghurt: Diese herzhaften Fladen sind überraschend lecker,2026-08-27,2026-08-28,2,3
63743511736385,2026-08-26T18:23:00+00:00,https://www.leckerschmecker.me/mango-avocado-salsa/63743511736385,"Fruchtig, cremig, feurig: Diese Salsa passt zu all deinen Lieblingsgerichten",2026-08-27,2026-08-28,2,1
63743511721730,2026-08-26T18:41:44+00:00,https://www.leckerschmecker.me/fermentierte-zucchini-a-b-bleiben/63743511721730,So bleiben deine Zucchini monatelang frisch,2026-08-27,2026-08-28,2,6
63743511580500,2026-08-26T19:20:48+00:00,https://www.leckerschmecker.me/pflaumenkuchen-mit-rum-a-b-pflaumensaison/63743511580500,Pflaumenkuchen mit dem gewissen Etwas,2026-08-27,2026-08-28,2,3
63743511734439,2026-08-27T04:09:42+00:00,https://www.leckerschmecker.me/tiramisu-affogato-last/63743511734439,Das perfekte Last-Minute-Dessert für Kaffee-Fans,2026-08-27,2026-08-28,2,2
63743511735062,2026-08-27T04:09:43+00:00,https://www.leckerschmecker.me/zucchini-reibekuchen-allrounder/63743511735062,Diese knusprigen Reibekuchen sind Allrounder für jede Tageszeit,2026-08-27,2026-08-29,3,2
63743511735453,2026-08-27T04:09:44+00:00,https://www.leckerschmecker.me/oliven-kraeuter-scones-fuer/63743511735453,Für Frühstück und Brunch: herzhafte Scones mit Oliven und Kräutern,2026-08-27,2026-08-29,3,2
63743511739256,2026-08-27T05:04:00+00:00,https://www.leckerschmecker.me/schoko-porridge-mit-keksen-pistazien/63743511739256,Keks trifft Schoki und Beeren: Das Frühstück für Naschkatzen,2026-08-27,2026-08-28,2,1
63743511736394,2026-08-27T05:30:38+00:00,https://www.leckerschmecker.me/zwiebelkuchen-aus-dem-airfryer-neues/63743511736394,Dieser Zwiebelkuchen aus dem Airfryer wird dein neues Lieblingsgericht,2026-08-27,2026-08-29,3,1
63743511736127,2026-08-27T05:30:39+00:00,https://www.leckerschmecker.me/vegane-tomaten-fritters-fuer/63743511736127,Vegane Tomaten-Fritters für den Sommerabschluss,2026-08-27,2026-08-29,3,1
63743511735523,2026-08-27T05:30:40+00:00,https://www.leckerschmecker.me/wassermelonen-cheesecake-im-glas-kuchenglueck/63743511735523,Wassermelonen-Cheesecake: kleines Kuchenglück im Glas,2026-08-27,2026-08-29,3,1
63743511735722,2026-08-27T05:30:41+00:00,https://www.leckerschmecker.me/dirty-martini-dip-cocktailstunde/63743511735722,Dirty Martini Dip: Wenn Cocktailstunde auf Käseplatte trifft,2026-08-27,2026-08-29,3,1
63743511736037,2026-08-27T05:30:41+00:00,https://www.leckerschmecker.me/mango-maracuja-joghurt-granola-meets/63743511736037,Mango meets Maracuja: Das schnelle Gute-Laune-Frühstück,2026-08-27,2026-08-29,3,2
63743511736360,2026-08-27T05:48:00+00:00,https://www.leckerschmecker.me/tiramisu-french-toast/63743511736360,Tiramisu-French-Toast: Dessert zum Frühstück,2026-08-27,2026-08-28,2,1
63743511735716,2026-08-27T06:00:41+00:00,https://www.leckerschmecker.me/couscous-salat-hawaiianischer-art-fruchtig/63743511735716,"Fruchtig, frisch, richtig lecker: Couscous-Salat hawaiianischer Art",2026-08-27,2026-08-29,3,1
63743511558448,2026-08-27T06:42:46+00:00,https://www.leckerschmecker.me/mini-zucchini-pizzen-a-a-geschmack/63743511558448,"Zucchini mal anders: kleine Pizzen, großer Geschmack",2026-08-27,2026-08-29,3,1
63743511734895,2026-08-27T06:42:47+00:00,https://www.leckerschmecker.me/haehnchen-parmesan-risotto-feierabendglueck/63743511734895,Dieses Hähnchen-Parmesan-Risotto ist cremiges Feierabendglück aus einem Topf,2026-08-27,2026-08-29,3,3
63743511736291,2026-08-27T06:44:00+00:00,https://www.leckerschmecker.me/geroestete-aprikosen-marmelade/63743511736291,Geröstete Aprikosen-Marmelade: fruchtiger Aufstrich aus dem Ofen,2026-08-27,2026-08-28,2,1
63743511734328,2026-08-27T07:36:41+00:00,https://www.leckerschmecker.me/hackbaellchen-im-blaetterteigkranz-kranz/63743511734328,Alle greifen zu: Dieser Hackbällchen-Kranz mit Käse-Dip ist der perfekte Party-Hingucker,2026-08-27,2026-08-29,3,3
63743511739487,2026-08-27T08:13:00+00:00,https://www.leckerschmecker.me/sushi-muffins/63743511739487,Knusprige Sushi-Cups für den nächsten Abend mit Freunden,2026-08-27,2026-08-28,2,1
63743511735355,2026-08-27T08:18:37+00:00,https://www.leckerschmecker.me/haehnchen-tzatziki-burger-goetter/63743511735355,"Ein Burger, den die Götter lieben würden",2026-08-27,2026-08-29,3,2
63743511531731,2026-08-27T08:57:33+00:00,https://www.leckerschmecker.me/huettenkaese-chips-a-d-proteinreicher/63743511531731,Hüttenkäse-Chips: Snacke dich glücklich,2026-08-27,2026-08-29,3,2
63743511736387,2026-08-27T09:34:00+00:00,https://www.leckerschmecker.me/geroesteter-blumenkohl-mit-butterbohnen-hummus/63743511736387,"So köstlich kann Blumenkohl sein: knusprig, cremig und vegan",2026-08-27,2026-08-29,3,1
63743511411434,2026-08-27T09:51:25+00:00,https://www.leckerschmecker.me/pflaumenmus-aus-dem-backofen-a-k/63743511411434,So machst du Pflaumenmus im Ofen selber,2026-08-27,2026-08-29,3,1
63743511735710,2026-08-27T10:09:00+00:00,https://www.leckerschmecker.me/roemersalt-mit-rohschinken-chips/63743511735710,"Rohschinken-Chips: das knackige Topping, das jeden Salat verfeinert",2026-08-27,2026-08-28,2,1
63743511503176,2026-08-27T11:12:26+00:00,https://www.leckerschmecker.me/spinat-hackbaellchen-nudelauflauf-a-d/63743511503176,"Herzhafter Ofengenuss: Spinat, Hackbällchen und Nudeln in einem Auflauf",2026-08-27,2026-08-29,3,1
63743511602742,2026-08-27T11:21:18+00:00,https://www.leckerschmecker.me/chorizo-champignons-a-a/63743511602742,Schnell gekocht: Champignons und Chorizo aus der Pfanne,2026-08-27,2026-08-29,3,1
63743511736067,2026-08-27T11:23:00+00:00,https://www.leckerschmecker.me/zucchini-cannelloni-aus-dem-airfryer/63743511736067,"Cremig, käsig, blitzschnell: Diese Zucchini-Cannelloni musst du probieren",2026-08-27,2026-08-28,2,1
63743511517479,2026-08-27T11:34:55+00:00,https://www.leckerschmecker.me/paprika-reis-suppe-mit-hackbaellchen-a-b/63743511517479,Diese Paprika-Reis-Suppe mit Hackbällchen ist sättigend und einfach gut,2026-08-27,2026-08-29,3,1
63743511699351,2026-08-27T11:35:12+00:00,https://www.leckerschmecker.me/grapefruit-eis-pops-a-a/63743511699351,Genuss ohne Eismaschine: Grapefruit-Eis-Pops,2026-08-27,2026-08-29,3,1
63743511698747,2026-08-27T11:38:18+00:00,https://www.leckerschmecker.me/crodino-spritz-a-a/63743511698747,"Null Promille, 100 % Geschmack: Crodino Spritz",2026-08-27,2026-08-29,3,1
63743511693327,2026-08-27T11:40:03+00:00,https://www.leckerschmecker.me/churro-cheesecake-a-a/63743511693327,Dieses Zimt-Zucker-Käsekuchen-Rezept mit Blätterteig musst du probieren,2026-08-27,2026-08-29,3,1
63743511430200,2026-08-27T11:41:54+00:00,https://www.leckerschmecker.me/zucchini-bohnen-pfanne-a-h/63743511430200,Zucchini-Bohnen-Pfanne: cremiges Gericht mit viel Aroma,2026-08-27,2026-08-29,3,1
63743511325040,2026-08-27T11:42:45+00:00,https://www.leckerschmecker.me/spaetzle-mit-rahm-champignons-a-b/63743511325040,Einfache Feierabendküche: Spätzle mit Rahm-Champignons,2026-08-27,2026-08-29,3,1
63743511427029,2026-08-27T11:45:15+00:00,https://www.leckerschmecker.me/bananenchips-selber-machen-a-b/63743511427029,Bananenchips ganz einfach selber machen,2026-08-27,2026-08-29,3,1
63743511590126,2026-08-27T12:59:25+00:00,https://www.leckerschmecker.me/champignon-ragout-mit-malzbier-a-b/63743511590126,"Prost, Malzbier: So machst du ein Champignon-Ragout mit Malzbier",2026-08-27,2026-08-29,3,1
63743511388260,2026-08-27T13:30:09+00:00,https://www.leckerschmecker.me/kartoffel-hack-auflauf-mexikanischer-art-a-r/63743511388260,Kartoffel-Hack-Auflauf nach mexikanischer Art: einfach köstlich,2026-08-27,2026-08-29,3,1
63743511563983,2026-08-27T13:33:19+00:00,https://www.leckerschmecker.me/pfifferling-nudelpfanne-a-a/63743511563983,Endlich wieder Pfifferling-Saison: Koch dir eine köstliche Nudelpfanne,2026-08-27,2026-08-29,3,1
63743511570496,2026-08-27T13:37:42+00:00,https://www.leckerschmecker.me/pfifferling-cannelloni-a-a/63743511570496,Dein neues Lieblingsrezept für Pfifferlinge: überbackene Cannelloni,2026-08-27,2026-08-29,3,1
63743511739916,2026-08-27T13:53:00+00:00,https://www.leckerschmecker.me/pfirsich-streuselschnitten/63743511739916,Wir feiern den Spätsommer mit Pfirsich-Streuselschnitten,2026-08-27,2026-08-29,3,1
63743511736226,2026-08-27T15:26:00+00:00,https://www.leckerschmecker.me/balsamico-ofen-brie-pfirsich-honig/63743511736226,"Balsamico-Ofen-Brie mit Pfirsich und Honig: minimaler Aufwand, maximaler Effekt",2026-08-27,2026-08-29,3,1
63743511739290,2026-08-27T16:28:00+00:00,https://www.leckerschmecker.me/gegrillte-pflaumen-mit-burrata-und-basilikumoel/63743511739290,Karamellisierte Pflaumen mit Burrata – so schmeckt der Spätsommer,2026-08-28,2026-08-29,2,1
63743511733431,2026-08-27T16:53:44+00:00,https://www.leckerschmecker.me/blumenkohl-curry-mit-kokosmilch-gilt/63743511733431,Blumenkohl-Curry: so wird aus einem Kohlkopf ein Hauptgericht,2026-08-28,2026-08-29,2,4
63743511736346,2026-08-27T18:27:00+00:00,https://www.leckerschmecker.me/veganer-zwiebelbraten/63743511736346,Dieser würzige Wohlfühlklassiker aus Österreich schmeckt allen,2026-08-28,2026-08-29,2,1
63743511583527,2026-08-27T21:48:54+00:00,https://www.leckerschmecker.me/champignon-orzo-pfanne-a-b/63743511583527,"Champignon-Orzo-Pfanne: einfacher als Risotto, aber genauso cremig",2026-08-28,2026-08-29,2,1
63743511579756,2026-08-28T04:05:12+00:00,https://www.leckerschmecker.me/pfifferling-omelett-a-b/63743511579756,Pfifferling-Omelett: setzt die gold-gelben Waldpilze perfekt in Szene,2026-08-28,2026-08-29,2,1
63743511580105,2026-08-28T04:08:41+00:00,https://www.leckerschmecker.me/pflaumen-puddingkuchen-mit-streuseln-a-a-pudding/63743511580105,"Wenn Pflaumenkuchen, dann bitte mit Pudding und Streuseln",2026-08-28,2026-08-29,2,4
63743511734240,2026-08-28T04:08:42+00:00,https://www.leckerschmecker.me/veganer-kartoffelauflauf-mit-paprika-und-oliven-auflauf/63743511734240,Kartoffelauflauf mit Paprika und Oliven: Leckerer Auflauf – ganz vegan,2026-08-28,2026-08-29,2,3
63743511734055,2026-08-28T04:08:43+00:00,https://www.leckerschmecker.me/schinken-kaese-kroketten-aus-dem-airfryer-bestanden/63743511734055,Schinken-Käse-Kroketten aus dem Airfryer: Der Knusper-Test ist bestanden,2026-08-28,2026-08-29,2,4
63743511734637,2026-08-28T04:08:44+00:00,https://www.leckerschmecker.me/zitronen-reis-auflauf-mit-feta-und-spinat-form/63743511734637,Zitronen-Reis-Auflauf mit Feta und Spinat – einfach in die Form und fertig,2026-08-28,2026-08-29,2,3
63743511735222,2026-08-28T04:08:45+00:00,https://www.leckerschmecker.me/feigen-walnuss-ciabatta-liebstes/63743511735222,Mein liebstes Feigen-Walnuss-Brot für gemütliche Genussabende,2026-08-28,2026-08-29,2,2
63743511739331,2026-08-28T05:02:00+00:00,https://www.leckerschmecker.me/arme-ritter-aus-laugengebaeck/63743511739331,Laugengebäck vom Vortag? So wird daraus das beste Frühstück der Woche,2026-08-28,2026-08-29,2,1
63743511599637,2026-08-28T05:20:19+00:00,https://www.leckerschmecker.me/gebackener-schafskaese-mit-feigen-und-pistazien-a-b/63743511599637,Feinschmecker-Tipp: gebackener Schafskäse mit Feigen und Pistazien,2026-08-28,2026-08-29,2,1
63743511735710,2026-08-28T05:27:37+00:00,https://www.leckerschmecker.me/roemersalt-mit-rohschinken-chips-knackige/63743511735710,"Rohschinken-Chips: das knackige Topping, das jeden Salat verfeinert",2026-08-28,2026-08-29,2,2
63743511739487,2026-08-28T05:27:38+00:00,https://www.leckerschmecker.me/sushi-muffins-knusprige/63743511739487,Knusprige Sushi-Cups für den nächsten Abend mit Freunden,2026-08-28,2026-08-29,2,2
63743511736291,2026-08-28T05:27:39+00:00,https://www.leckerschmecker.me/geroestete-aprikosen-marmelade-fruchtiger/63743511736291,Geröstete Aprikosen-Marmelade: fruchtiger Aufstrich aus dem Ofen,2026-08-28,2026-08-29,2,2
63743511736360,2026-08-28T05:27:39+00:00,https://www.leckerschmecker.me/tiramisu-french-toast-dessert/63743511736360,Tiramisu-French-Toast: Dessert zum Frühstück,2026-08-28,2026-08-29,2,2
63743511739256,2026-08-28T05:27:40+00:00,https://www.leckerschmecker.me/schoko-porridge-mit-keksen-pistazien-keks/63743511739256,Keks trifft Schoki und Beeren: Das Frühstück für Naschkatzen,2026-08-28,2026-08-29,2,2
63743511739985,2026-08-28T05:44:00+00:00,https://www.leckerschmecker.me/blaubeer-skyr-waffeln/63743511739985,Blaubeer-Glück aus dem Waffeleisen,2026-08-28,2026-08-29,2,1
63743511483262,2026-08-28T05:48:16+00:00,https://www.leckerschmecker.me/omelett-vom-blech-a-d/63743511483262,Eierspeise aus dem Ofen: Heute gibt&#8217;s ein Omelett vom Blech,2026-08-28,2026-08-29,2,1
63743511448749,2026-08-28T05:53:25+00:00,https://www.leckerschmecker.me/herzhafter-fruehstuecksauflauf-a-g/63743511448749,"Herzhafter Frühstücksauflauf mit Feta, Ei und Gemüse",2026-08-28,2026-08-29,2,1
63743511419890,2026-08-28T06:37:11+00:00,https://www.leckerschmecker.me/wie-isst-man-feigen-a-r/63743511419890,"Wusstest du, wie du Feigen am besten essen solltest? Hier ist die Antwort",2026-08-28,2026-08-29,2,2
63743511739910,2026-08-28T06:48:00+00:00,https://www.leckerschmecker.me/griesspudding-mit-holunderkompott/63743511739910,Spoiler: Nach dem ersten Löffel ist der Rest im Nu weg,2026-08-28,2026-08-29,2,1
63743511734439,2026-08-28T06:53:38+00:00,https://www.leckerschmecker.me/tiramisu-affogato-minute/63743511734439,Das perfekte Last-Minute-Dessert für Kaffee-Fans,2026-08-28,2026-08-29,2,3
63743511574364,2026-08-28T06:53:39+00:00,https://www.leckerschmecker.me/haferflocken-joghurt-fladen-a-c-bringen/63743511574364,Haferflocken trifft Joghurt: Diese herzhaften Fladen sind überraschend lecker,2026-08-28,2026-08-29,2,4
63743511732397,2026-08-28T07:37:46+00:00,https://www.leckerschmecker.me/nudeln-mit-zucchini-tomaten-sosse-hunger/63743511732397,Was soll ich heute kochen? Diese Zucchini-Pasta ist die Antwort,2026-08-28,2026-08-29,2,5
63743511734479,2026-08-28T07:37:47+00:00,https://www.leckerschmecker.me/kartoffel-lauchsuppe-mit-pfifferlingen-spaetsommer/63743511734479,Diese Suppe bringt den Spätsommer in den Suppenteller,2026-08-28,2026-08-29,2,4
63743511500911,2026-08-28T07:57:17+00:00,https://www.leckerschmecker.me/hackbaellchen-toskana-a-d/63743511500911,So einfach kochst du Hackbällchen Toskana ohne Fertigmischung aus der Tüte,2026-08-28,2026-08-29,2,1
63743511739495,2026-08-28T08:09:00+00:00,https://www.leckerschmecker.me/karamellisierte-aprikosen-aus-dem-airfryer/63743511739495,In 15 Minuten fertig: So unwiderstehlich werden Aprikosen im Airfryer,2026-08-28,2026-08-29,2,1
63743511734332,2026-08-28T08:18:34+00:00,https://www.leckerschmecker.me/zucchini-cordon-bleu-herzhaften/63743511734332,Zucchini-Cordon-bleu: So wird Gemüse zum herzhaften Hauptgericht,2026-08-28,2026-08-29,2,3
63743511736067,2026-08-28T08:50:31+00:00,https://www.leckerschmecker.me/zucchini-cannelloni-aus-dem-airfryer-cremig/63743511736067,"Cremig, käsig, blitzschnell: Diese Zucchini-Cannelloni musst du probieren",2026-08-28,2026-08-29,2,2
63743511639338,2026-08-28T09:17:19+00:00,https://www.leckerschmecker.me/eier-kaese-toast-airfryer-a-a/63743511639338,Ei love it: Käse-Toast aus der Heißluftfritteuse,2026-08-28,2026-08-29,2,1
63743511735943,2026-08-28T09:34:00+00:00,https://www.leckerschmecker.me/gegrillter-wassermelonensalat/63743511735943,Gegrillter Wassermelonensalat: Warum die Melone auf den Rost gehört,2026-08-28,2026-08-29,2,1
63743511560650,2026-08-28T09:46:19+00:00,https://www.leckerschmecker.me/zucchini-pfannkuchen-mit-kraeuterquark-und-lachs-a-b/63743511560650,Pfannkuchen zum Verlieben: Zucchini-Power zum Sattessen,2026-08-28,2026-08-29,2,1
63743511689614,2026-08-28T09:54:26+00:00,https://www.leckerschmecker.me/croissant-pizza-mit-wurst-und-kaese-a-a/63743511689614,Diese herzhafte Croissant-Pizza passt perfekt zum Sonntagsfrühstück,2026-08-28,2026-08-29,2,1
63743511688390,2026-08-28T09:56:21+00:00,https://www.leckerschmecker.me/zupfbrot-aus-dem-dutch-oven-a-a/63743511688390,Dieses Zupfbrot aus dem Dutch Oven darf auf keiner Gartenparty fehlen,2026-08-28,2026-08-29,2,1
63743511694613,2026-08-28T09:59:07+00:00,https://www.leckerschmecker.me/kartoffel-flammkuchen-a-a/63743511694613,Kartoffel-Flammkuchen: das Beste aus zwei Welten,2026-08-28,2026-08-29,2,1
63743511739583,2026-08-28T10:01:00+00:00,https://www.leckerschmecker.me/gegrillte-pfirsiche-prosciuttomantel/63743511739583,Diese Pfirsiche tragen einen Mantel aus Prosciutto,2026-08-28,2026-08-29,2,1
63743511652935,2026-08-28T10:38:46+00:00,https://www.leckerschmecker.me/paprika-spaetzle-auflauf-a-a/63743511652935,"Paprika, Pasta, Pappsatt: Der Auflauf-Hit für jeden Tag",2026-08-28,2026-08-30,3,1
63743511567396,2026-08-28T10:43:13+00:00,https://www.leckerschmecker.me/schinken-kaese-stockbrot-a-a/63743511567396,"Gab&#8217;s bei dir diesen Sommer bereits Stockbrot? Wenn nicht, musst du das nachholen!",2026-08-28,2026-08-30,3,1
63743511472973,2026-08-28T10:52:54+00:00,https://www.leckerschmecker.me/ueberbackenes-haehnchenschnitzel-mit-tomate-und-mozzarella-a-d/63743511472973,Wie dein Schnitzel noch köstlicher wird? Mach Chicken Parmigiana daraus,2026-08-28,2026-08-30,3,1
63743511413977,2026-08-28T11:01:31+00:00,https://www.leckerschmecker.me/zucchini-reissalat-a-b/63743511413977,Zucchini-Reissalat: So lecker schmeckt der Sommer,2026-08-28,2026-08-30,3,1
63743511675157,2026-08-28T11:07:17+00:00,https://www.leckerschmecker.me/kartoffel-kohlrabi-gratin-a-b/63743511675157,"Ein Gratin, ein Königreich für ein Gratin",2026-08-28,2026-08-30,3,1
63743511428099,2026-08-28T11:07:26+00:00,https://www.leckerschmecker.me/pistazien-carbonara-a-b/63743511428099,Pistazien-Carbonara: italienischer Klassiker mit Twist,2026-08-28,2026-08-30,3,1
63743511427144,2026-08-28T11:09:36+00:00,https://www.leckerschmecker.me/joghurtkuchen-tuerkischer-art-a-e/63743511427144,Dieser Joghurtkuchen türkischer Art ist wunderbar saftig,2026-08-28,2026-08-30,3,1
63743511736437,2026-08-28T11:12:00+00:00,https://www.leckerschmecker.me/oreos-im-teigmantel-aus-dem-airfryer/63743511736437,So schnell werden aus simplen Keksen kleine Desserthighlights,2026-08-28,2026-08-29,2,1
63743511419095,2026-08-28T11:13:09+00:00,https://www.leckerschmecker.me/pide-mit-feta-a-a/63743511419095,"Pide mit Feta: türkisches Fladenbrot, lecker gefüllt",2026-08-28,2026-08-30,3,1
63743511657922,2026-08-28T11:18:16+00:00,https://www.leckerschmecker.me/kuru-fasulye-tuerkischer-bohneneintopf-a-b/63743511657922,Eine Schüssel gute Laune: türkischer Bohneneintopf mit Rindfleisch,2026-08-28,2026-08-29,2,1
63743511419762,2026-08-28T11:31:21+00:00,https://www.leckerschmecker.me/panierter-feta-mit-sesam-a-e/63743511419762,Heute snacken wir panierten Feta mit Sesam,2026-08-28,2026-08-30,3,1
63743511420386,2026-08-28T11:32:37+00:00,https://www.leckerschmecker.me/pflaumen-apfel-kuchen-a-a/63743511420386,Unser Pflaumen-Apfel-Kuchen kommt aus der spätsommerlichen Backstube,2026-08-28,2026-08-30,3,1
63743511419280,2026-08-28T11:33:01+00:00,https://www.leckerschmecker.me/pflaumen-einfrieren-a-c/63743511419280,Ernte haltbar machen: So frierst du Pflaumen richtig ein,2026-08-28,2026-08-30,3,1
63743511411859,2026-08-28T11:41:43+00:00,https://www.leckerschmecker.me/gefuellte-pflaumen-mit-ziegenkaese-a-c/63743511411859,Gefüllte Pflaumen mit Ziegenkäse: Diese Vorspeise macht echt was her,2026-08-28,2026-08-30,3,1
63743511642619,2026-08-28T11:46:28+00:00,https://www.leckerschmecker.me/quarktaler-mit-griess-a-a/63743511642619,Energie zum Anbeißen: Quarktaler für einen starken Nachmittag,2026-08-28,2026-08-30,3,1
63743511479655,2026-08-28T11:48:04+00:00,https://www.leckerschmecker.me/hackbaellchen-in-teriyakisosse-a-a/63743511479655,Schnelle Hackbällchen in würziger Teriyakisoße,2026-08-28,2026-08-30,3,1
63743511421544,2026-08-28T11:54:23+00:00,https://www.leckerschmecker.me/pflaumen-ricotta-kuchen-a-d/63743511421544,So leicht backst du einen saftigen Pflaumen-Ricotta-Kuchen,2026-08-28,2026-08-30,3,1
63743511357414,2026-08-28T11:54:58+00:00,https://www.leckerschmecker.me/brioche-auflauf-a-b/63743511357414,Statt Brot: Sollen sie doch diesen süßen Brioche-Auflauf essen,2026-08-28,2026-08-30,3,1
63743511407061,2026-08-28T11:56:44+00:00,https://www.leckerschmecker.me/zoodles-mit-fleischbaellchen-a-b/63743511407061,Zucchini-Nudeln mit Fleischbällchen schmecken einfach gut,2026-08-28,2026-08-30,3,1
63743511411447,2026-08-28T12:02:14+00:00,https://www.leckerschmecker.me/kaiserschmarrn-mit-pflaumenkompott-a-c/63743511411447,Kaiserschmarrn mit Pflaumenkompott: Oktoberfest-Klassiker für zu Hause,2026-08-28,2026-08-30,3,1
63743511591183,2026-08-28T12:12:05+00:00,https://www.leckerschmecker.me/pollo-fino-mit-champignons-a-b/63743511591183,Pollo Fino mit Champignons: So geht Wohlfühlküche,2026-08-28,2026-08-30,3,1
63743511663272,2026-08-28T12:20:22+00:00,https://www.leckerschmecker.me/earl-grey-affogato-a-a/63743511663272,Affogato funktioniert auch mit Tee: Earl Grey trifft auf Vanilleeis,2026-08-28,2026-08-30,3,1
63743511403306,2026-08-28T12:38:13+00:00,https://www.leckerschmecker.me/fischfrikadellen-a-d/63743511403306,Knusprige Fischfrikadellen machen Lust auf Urlaub am Meer,2026-08-28,2026-08-30,3,1
63743511556095,2026-08-28T13:08:34+00:00,https://www.leckerschmecker.me/himbeer-parfait-a-a/63743511556095,Dieses fruchtig-cremige Himbeer-Parfait klappt ganz ohne Eismaschine,2026-08-28,2026-08-30,3,1
63743511739301,2026-08-28T13:43:00+00:00,https://www.leckerschmecker.me/amerikanischer-karamellkuchen/63743511739301,Ein Karamellkuchen amerikanischer Art,2026-08-28,2026-08-29,2,1
63743511735589,2026-08-28T14:17:50+00:00,https://www.leckerschmecker.me/himbeer-joghurt-bites-dunkle-schokolade-zutaten/63743511735589,Himbeer-Joghurt-Bites: drei Zutaten für den Naschvorrat,2026-08-28,2026-08-30,3,2
63743511743935,2026-08-28T14:31:00+00:00,https://www.leckerschmecker.me/knusperkartoffeln-mit-kraeuterdip/63743511743935,"Außen knusprig, innen fluffig: Dieses Kartoffel-Rezept musst du probieren",2026-08-28,2026-08-30,3,1
63743511736307,2026-08-28T15:28:00+00:00,https://www.leckerschmecker.me/zucchini-kartoffeleintopf/63743511736307,Zucchini-Kartoffeleintopf: ein Topf voller Gemüseglück,2026-08-28,2026-08-30,3,1
63743511743896,2026-08-28T16:24:00+00:00,https://www.leckerschmecker.me/deal-der-woche-cuisinart-solo-scoops-eismaschine/63743511743896,Schick den Sommer in die Verlängerung: Diese Eismaschine gibt&#8217;s jetzt 50 % günstiger,2026-08-28,2026-08-30,3,1
63743511745285,2026-08-28T17:27:00+00:00,https://www.leckerschmecker.me/kirsch-spritz/63743511745285,Hoch die Kirsche! Feier das Wochenende mit süßem Spritz,2026-08-29,2026-08-29,1,1
63743511735623,2026-08-28T18:24:00+00:00,https://www.leckerschmecker.me/foehrer-manhattan/63743511735623,Föhrer Manhattan: Anstoßen auf Norddeutsch,2026-08-29,2026-08-29,1,1
63743511498917,2026-08-29T04:07:45+00:00,https://www.leckerschmecker.me/hackbaellchen-in-champignonsosse-a-e-abendessen/63743511498917,Abendessen für die ganze Familie: Hackbällchen in Champignonsoße,2026-08-29,2026-08-30,2,2
63743511735308,2026-08-29T04:07:46+00:00,https://www.leckerschmecker.me/gemista-tomaten/63743511735308,Gefüllte Tomaten und Paprika nach griechischer Art,2026-08-29,2026-08-30,2,3
63743511733735,2026-08-29T04:07:48+00:00,https://www.leckerschmecker.me/knoblauch-parmesan-pommes-aus-der-heissluftfritteuse-lust/63743511733735,Knoblauch-Parmesan-Pommes: der beste Snack aus dem Airfryer,2026-08-29,2026-08-30,2,5
63743511739722,2026-08-29T05:06:00+00:00,https://www.leckerschmecker.me/sonnenblumenbroetchen/63743511739722,"Knusprig, nussig und ganz einfach nachgemacht: herrliche Sonnenblumenbrötchen",2026-08-29,2026-08-29,1,1
63743511736437,2026-08-29T05:30:34+00:00,https://www.leckerschmecker.me/oreos-im-teigmantel-aus-dem-airfryer-schnell/63743511736437,So schnell werden aus simplen Keksen kleine Desserthighlights,2026-08-29,2026-08-30,2,2
63743511739583,2026-08-29T05:30:35+00:00,https://www.leckerschmecker.me/gegrillte-pfirsiche-prosciuttomantel-tragen/63743511739583,Diese Pfirsiche tragen einen Mantel aus Prosciutto,2026-08-29,2026-08-30,2,2
63743511735943,2026-08-29T05:30:36+00:00,https://www.leckerschmecker.me/gegrillter-wassermelonensalat-melone/63743511735943,Gegrillter Wassermelonensalat: Warum die Melone auf den Rost gehört,2026-08-29,2026-08-30,2,2
63743511739910,2026-08-29T05:30:37+00:00,https://www.leckerschmecker.me/griesspudding-mit-holunderkompott-spoiler/63743511739910,Spoiler: Nach dem ersten Löffel ist der Rest im Nu weg,2026-08-29,2026-08-30,2,2
63743511739331,2026-08-29T05:30:38+00:00,https://www.leckerschmecker.me/arme-ritter-aus-laugengebaeck-vortag/63743511739331,Laugengebäck vom Vortag? So wird daraus das beste Frühstück der Woche,2026-08-29,2026-08-30,2,2
63743511739797,2026-08-29T05:42:00+00:00,https://www.leckerschmecker.me/miso-butter-toast-mit-weichem-ei/63743511739797,"Miso-Butter-Toast mit weichem Ei: Frühstück, das du nicht mehr vergisst",2026-08-29,2026-08-30,2,1
63743511739495,2026-08-29T06:06:38+00:00,https://www.leckerschmecker.me/karamellisierte-aprikosen-aus-dem-airfryer-minuten/63743511739495,In 15 Minuten fertig: So unwiderstehlich werden Aprikosen im Airfryer,2026-08-29,2026-08-30,2,2
63743511739985,2026-08-29T06:06:40+00:00,https://www.leckerschmecker.me/blaubeer-skyr-waffeln-glueck/63743511739985,Blaubeer-Glück aus dem Waffeleisen,2026-08-29,2026-08-30,2,2
63743511740112,2026-08-29T06:43:00+00:00,https://www.leckerschmecker.me/zucchini-salsa-verde/63743511740112,Zucchini passt perfekt zu dieser Salsa!,2026-08-29,2026-08-29,1,1
63743511558448,2026-08-29T06:54:43+00:00,https://www.leckerschmecker.me/mini-zucchini-pizzen-a-a-neuer/63743511558448,"Zucchini mal anders: kleine Pizzen, großer Geschmack",2026-08-29,2026-08-30,2,2
63743511732886,2026-08-29T06:54:44+00:00,https://www.leckerschmecker.me/cheeseburger-toasties-einfach/63743511732886,"Knusprig, käsig, unwiderstehlich: So einfach gelingen Cheeseburger-Toasties",2026-08-29,2026-08-30,2,5
63743511735355,2026-08-29T07:35:43+00:00,https://www.leckerschmecker.me/haehnchen-tzatziki-burger-lieben/63743511735355,"Ein Burger, den die Götter lieben würden",2026-08-29,2026-08-30,2,3
63743511735062,2026-08-29T07:35:44+00:00,https://www.leckerschmecker.me/zucchini-reibekuchen-fuer/63743511735062,Diese knusprigen Reibekuchen sind Allrounder für jede Tageszeit,2026-08-29,2026-08-30,2,3
63743511735453,2026-08-29T07:35:45+00:00,https://www.leckerschmecker.me/oliven-kraeuter-scones-fruehstueck/63743511735453,Für Frühstück und Brunch: herzhafte Scones mit Oliven und Kräutern,2026-08-29,2026-08-30,2,3
63743511733624,2026-08-29T07:35:46+00:00,https://www.leckerschmecker.me/cappuccino-puddingkuchen-kaffeetrinken/63743511733624,Dieser Cappuccino-Puddingkuchen ist Kaffee und Kuchen in einem,2026-08-29,2026-08-30,2,4
63743511743848,2026-08-29T07:37:00+00:00,https://www.leckerschmecker.me/vanillemousse/63743511743848,"Cremig, luftig, zuckersüß: ein perfektes Dessert nach einem guten Dinner",2026-08-29,2026-08-29,1,1
63743511743913,2026-08-29T08:13:00+00:00,https://www.leckerschmecker.me/pilz-stroganoff/63743511743913,Pilz-Stroganoff: Wohlfühlküche in 30 Minuten,2026-08-29,2026-08-30,2,1
63743511698747,2026-08-29T08:49:38+00:00,https://www.leckerschmecker.me/crodino-spritz-a-a-beste/63743511698747,"Null Promille, 100 % Geschmack: Crodino Spritz",2026-08-29,2026-08-30,2,2
63743511739770,2026-08-29T09:23:00+00:00,https://www.leckerschmecker.me/wildreisburger/63743511739770,Wildreisburger: So lecker kann ein Burger ohne Fleisch sein,2026-08-29,2026-08-29,1,1
63743511745944,2026-08-29T10:18:00+00:00,https://www.leckerschmecker.me/mozzarella-hackbaellchen-airfryer/63743511745944,Mozzi macht’s möglich: saftige Hackbällchen aus dem Airfryer,2026-08-29,2026-08-29,1,1
63743511736346,2026-08-29T10:58:37+00:00,https://www.leckerschmecker.me/veganer-zwiebelbraten-wuerzige/63743511736346,Dieser würzige Wohlfühlklassiker aus Österreich schmeckt allen,2026-08-29,2026-08-30,2,2
63743511570496,2026-08-29T10:58:38+00:00,https://www.leckerschmecker.me/pfifferling-cannelloni-a-a-entdecke/63743511570496,Dein neues Lieblingsrezept für Pfifferlinge: überbackene Cannelloni,2026-08-29,2026-08-30,2,2
63743511721771,2026-08-29T11:31:00+00:00,https://www.leckerschmecker.me/tipps-fuer-den-perfekten-muerbeteig/63743511721771,"Knusprig, buttrig, zart: die besten Tipps für den perfekten Mürbeteig",2026-08-29,2026-08-30,2,1
63743511733431,2026-08-29T12:45:36+00:00,https://www.leckerschmecker.me/blumenkohl-curry-mit-kokosmilch-beilage/63743511733431,Blumenkohl-Curry: so wird aus einem Kohlkopf ein Hauptgericht,2026-08-29,2026-08-31,3,5
63743511735623,2026-08-29T13:37:37+00:00,https://www.leckerschmecker.me/foehrer-manhattan-anstossen/63743511735623,Föhrer Manhattan: Anstoßen auf Norddeutsch,2026-08-29,2026-08-31,3,2
63743511745285,2026-08-29T13:37:39+00:00,https://www.leckerschmecker.me/kirsch-spritz-kirsche/63743511745285,Hoch die Kirsche! Feier das Wochenende mit süßem Spritz,2026-08-29,2026-08-31,3,2
63743511739301,2026-08-29T13:37:40+00:00,https://www.leckerschmecker.me/amerikanischer-karamellkuchen-art/63743511739301,Ein Karamellkuchen amerikanischer Art,2026-08-29,2026-08-31,3,2
63743511743691,2026-08-29T13:52:00+00:00,https://www.leckerschmecker.me/veganer-apple-pie/63743511743691,Dieser vegane Apple-Pie macht Appetit auf den Herbst,2026-08-29,2026-08-31,3,1
63743511744204,2026-08-29T14:32:00+00:00,https://www.leckerschmecker.me/zoodles-mit-garnelen-in-knoblauch-sahnesosse/63743511744204,Feierbandküche mit mediterranem Urlaubsflair: Zoodles mit Garnelen in Knoblauch-Sahnesoße,2026-08-29,2026-08-30,2,1
63743511736387,2026-08-29T15:23:44+00:00,https://www.leckerschmecker.me/geroesteter-blumenkohl-mit-butterbohnen-hummus-koestlich/63743511736387,"So köstlich kann Blumenkohl sein: knusprig, cremig und vegan",2026-08-29,2026-08-31,3,2
63743511739891,2026-08-29T15:24:00+00:00,https://www.leckerschmecker.me/upside-down-kuchen-mit-brombeeren-und-nektarinen/63743511739891,Dieser Kuchen steht Kopf: Upside-Down-Kuchen mit Brombeeren und Nektarinen,2026-08-29,2026-08-30,2,1
63743511736000,2026-08-29T16:26:00+00:00,https://www.leckerschmecker.me/quinoa-salat/63743511736000,"Quinoa-Salat: die Bowl, die satt macht und trotzdem leicht bleibt",2026-08-29,2026-08-30,2,1
63743511741861,2026-08-29T17:33:00+00:00,https://www.leckerschmecker.me/feigen-martini/63743511741861,Feigen-Martini: Minimalismus im Cocktailglas,2026-08-29,2026-08-30,2,1
63743511740113,2026-08-29T18:26:00+00:00,https://www.leckerschmecker.me/zucchini-tomaten-auflauf-mit-salsiccia/63743511740113,Genieße mediterranen Gemüseauflauf mit würziger Salsiccia,2026-08-30,2026-08-30,1,1
63743511579756,2026-08-30T04:03:39+00:00,https://www.leckerschmecker.me/pfifferling-omelett-a-b-setzt/63743511579756,Pfifferling-Omelett: setzt die gold-gelben Waldpilze perfekt in Szene,2026-08-30,2026-08-31,2,2
63743511734240,2026-08-30T04:03:40+00:00,https://www.leckerschmecker.me/veganer-kartoffelauflauf-mit-paprika-und-oliven-vegan/63743511734240,Kartoffelauflauf mit Paprika und Oliven: Leckerer Auflauf – ganz vegan,2026-08-30,2026-08-31,2,4
63743511735222,2026-08-30T04:03:41+00:00,https://www.leckerschmecker.me/feigen-walnuss-ciabatta-brot/63743511735222,Mein liebstes Feigen-Walnuss-Brot für gemütliche Genussabende,2026-08-30,2026-08-31,2,3
63743511325040,2026-08-30T04:03:42+00:00,https://www.leckerschmecker.me/spaetzle-mit-rahm-champignons-a-b-einfache/63743511325040,Einfache Feierabendküche: Spätzle mit Rahm-Champignons,2026-08-30,2026-08-31,2,2
63743511733420,2026-08-30T04:03:42+00:00,https://www.leckerschmecker.me/pasta-alla-montecarlo-italienischen/63743511733420,Pasta alla Montecarlo: modernes Rezept mit klassischen italienischen Zutaten,2026-08-30,2026-08-30,1,5
63743511739998,2026-08-30T05:03:00+00:00,https://www.leckerschmecker.me/apfel-zimt-puddingbroetchen/63743511739998,"Ein Blech ist zu wenig: Cremige Apfel-Zimt-Puddingbrötchen, die jeder mag",2026-08-30,2026-08-31,2,1
63743511739770,2026-08-30T05:26:37+00:00,https://www.leckerschmecker.me/wildreisburger-lecker/63743511739770,Wildreisburger: So lecker kann ein Burger ohne Fleisch sein,2026-08-30,2026-08-31,2,2
63743511740112,2026-08-30T05:26:38+00:00,https://www.leckerschmecker.me/zucchini-salsa-verde-passt/63743511740112,Zucchini passt perfekt zu dieser Salsa!,2026-08-30,2026-08-31,2,2
63743511739722,2026-08-30T05:26:39+00:00,https://www.leckerschmecker.me/sonnenblumenbroetchen-knusprig/63743511739722,"Knusprig, nussig und ganz einfach nachgemacht: herrliche Sonnenblumenbrötchen",2026-08-30,2026-08-31,2,2
63743511739825,2026-08-30T05:49:00+00:00,https://www.leckerschmecker.me/bienenstich-french-toast/63743511739825,Bienenstich-French-Toast: Wenn Omas Lieblingsblech zum Frühstück wird,2026-08-30,2026-08-30,1,1
63743511744878,2026-08-30T06:49:00+00:00,https://www.leckerschmecker.me/pfirsich-blattsalat-basilikum-vinaigrette/63743511744878,Pfirsich-Blattsalat mit Basilikum-Vinaigrette lässt deinen Teller erblühen,2026-08-30,2026-08-30,1,1
63743511657922,2026-08-30T06:57:45+00:00,https://www.leckerschmecker.me/kuru-fasulye-tuerkischer-bohneneintopf-a-b-schuessel/63743511657922,Eine Schüssel gute Laune: türkischer Bohneneintopf mit Rindfleisch,2026-08-30,2026-08-31,2,2
63743511639338,2026-08-30T06:57:46+00:00,https://www.leckerschmecker.me/eier-kaese-toast-airfryer-a-a-love/63743511639338,Ei love it: Käse-Toast aus der Heißluftfritteuse,2026-08-30,2026-08-31,2,2
63743511346735,2026-08-30T07:07:32+00:00,https://www.leckerschmecker.me/gemuesebruehe-pulver-a-a/63743511346735,Gemüsebrühe-Pulver selber machen: So einfach geht&#8217;s,2026-08-30,2026-08-31,2,1
63743511587795,2026-08-30T07:15:51+00:00,https://www.leckerschmecker.me/haehnchen-in-champignon-weissweinsosse-a-c/63743511587795,Hähnchen in Champignon-Weißweinsoße: Bistro-Flair in deiner Küche,2026-08-30,2026-08-31,2,1
63743511564909,2026-08-30T07:18:40+00:00,https://www.leckerschmecker.me/zucchini-ricotta-pizza-a-c/63743511564909,"Knuspriger Boden, sommerlicher Belag: Zucchini-Ricotta-Pizza",2026-08-30,2026-08-31,2,1
63743511734332,2026-08-30T07:28:37+00:00,https://www.leckerschmecker.me/zucchini-cordon-bleu-hauptgericht/63743511734332,Zucchini-Cordon-bleu: So wird Gemüse zum herzhaften Hauptgericht,2026-08-30,2026-08-31,2,4
63743511736067,2026-08-30T07:28:38+00:00,https://www.leckerschmecker.me/zucchini-cannelloni-aus-dem-airfryer-kaesig/63743511736067,"Cremig, käsig, blitzschnell: Diese Zucchini-Cannelloni musst du probieren",2026-08-30,2026-08-31,2,3
63743511732397,2026-08-30T07:28:39+00:00,https://www.leckerschmecker.me/nudeln-mit-zucchini-tomaten-sosse-schnell/63743511732397,Was soll ich heute kochen? Diese Zucchini-Pasta ist die Antwort,2026-08-30,2026-08-31,2,6
63743511743969,2026-08-30T07:36:00+00:00,https://www.leckerschmecker.me/olive-all-ascolana-italienische-frittierte-oliven/63743511743969,Snack dich nach Italien! Das geht mit diesen Oliven besonders gut,2026-08-30,2026-08-30,1,1
63743511741478,2026-08-30T08:11:00+00:00,https://www.leckerschmecker.me/caprese-salat-mit-feigen/63743511741478,Süße Feigen treffen cremigen Mozzarella: Diese Caprese musst du probieren,2026-08-30,2026-08-30,1,1
63743511745944,2026-08-30T08:41:36+00:00,https://www.leckerschmecker.me/mozzarella-hackbaellchen-airfryer-mozzi/63743511745944,Mozzi macht’s möglich: saftige Hackbällchen aus dem Airfryer,2026-08-30,2026-08-30,1,2
63743511743848,2026-08-30T08:41:37+00:00,https://www.leckerschmecker.me/vanillemousse-cremig/63743511743848,"Cremig, luftig, zuckersüß: ein perfektes Dessert nach einem guten Dinner",2026-08-30,2026-08-31,2,2
63743511744054,2026-08-30T09:32:00+00:00,https://www.leckerschmecker.me/haferbrei-mit-schwarzen-bohnen/63743511744054,Herzhaft statt süß: Haferbrei mit schwarzen Bohnen und Gemüse,2026-08-30,2026-08-30,1,1
63743511739971,2026-08-30T10:09:00+00:00,https://www.leckerschmecker.me/jaegersosse/63743511739971,Jägersoße: So schmeckt sie wie früher,2026-08-30,2026-08-30,1,1
63743511482938,2026-08-30T10:37:52+00:00,https://www.leckerschmecker.me/gefuellte-champignons-aus-dem-airfryer-a-d/63743511482938,Perfekter Snack: gefüllte Champignons aus dem Airfryer,2026-08-30,2026-08-31,2,1
63743511739997,2026-08-30T11:37:00+00:00,https://www.leckerschmecker.me/karamellisierte-apfelringe-im-blaetterteig-aus-dem-airfryer/63743511739997,Wie dein Airfryer zum Held der Apfelsaison wird,2026-08-30,2026-09-01,3,1
63743511740113,2026-08-30T13:37:35+00:00,https://www.leckerschmecker.me/zucchini-tomaten-auflauf-mit-salsiccia-geniesse/63743511740113,Genieße mediterranen Gemüseauflauf mit würziger Salsiccia,2026-08-30,2026-09-01,3,2
63743511736000,2026-08-30T13:37:37+00:00,https://www.leckerschmecker.me/quinoa-salat-bowl/63743511736000,"Quinoa-Salat: die Bowl, die satt macht und trotzdem leicht bleibt",2026-08-30,2026-09-01,3,2
63743511741861,2026-08-30T13:37:37+00:00,https://www.leckerschmecker.me/feigen-martini-minimalismus/63743511741861,Feigen-Martini: Minimalismus im Cocktailglas,2026-08-30,2026-09-01,3,2
63743511739891,2026-08-30T13:37:38+00:00,https://www.leckerschmecker.me/upside-down-kuchen-mit-brombeeren-und-nektarinen-kopf/63743511739891,Dieser Kuchen steht Kopf: Upside-Down-Kuchen mit Brombeeren und Nektarinen,2026-08-30,2026-09-01,3,2
63743511721771,2026-08-30T13:37:39+00:00,https://www.leckerschmecker.me/tipps-fuer-den-perfekten-muerbeteig-knusprig/63743511721771,"Knusprig, buttrig, zart: die besten Tipps für den perfekten Mürbeteig",2026-08-30,2026-09-01,3,2
63743511735874,2026-08-30T14:02:00+00:00,https://www.leckerschmecker.me/mango-crumble/63743511735874,Fruchtiger Genuss unter goldigen Streuseln: sonnige Dessertliebe,2026-08-30,2026-08-31,2,1
63743511735589,2026-08-30T14:03:46+00:00,https://www.leckerschmecker.me/himbeer-joghurt-bites-dunkle-schokolade-fuer/63743511735589,Himbeer-Joghurt-Bites: drei Zutaten für den Naschvorrat,2026-08-30,2026-09-01,3,3
63743511745467,2026-08-30T14:38:00+00:00,https://www.leckerschmecker.me/veganer-pastitsio/63743511745467,Dieser griechische Klassiker schmeckt ebenso gut in veganer Variante,2026-08-30,2026-09-01,3,1
63743511739682,2026-08-30T15:37:00+00:00,https://www.leckerschmecker.me/brokkoli-schinken-haehnchen-aus-dem-ofen/63743511739682,Brokkoli-Schinken-Hähnchen aus dem Ofen,2026-08-30,2026-09-01,3,1
63743511739779,2026-08-30T16:19:00+00:00,https://www.leckerschmecker.me/belag-auf-pflaumen-und-zwetschgen/63743511739779,Sollte man den weißen Belag auf Pflaumen und Zwetschgen abwaschen oder dranlassen?,2026-08-30,2026-08-31,2,1
63743511746026,2026-08-30T17:31:00+00:00,https://www.leckerschmecker.me/frittiertes-zucchini-pesto-sandwich/63743511746026,Frittiertes Zucchini-Pesto-Sandwich: aufgeschlagener Ricotta darf nicht fehlen,2026-08-30,2026-08-31,2,1
63743511743914,2026-08-30T18:21:00+00:00,https://www.leckerschmecker.me/tequila-sunrise/63743511743914,Sonnenaufgang im Cocktailglas,2026-08-31,2026-08-31,1,1
63743511652935,2026-08-30T19:37:37+00:00,https://www.leckerschmecker.me/paprika-spaetzle-auflauf-a-a-pasta/63743511652935,"Paprika, Pasta, Pappsatt: Der Auflauf-Hit für jeden Tag",2026-08-31,2026-09-01,2,2
63743511739797,2026-08-31T04:11:41+00:00,https://www.leckerschmecker.me/miso-butter-toast-mit-weichem-ei-fruehstueck/63743511739797,"Miso-Butter-Toast mit weichem Ei: Frühstück, das du nicht mehr vergisst",2026-08-31,2026-09-01,2,2
63743511736307,2026-08-31T04:11:42+00:00,https://www.leckerschmecker.me/zucchini-kartoffeleintopf-topf/63743511736307,Zucchini-Kartoffeleintopf: ein Topf voller Gemüseglück,2026-08-31,2026-09-01,2,2
63743511743807,2026-08-31T05:02:00+00:00,https://www.leckerschmecker.me/fruehstueckstostadas/63743511743807,"Nie wieder langweiliger Toast: Frühstückstostadas mit Avocado, Mango und Feta",2026-08-31,2026-08-31,1,1
63743511377678,2026-08-31T05:05:31+00:00,https://www.leckerschmecker.me/monte-christo-sandwich-a-a/63743511377678,Frühstück: Gönn dir ein herzhaftes Monte Christo Sandwich,2026-08-31,2026-09-01,2,1
63743511477165,2026-08-31T05:07:47+00:00,https://www.leckerschmecker.me/haferflocken-stangen-a-e/63743511477165,Wer muss aus den Federn und zum Bäcker? Mit diesen schnellen Haferflocken-Stangen niemand,2026-08-31,2026-09-01,2,1
63743511433106,2026-08-31T05:08:19+00:00,https://www.leckerschmecker.me/huettenkaese-pie-a-d/63743511433106,Dieser Hüttenkäse-Kuchen versüßt dir das Frühstück,2026-08-31,2026-09-01,2,1
63743511526504,2026-08-31T05:09:37+00:00,https://www.leckerschmecker.me/haferflocken-quark-broetchen-airfryer-a-d/63743511526504,Haferflocken-Quark-Brötchen aus dem Airfryer: Frühstück in unter 30 Minuten,2026-08-31,2026-09-01,2,1
63743511368817,2026-08-31T05:11:28+00:00,https://www.leckerschmecker.me/arme-ritter-mit-cornflakes-crunch-a-a/63743511368817,Arme Ritter mit Cornflakes-Crunch: geniales Frühstücksrezept,2026-08-31,2026-09-01,2,1
63743511372886,2026-08-31T05:15:25+00:00,https://www.leckerschmecker.me/maritozzi-italienische-hefebroetchen-a-d/63743511372886,Maritozzi: So leicht backst du italienische Hefebrötchen mit Sahne,2026-08-31,2026-09-01,2,1
63743511744054,2026-08-31T05:22:37+00:00,https://www.leckerschmecker.me/haferbrei-mit-schwarzen-bohnen-herzhaft/63743511744054,Herzhaft statt süß: Haferbrei mit schwarzen Bohnen und Gemüse,2026-08-31,2026-09-01,2,2
63743511741478,2026-08-31T05:22:38+00:00,https://www.leckerschmecker.me/caprese-salat-mit-feigen-suesse/63743511741478,Süße Feigen treffen cremigen Mozzarella: Diese Caprese musst du probieren,2026-08-31,2026-09-01,2,2
63743511743969,2026-08-31T05:22:39+00:00,https://www.leckerschmecker.me/olive-all-ascolana-italienische-frittierte-oliven-snack/63743511743969,Snack dich nach Italien! Das geht mit diesen Oliven besonders gut,2026-08-31,2026-09-01,2,2
63743511739825,2026-08-31T05:22:40+00:00,https://www.leckerschmecker.me/bienenstich-french-toast-omas/63743511739825,Bienenstich-French-Toast: Wenn Omas Lieblingsblech zum Frühstück wird,2026-08-31,2026-09-01,2,2
63743511744878,2026-08-31T05:22:40+00:00,https://www.leckerschmecker.me/pfirsich-blattsalat-basilikum-vinaigrette-laesst/63743511744878,Pfirsich-Blattsalat mit Basilikum-Vinaigrette lässt deinen Teller erblühen,2026-08-31,2026-09-01,2,2
63743511746246,2026-08-31T05:43:00+00:00,https://www.leckerschmecker.me/griessschmarrn/63743511746246,Grießschmarrn statt Kaiserschmarrn: Diese Variante musst du probieren,2026-08-31,2026-08-31,1,1
63743511425428,2026-08-31T05:44:54+00:00,https://www.leckerschmecker.me/spinat-ei-auflauf-a-b/63743511425428,Frühstück für alle: Wir kochen Spinat-Ei-Auflauf,2026-08-31,2026-09-01,2,1
63743511424363,2026-08-31T05:46:53+00:00,https://www.leckerschmecker.me/heidelbeer-mohn-pancakes-a-b/63743511424363,Heidelbeer-Mohn-Pancakes: ein besonderes Frühstücksvergnügen,2026-08-31,2026-09-01,2,1
63743511419602,2026-08-31T05:51:13+00:00,https://www.leckerschmecker.me/walnussbrot-sauerteig-a-b/63743511419602,Walnussbrot mit Sauerteig: einfach und köstlich,2026-08-31,2026-09-01,2,1
63743511408925,2026-08-31T05:57:47+00:00,https://www.leckerschmecker.me/chili-cheese-ruehrei-a-b/63743511408925,Unser Rührei mit extra viel Käse ist das perfekte Frühstück,2026-08-31,2026-09-01,2,1
63743511744582,2026-08-31T06:36:00+00:00,https://www.leckerschmecker.me/feigen-birnen-senf/63743511744582,"Feigen, Birnen, Senf? Warum diese Kombi genial ist",2026-08-31,2026-08-31,1,1
63743511744204,2026-08-31T06:47:45+00:00,https://www.leckerschmecker.me/zoodles-mit-garnelen-in-knoblauch-sahnesosse-feierbandkueche/63743511744204,Feierbandküche mit mediterranem Urlaubsflair: Zoodles mit Garnelen in Knoblauch-Sahnesoße,2026-08-31,2026-09-01,2,2
63743511736346,2026-08-31T06:47:46+00:00,https://www.leckerschmecker.me/veganer-zwiebelbraten-wohlfuehlklassiker/63743511736346,Dieser würzige Wohlfühlklassiker aus Österreich schmeckt allen,2026-08-31,2026-09-01,2,3
63743511743773,2026-08-31T07:21:00+00:00,https://www.leckerschmecker.me/zucchini-karotten-bratlinge/63743511743773,So werden aus Zucchini und Karotten knusprige Alleskönner aus der Pfanne,2026-08-31,2026-08-31,1,1
63743511743913,2026-08-31T07:36:42+00:00,https://www.leckerschmecker.me/pilz-stroganoff-wohlfuehlkueche/63743511743913,Pilz-Stroganoff: Wohlfühlküche in 30 Minuten,2026-08-31,2026-09-01,2,2
63743511735062,2026-08-31T07:36:43+00:00,https://www.leckerschmecker.me/zucchini-reibekuchen-tageszeit/63743511735062,Diese knusprigen Reibekuchen sind Allrounder für jede Tageszeit,2026-08-31,2026-09-01,2,4
63743511735308,2026-08-31T07:36:44+00:00,https://www.leckerschmecker.me/gemista-paprika/63743511735308,Gefüllte Tomaten und Paprika nach griechischer Art,2026-08-31,2026-09-01,2,4
63743511735453,2026-08-31T07:36:44+00:00,https://www.leckerschmecker.me/oliven-kraeuter-scones-brunch/63743511735453,Für Frühstück und Brunch: herzhafte Scones mit Oliven und Kräutern,2026-08-31,2026-09-01,2,4
63743511303379,2026-08-31T08:04:39+00:00,https://www.leckerschmecker.me/quarktaschen-aus-blaetterteig-a-e/63743511303379,Schnelle Quarktaschen aus Blätterteig: schmecken besser als vom Bäcker,2026-08-31,2026-09-01,2,1
63743511570496,2026-08-31T08:09:41+00:00,https://www.leckerschmecker.me/pfifferling-cannelloni-a-a-neues/63743511570496,Dein neues Lieblingsrezept für Pfifferlinge: überbackene Cannelloni,2026-08-31,2026-09-01,2,3
63743511733624,2026-08-31T08:09:42+00:00,https://www.leckerschmecker.me/cappuccino-puddingkuchen-stueck/63743511733624,Dieser Cappuccino-Puddingkuchen ist Kaffee und Kuchen in einem,2026-08-31,2026-09-01,2,5
63743511743935,2026-08-31T08:09:43+00:00,https://www.leckerschmecker.me/knusperkartoffeln-mit-kraeuterdip-aussen/63743511743935,"Außen knusprig, innen fluffig: Dieses Kartoffel-Rezept musst du probieren",2026-08-31,2026-09-01,2,2
63743511736234,2026-08-31T08:14:00+00:00,https://www.leckerschmecker.me/fliederbeerensuppe/63743511736234,Fliederbeerensuppe: norddeutsches Rezept gegen graue Tage und Erkältungen,2026-08-31,2026-08-31,1,1
63743511493621,2026-08-31T08:27:26+00:00,https://www.leckerschmecker.me/quark-kakao-muffins-a-a/63743511493621,Süße Quark-Kakao-Muffins mit weißer und dunkler Schokolade,2026-08-31,2026-09-01,2,1
63743511745944,2026-08-31T08:50:39+00:00,https://www.leckerschmecker.me/mozzarella-hackbaellchen-airfryer-moeglich/63743511745944,Mozzi macht’s möglich: saftige Hackbällchen aus dem Airfryer,2026-08-31,2026-09-01,2,3
63743511733420,2026-08-31T08:50:40+00:00,https://www.leckerschmecker.me/pasta-alla-montecarlo-zutaten/63743511733420,Pasta alla Montecarlo: modernes Rezept mit klassischen italienischen Zutaten,2026-08-31,2026-09-01,2,6
63743511548084,2026-08-31T08:59:02+00:00,https://www.leckerschmecker.me/zucchini-kartoffel-muffins-a-b/63743511548084,Deine tägliche Portion Gemüse ganz einfach auf die Hand,2026-08-31,2026-09-01,2,1
63743511747115,2026-08-31T09:29:00+00:00,https://www.leckerschmecker.me/enchiladas-elsaesser-art/63743511747115,Flammkuchen trifft Tortilla: Dieses Ofengericht musst du probieren,2026-08-31,2026-08-31,1,1
63743511423380,2026-08-31T09:56:22+00:00,https://www.leckerschmecker.me/apfelringe-im-bierteig-a-b/63743511423380,"Fruchtig, fluffig, fabelhaft: Apfelringe im Bierteig",2026-08-31,2026-09-02,3,1
63743511747171,2026-08-31T10:05:00+00:00,https://www.leckerschmecker.me/mirabellen-chutney/63743511747171,So aromatisch vielseitig kann der Spätsommer schmecken,2026-08-31,2026-08-31,1,1
63743511423129,2026-08-31T10:06:07+00:00,https://www.leckerschmecker.me/paprika-pasta-mit-feta-a-t/63743511423129,Sonnige Paprika-Pasta mit cremigem Feta: Urlaubsfeeling auf dem Teller,2026-08-31,2026-09-02,3,1
63743511653989,2026-08-31T10:07:31+00:00,https://www.leckerschmecker.me/haehnchen-paprika-nudelpfanne-a-a/63743511653989,"Hähnchen, Paprika und Nudeln kommen hier zu einem schnellen Pfannengericht zusammen",2026-08-31,2026-09-02,3,1
63743511562489,2026-08-31T10:30:32+00:00,https://www.leckerschmecker.me/kassler-hawaii-ofen-a-a/63743511562489,So lecker war Nostalgie noch nie: Kassler Hawaii neu interpretiert,2026-08-31,2026-09-02,3,1
63743511422195,2026-08-31T10:46:12+00:00,https://www.leckerschmecker.me/pflaumen-mandelkuchen-a-i/63743511422195,Pflaumen-Mandelkuchen: perfekter Begleiter für den Spätsommer,2026-08-31,2026-09-02,3,1
63743511739971,2026-08-31T10:52:51+00:00,https://www.leckerschmecker.me/jaegersosse-schmeckt/63743511739971,Jägersoße: So schmeckt sie wie früher,2026-08-31,2026-09-01,2,2
63743511493991,2026-08-31T10:53:05+00:00,https://www.leckerschmecker.me/schinken-ananas-nudelauflauf-a-b/63743511493991,Pizza Hawaii als Nudelauflauf? Schmeckt bestimmt auch Kritikern der Kombi,2026-08-31,2026-09-02,3,1
63743511746025,2026-08-31T11:21:00+00:00,https://www.leckerschmecker.me/burrata-crostini-airfryer/63743511746025,Burrata-Crostini in 30 Minuten: So gelingt der italienische Trendsnack,2026-08-31,2026-08-31,1,1
63743511686604,2026-08-31T11:26:36+00:00,https://www.leckerschmecker.me/geroesteter-suesskartoffelsalat-a-a/63743511686604,Gerösteter Süßkartoffelsalat: veganes Wohlfühlessen vom Blech,2026-08-31,2026-09-02,3,1
63743511714264,2026-08-31T11:30:21+00:00,https://www.leckerschmecker.me/mediterran-gefuellte-eier-a-a/63743511714264,Diese gefüllten Eier sind der Hingucker auf dem Frühstückstisch,2026-08-31,2026-09-02,3,1
63743511732507,2026-08-31T11:38:26+00:00,https://www.leckerschmecker.me/erdnussbutter-selbst-machen-a-a/63743511732507,Selbstgemacht schmeckt am besten: Diese Erdnussbutter gelingt in wenigen Minuten,2026-08-31,2026-09-02,3,2
63743511251665,2026-08-31T11:55:18+00:00,https://www.leckerschmecker.me/schoko-streuselkuchen-a-m/63743511251665,Schoko-Streuselkuchen mit Quark: einfaches Rezept für den Nachmittag,2026-08-31,2026-09-02,3,1
63743511407978,2026-08-31T12:05:50+00:00,https://www.leckerschmecker.me/ananas-blaetterteig-taschen-a-b/63743511407978,"Ananas-Blätterteig-Taschen: Fingerfood, das nach Urlaub schmeckt",2026-08-31,2026-09-02,3,1
63743511431075,2026-08-31T12:45:51+00:00,https://www.leckerschmecker.me/shirley-temple-cocktail-a-b/63743511431075,Shirley Temple Cocktail: spritzige Erfrischung ohne Alkohol,2026-08-31,2026-09-02,3,1
63743511483528,2026-08-31T12:49:19+00:00,https://www.leckerschmecker.me/vanille-espresso-quarkcreme-a-b/63743511483528,Vanille und Espresso machen in diesem Dessert dem Tiramisu Konkurrenz,2026-08-31,2026-09-02,3,1
63743511736067,2026-08-31T12:54:41+00:00,https://www.leckerschmecker.me/zucchini-cannelloni-aus-dem-airfryer-blitzschnell/63743511736067,"Cremig, käsig, blitzschnell: Diese Zucchini-Cannelloni musst du probieren",2026-08-31,2026-09-02,3,4
63743511383828,2026-08-31T12:56:40+00:00,https://www.leckerschmecker.me/haselnusskrokant-selber-machen-a-a/63743511383828,Haselnusskrokant selber machen: So klappt es garantiert,2026-08-31,2026-09-02,3,1
63743511322063,2026-08-31T12:59:24+00:00,https://www.leckerschmecker.me/oreos-selber-machen-a-a/63743511322063,Mit diesem einfachen Rezept kannst du Oreos selber backen,2026-08-31,2026-09-02,3,1
63743511507259,2026-08-31T13:01:36+00:00,https://www.leckerschmecker.me/harissa-selbst-machen-a-a/63743511507259,So leicht kannst du Harissa selbst machen,2026-08-31,2026-09-02,3,1
63743511743914,2026-08-31T13:26:35+00:00,https://www.leckerschmecker.me/tequila-sunrise-sonnenaufgang/63743511743914,Sonnenaufgang im Cocktailglas,2026-08-31,2026-09-02,3,2
63743511746026,2026-08-31T13:26:36+00:00,https://www.leckerschmecker.me/frittiertes-zucchini-pesto-sandwich-aufgeschlagener/63743511746026,Frittiertes Zucchini-Pesto-Sandwich: aufgeschlagener Ricotta darf nicht fehlen,2026-08-31,2026-09-02,3,2
63743511739779,2026-08-31T13:26:37+00:00,https://www.leckerschmecker.me/belag-auf-pflaumen-und-zwetschgen-weissen/63743511739779,Sollte man den weißen Belag auf Pflaumen und Zwetschgen abwaschen oder dranlassen?,2026-08-31,2026-09-02,3,2
63743511735874,2026-08-31T13:26:38+00:00,https://www.leckerschmecker.me/mango-crumble-fruchtiger/63743511735874,Fruchtiger Genuss unter goldigen Streuseln: sonnige Dessertliebe,2026-08-31,2026-09-02,3,2
63743511469988,2026-08-31T13:41:41+00:00,https://www.leckerschmecker.me/kichererbsen-chips-a-c/63743511469988,Krosse Kichererbsen-Chips für gesunden und proteinreichen Knabberspaß,2026-08-31,2026-09-01,2,1
63743511747220,2026-08-31T13:56:00+00:00,https://www.leckerschmecker.me/schwarzwaelder-kirsch-pie/63743511747220,Dieser Schwarzwälder-Kirsch-Pie macht dem Kuchenklassiker Konkurrenz,2026-08-31,2026-09-02,3,1
63743511736387,2026-08-31T14:10:47+00:00,https://www.leckerschmecker.me/geroesteter-blumenkohl-mit-butterbohnen-hummus-knusprig/63743511736387,"So köstlich kann Blumenkohl sein: knusprig, cremig und vegan",2026-08-31,2026-09-02,3,3
63743511747206,2026-08-31T14:43:00+00:00,https://www.leckerschmecker.me/haehnchen-zucchini-eintopf/63743511747206,Hähnchen-Zucchini-Eintopf: Hühnersuppe trifft Sommergemüse,2026-08-31,2026-09-02,3,1
63743511747126,2026-08-31T15:24:00+00:00,https://www.leckerschmecker.me/honig-senf-kartoffeln/63743511747126,"Das einfachste Kartoffelrezept aus dem Ofen: süß, würzig und unwiderstehlich",2026-08-31,2026-09-02,3,1
63743511747439,2026-08-31T16:02:00+00:00,https://www.leckerschmecker.me/kartoffel-pilz-pfanne/63743511747439,Leckeres Pfannenglück: Diese Kartoffel-Pilz-Pfanne ist cremig-würzig,2026-08-31,2026-09-01,2,1
63743511747294,2026-08-31T17:18:00+00:00,https://www.leckerschmecker.me/bacon-frischkaese-jalapenos-aus-dem-airfryer/63743511747294,Hier kommt dein neuer Lieblingssnack direkt aus dem Airfryer,2026-08-31,2026-09-01,2,1
63743511747258,2026-08-31T18:41:00+00:00,https://www.leckerschmecker.me/vanillepudding-tartelettes/63743511747258,Für Pudding-Fans und Naschkatzen: kleine Vanilletörtchen versüßen den Nachmittag,2026-08-31,2026-09-01,2,1
63743511747450,2026-08-31T19:19:00+00:00,https://www.leckerschmecker.me/kirsch-amaretto-bowle/63743511747450,Cherry Lady: Versüße dir mit dieser Bowle den Sommer,2026-08-31,2026-09-01,2,1
63743511739998,2026-09-01T04:17:48+00:00,https://www.leckerschmecker.me/apfel-zimt-puddingbroetchen-blech/63743511739998,"Ein Blech ist zu wenig: Cremige Apfel-Zimt-Puddingbrötchen, die jeder mag",2026-09-01,2026-09-02,2,2
63743511579756,2026-09-01T04:17:49+00:00,https://www.leckerschmecker.me/pfifferling-omelett-a-b-gold/63743511579756,Pfifferling-Omelett: setzt die gold-gelben Waldpilze perfekt in Szene,2026-09-01,2026-09-02,2,3
63743511642619,2026-09-01T04:17:49+00:00,https://www.leckerschmecker.me/quarktaler-mit-griess-a-a-energie/63743511642619,Energie zum Anbeißen: Quarktaler für einen starken Nachmittag,2026-09-01,2026-09-02,2,2
63743511747370,2026-09-01T05:08:00+00:00,https://www.leckerschmecker.me/quitten-butter-als-brotaufstrich/63743511747370,"Quitten-Butter fürs Brot: langsam eingekocht, tief im Geschmack",2026-09-01,2026-09-01,1,1
63743511746025,2026-09-01T05:24:38+00:00,https://www.leckerschmecker.me/burrata-crostini-airfryer-minuten/63743511746025,Burrata-Crostini in 30 Minuten: So gelingt der italienische Trendsnack,2026-09-01,2026-09-02,2,2
63743511736234,2026-09-01T05:24:39+00:00,https://www.leckerschmecker.me/fliederbeerensuppe-norddeutsches/63743511736234,Fliederbeerensuppe: norddeutsches Rezept gegen graue Tage und Erkältungen,2026-09-01,2026-09-02,2,2
63743511743773,2026-09-01T05:24:39+00:00,https://www.leckerschmecker.me/zucchini-karotten-bratlinge-knusprige/63743511743773,So werden aus Zucchini und Karotten knusprige Alleskönner aus der Pfanne,2026-09-01,2026-09-02,2,2
63743511744582,2026-09-01T05:24:40+00:00,https://www.leckerschmecker.me/feigen-birnen-senf-kombi/63743511744582,"Feigen, Birnen, Senf? Warum diese Kombi genial ist",2026-09-01,2026-09-02,2,2
63743511743807,2026-09-01T05:24:41+00:00,https://www.leckerschmecker.me/fruehstueckstostadas-langweiliger/63743511743807,"Nie wieder langweiliger Toast: Frühstückstostadas mit Avocado, Mango und Feta",2026-09-01,2026-09-02,2,2
63743511747281,2026-09-01T05:46:00+00:00,https://www.leckerschmecker.me/reispapier-roellchen-mit-apfelkuchenfuellung/63743511747281,Apfelkuchen ohne Teig: Diese knusprigen Röllchen gelingen blitzschnell,2026-09-01,2026-09-01,1,1
63743511415315,2026-09-01T06:02:32+00:00,https://www.leckerschmecker.me/schalottenbutter-mit-rotweinzwiebeln-a-b/63743511415315,Leckerer Brotaufstrich: Probiere unbedingt unsere Schalottenbutter,2026-09-01,2026-09-02,2,1
63743511747171,2026-09-01T06:06:45+00:00,https://www.leckerschmecker.me/mirabellen-chutney-aromatisch/63743511747171,So aromatisch vielseitig kann der Spätsommer schmecken,2026-09-01,2026-09-02,2,2
63743511746246,2026-09-01T06:06:46+00:00,https://www.leckerschmecker.me/griessschmarrn-kaiserschmarrn/63743511746246,Grießschmarrn statt Kaiserschmarrn: Diese Variante musst du probieren,2026-09-01,2026-09-02,2,2
63743511747115,2026-09-01T06:06:46+00:00,https://www.leckerschmecker.me/enchiladas-elsaesser-art-flammkuchen/63743511747115,Flammkuchen trifft Tortilla: Dieses Ofengericht musst du probieren,2026-09-01,2026-09-02,2,2
63743511418300,2026-09-01T06:07:09+00:00,https://www.leckerschmecker.me/sandwiches-mit-ei-und-feta-creme-a-b/63743511418300,Gönn dir ein belegtes Brot mit Ei und Feta-Creme zum Frühstück,2026-09-01,2026-09-02,2,1
63743511617203,2026-09-01T06:16:49+00:00,https://www.leckerschmecker.me/schwarzwaelder-kirschtorte-kastenform-a-d/63743511617203,Schwarzwälder Kirschtorte mal anders: aus der Kastenform,2026-09-01,2026-09-02,2,2
63743511436179,2026-09-01T06:17:30+00:00,https://www.leckerschmecker.me/honig-senf-haehnchen-a-t/63743511436179,Honig-Senf-Hähnchen in cremiger Soße: das leckerste Rezept,2026-09-01,2026-09-02,2,1
63743511747612,2026-09-01T06:37:00+00:00,https://www.leckerschmecker.me/feigen-ziegenkase-toast-karamellisierten-zwiebeln/63743511747612,Feigen-Ziegenkäse-Toast mit karamellisierten Zwiebeln für kalte Tage,2026-09-01,2026-09-01,1,1
63743511743848,2026-09-01T06:41:44+00:00,https://www.leckerschmecker.me/vanillemousse-luftig/63743511743848,"Cremig, luftig, zuckersüß: ein perfektes Dessert nach einem guten Dinner",2026-09-01,2026-09-02,2,3
63743511639338,2026-09-01T06:41:45+00:00,https://www.leckerschmecker.me/eier-kaese-toast-airfryer-a-a-it/63743511639338,Ei love it: Käse-Toast aus der Heißluftfritteuse,2026-09-01,2026-09-02,2,3
63743511495977,2026-09-01T06:42:15+00:00,https://www.leckerschmecker.me/gemuesebruehe-aus-abschnitten-zero-waste-a-c/63743511495977,Diese Zero-Waste-Gemüsebrühe schmeckt unheimlich lecker,2026-09-01,2026-09-02,2,1
63743511747776,2026-09-01T07:17:00+00:00,https://www.leckerschmecker.me/cramique-au-chocolat/63743511747776,Für den großen Hunger zwischendurch: Cramique au chocolat,2026-09-01,2026-09-01,1,1
63743511601006,2026-09-01T07:20:24+00:00,https://www.leckerschmecker.me/quark-griessauflauf-mit-aepfeln-a-a/63743511601006,"Quark, Grieß und Äpfel: süße Frühstücksliebe aus dem Ofen",2026-09-01,2026-09-02,2,1
63743511732397,2026-09-01T07:25:45+00:00,https://www.leckerschmecker.me/nudeln-mit-zucchini-tomaten-sosse-schoen/63743511732397,Was soll ich heute kochen? Diese Zucchini-Pasta ist die Antwort,2026-09-01,2026-09-02,2,7
63743511482938,2026-09-01T08:00:40+00:00,https://www.leckerschmecker.me/gefuellte-champignons-aus-dem-airfryer-a-d-perfekter/63743511482938,Perfekter Snack: gefüllte Champignons aus dem Airfryer,2026-09-01,2026-09-02,2,2
63743511747872,2026-09-01T08:17:00+00:00,https://www.leckerschmecker.me/dillgurken-brot/63743511747872,"Saftig, herzhaft, anders: Backe dir ein Dillgurken-Brot",2026-09-01,2026-09-01,1,1
63743511747918,2026-09-01T09:27:00+00:00,https://www.leckerschmecker.me/chili-cheese-sosse/63743511747918,Chili-Cheese-Soße wie im Kino: So gelingt der cremige Käse-Dip zu Hause,2026-09-01,2026-09-01,1,1
63743511443971,2026-09-01T09:32:15+00:00,https://www.leckerschmecker.me/kartoffel-champignon-pfanne-a-c/63743511443971,Kartoffel-Champignon-Pfanne aus dem Ofen: Beilage und Hauptgericht in einem,2026-09-01,2026-09-03,3,1
63743511747358,2026-09-01T10:07:00+00:00,https://www.leckerschmecker.me/saag-aloo/63743511747358,Mit diesem Pfannengericht werden Kartoffelfans glücklich,2026-09-01,2026-09-01,1,1
63743511745467,2026-09-01T10:48:38+00:00,https://www.leckerschmecker.me/veganer-pastitsio-griechische/63743511745467,Dieser griechische Klassiker schmeckt ebenso gut in veganer Variante,2026-09-01,2026-09-02,2,2
63743511402200,2026-09-01T10:56:20+00:00,https://www.leckerschmecker.me/thunfisch-kartoffel-gratin-a-c/63743511402200,Thunfisch-Kartoffel-Gratin: ein leckerer Auflauf für jeden Anlass,2026-09-01,2026-09-03,3,1
63743511304861,2026-09-01T11:01:17+00:00,https://www.leckerschmecker.me/brokkoli-kartoffel-auflauf-a-c/63743511304861,Dieser Brokkoli-Kartoffel-Auflauf ist ein echter Favorit aus dem Ofen,2026-09-01,2026-09-03,3,1
63743511308756,2026-09-01T11:06:52+00:00,https://www.leckerschmecker.me/kartoffelgratin-mit-pilzen-a-e/63743511308756,Kartoffelgratin mit Pilzen: leckeres Ofengericht für Auflauf-Fans,2026-09-01,2026-09-03,3,1
63743511488348,2026-09-01T11:15:16+00:00,https://www.leckerschmecker.me/kartoffelpueree-mit-parmesan-a-a/63743511488348,Kartoffelpüree mit Parmesan wird schnell zur Lieblingsbeilage,2026-09-01,2026-09-03,3,1
63743511747470,2026-09-01T11:24:00+00:00,https://www.leckerschmecker.me/gebackener-blumenkohl-aus-dem-airfryer/63743511747470,Mit diesem Rezept wird Blumenkohl unwiderstehlich lecker,2026-09-01,2026-09-01,1,1
63743511740113,2026-09-01T11:24:41+00:00,https://www.leckerschmecker.me/zucchini-tomaten-auflauf-mit-salsiccia-mediterranen/63743511740113,Genieße mediterranen Gemüseauflauf mit würziger Salsiccia,2026-09-01,2026-09-03,3,3
63743511739997,2026-09-01T11:24:42+00:00,https://www.leckerschmecker.me/karamellisierte-apfelringe-im-blaetterteig-aus-dem-airfryer-held/63743511739997,Wie dein Airfryer zum Held der Apfelsaison wird,2026-09-01,2026-09-03,3,2
63743511346735,2026-09-01T11:24:44+00:00,https://www.leckerschmecker.me/gemuesebruehe-pulver-a-a-selber/63743511346735,Gemüsebrühe-Pulver selber machen: So einfach geht&#8217;s,2026-09-01,2026-09-03,3,2
63743511734332,2026-09-01T11:24:44+00:00,https://www.leckerschmecker.me/zucchini-cordon-bleu-sommer/63743511734332,Zucchini-Cordon-bleu: So wird Gemüse zum herzhaften Hauptgericht,2026-09-01,2026-09-03,3,5
63743511688010,2026-09-01T11:39:37+00:00,https://www.leckerschmecker.me/ceviche-aus-zander-erdbeeren-avocado-a-a/63743511688010,Peruanische Ceviche mit regionalen Aromen: die perfekte Vorspeise,2026-09-01,2026-09-03,3,1
63743511687218,2026-09-01T11:40:46+00:00,https://www.leckerschmecker.me/pinker-glasnudelsalat-a-b/63743511687218,Bei diesem pinken Glasnudelsalat isst das Auge mit,2026-09-01,2026-09-03,3,2
63743511691930,2026-09-01T11:42:09+00:00,https://www.leckerschmecker.me/gefuellte-french-toast-becher-a-a/63743511691930,Köstliches Frühstückshighlight: gefüllte French-Toast-Becher,2026-09-01,2026-09-03,3,1
63743511472030,2026-09-01T11:44:37+00:00,https://www.leckerschmecker.me/schwarzwaelder-kirschtorte-vom-blech-a-d/63743511472030,Diese Schwarzwälder Kirschtorte wird auf dem Blech gebacken,2026-09-01,2026-09-03,3,1
63743511405031,2026-09-01T11:47:40+00:00,https://www.leckerschmecker.me/schwarzwaelder-kirschtorte-im-glas-a-f/63743511405031,Schwarzwälder Kirschtorte im Glas: blitzschnelle Dessert-Idee,2026-09-01,2026-09-03,3,1
63743511450294,2026-09-01T12:20:37+00:00,https://www.leckerschmecker.me/aepfel-aus-dem-airfryer-a-l/63743511450294,Äpfel aus dem Airfryer: Leckerer geht es kaum,2026-09-01,2026-09-03,3,1
63743511589812,2026-09-01T12:24:20+00:00,https://www.leckerschmecker.me/moehrensuppe-mit-curry-a-a/63743511589812,Möhrensuppe mit Curry: Löffel dich glücklich,2026-09-01,2026-09-03,3,1
63743511743935,2026-09-01T12:40:42+00:00,https://www.leckerschmecker.me/knusperkartoffeln-mit-kraeuterdip-knusprig/63743511743935,"Außen knusprig, innen fluffig: Dieses Kartoffel-Rezept musst du probieren",2026-09-01,2026-09-03,3,3
63743511744204,2026-09-01T12:40:43+00:00,https://www.leckerschmecker.me/zoodles-mit-garnelen-in-knoblauch-sahnesosse-mediterranem/63743511744204,Feierbandküche mit mediterranem Urlaubsflair: Zoodles mit Garnelen in Knoblauch-Sahnesoße,2026-09-01,2026-09-03,3,3
63743511747450,2026-09-01T13:24:36+00:00,https://www.leckerschmecker.me/kirsch-amaretto-bowle-cherry/63743511747450,Cherry Lady: Versüße dir mit dieser Bowle den Sommer,2026-09-01,2026-09-03,3,2
63743511747258,2026-09-01T13:24:37+00:00,https://www.leckerschmecker.me/vanillepudding-tartelettes-fuer/63743511747258,Für Pudding-Fans und Naschkatzen: kleine Vanilletörtchen versüßen den Nachmittag,2026-09-01,2026-09-03,3,2
63743511747294,2026-09-01T13:24:39+00:00,https://www.leckerschmecker.me/bacon-frischkaese-jalapenos-aus-dem-airfryer-neuer/63743511747294,Hier kommt dein neuer Lieblingssnack direkt aus dem Airfryer,2026-09-01,2026-09-03,3,2
63743511747727,2026-09-01T13:51:00+00:00,https://www.leckerschmecker.me/schokokuchen-mit-aprikosen/63743511747727,Saftiger Schokotraum trifft sonnige Aprikosen,2026-09-01,2026-09-03,3,1
63743511739682,2026-09-01T14:15:52+00:00,https://www.leckerschmecker.me/brokkoli-schinken-haehnchen-aus-dem-ofen-weiss/63743511739682,Brokkoli-Schinken-Hähnchen aus dem Ofen,2026-09-01,2026-09-03,3,2
63743511747423,2026-09-01T14:47:00+00:00,https://www.leckerschmecker.me/zwetschgen-miso-bolognese-mit-linsen/63743511747423,Umami aus dem Obstkorb: Zwetschgen-Miso-Bolognese mit Linsen,2026-09-01,2026-09-02,2,1
63743511747527,2026-09-01T15:26:00+00:00,https://www.leckerschmecker.me/maultaschen-pfifferling-auflauf/63743511747527,"Maultaschen, Pfifferlinge und Käse geben einen Vorgeschmack auf den Herbst",2026-09-01,2026-09-03,3,1
63743511747882,2026-09-01T16:07:00+00:00,https://www.leckerschmecker.me/veganer-spaghetti-pfifferling-auflauf/63743511747882,Dieser Auflauf bringt Wohlfühlgarantie aus dem Ofen direkt auf deinen Teller,2026-09-01,2026-09-02,2,1
63743511743881,2026-09-01T17:33:00+00:00,https://www.leckerschmecker.me/warenkunde-blumenkohl/63743511743881,Warenkunde Blumenkohl: Das steckt alles in dem gesunden Gemüse,2026-09-01,2026-09-03,3,1
63743511747803,2026-09-01T18:43:00+00:00,https://www.leckerschmecker.me/paloma/63743511747803,Der Paloma-Cocktail ist aus gutem Grund einer der beliebtesten Drinks Mexikos,2026-09-02,2026-09-02,1,1
63743511747933,2026-09-01T19:16:00+00:00,https://www.leckerschmecker.me/trinidad-doubles/63743511747933,"Das karibische Streetfood, das du dir nicht entgehen lassen solltest",2026-09-02,2026-09-02,1,1
63743511652935,2026-09-01T19:20:46+00:00,https://www.leckerschmecker.me/paprika-spaetzle-auflauf-a-a-pappsatt/63743511652935,"Paprika, Pasta, Pappsatt: Der Auflauf-Hit für jeden Tag",2026-09-02,2026-09-03,2,3
63743511736307,2026-09-02T04:05:41+00:00,https://www.leckerschmecker.me/zucchini-kartoffeleintopf-voller/63743511736307,Zucchini-Kartoffeleintopf: ein Topf voller Gemüseglück,2026-09-02,2026-09-03,2,3
63743511749712,2026-09-02T05:06:00+00:00,https://www.leckerschmecker.me/pflaumen-brot-auflauf/63743511749712,Werde restlos glücklich mit diesem fruchtig-süßen Auflauf,2026-09-02,2026-09-02,1,1
63743511736394,2026-09-02T05:21:58+00:00,https://www.leckerschmecker.me/zwiebelkuchen-aus-dem-airfryer-a-b/63743511736394,Dieser Zwiebelkuchen aus dem Airfryer wird dein neues Lieblingsgericht,2026-09-02,2026-09-03,2,2
63743511747470,2026-09-02T05:32:44+00:00,https://www.leckerschmecker.me/gebackener-blumenkohl-aus-dem-airfryer-rezept/63743511747470,Mit diesem Rezept wird Blumenkohl unwiderstehlich lecker,2026-09-02,2026-09-03,2,2
63743511747918,2026-09-02T05:32:45+00:00,https://www.leckerschmecker.me/chili-cheese-sosse-kino/63743511747918,Chili-Cheese-Soße wie im Kino: So gelingt der cremige Käse-Dip zu Hause,2026-09-02,2026-09-03,2,2
63743511747776,2026-09-02T05:32:46+00:00,https://www.leckerschmecker.me/cramique-au-chocolat-fuer/63743511747776,Für den großen Hunger zwischendurch: Cramique au chocolat,2026-09-02,2026-09-03,2,2
63743511747612,2026-09-02T05:32:47+00:00,https://www.leckerschmecker.me/feigen-ziegenkase-toast-karamellisierten-zwiebeln-ziegenkaese/63743511747612,Feigen-Ziegenkäse-Toast mit karamellisierten Zwiebeln für kalte Tage,2026-09-02,2026-09-03,2,2
63743511747281,2026-09-02T05:32:48+00:00,https://www.leckerschmecker.me/reispapier-roellchen-mit-apfelkuchenfuellung-apfelkuchen/63743511747281,Apfelkuchen ohne Teig: Diese knusprigen Röllchen gelingen blitzschnell,2026-09-02,2026-09-03,2,2
63743511747865,2026-09-02T05:53:00+00:00,https://www.leckerschmecker.me/joghurt-zucchini-bowl/63743511747865,Zucchini mal anders: Genieße ein cremig-frisches Frühstück,2026-09-02,2026-09-02,1,1
63743511747358,2026-09-02T06:13:41+00:00,https://www.leckerschmecker.me/saag-aloo-pfannengericht/63743511747358,Mit diesem Pfannengericht werden Kartoffelfans glücklich,2026-09-02,2026-09-03,2,2
63743511747872,2026-09-02T06:13:42+00:00,https://www.leckerschmecker.me/dillgurken-brot-saftig/63743511747872,"Saftig, herzhaft, anders: Backe dir ein Dillgurken-Brot",2026-09-02,2026-09-03,2,2
63743511747370,2026-09-02T06:13:43+00:00,https://www.leckerschmecker.me/quitten-butter-als-brotaufstrich-fuers/63743511747370,"Quitten-Butter fürs Brot: langsam eingekocht, tief im Geschmack",2026-09-02,2026-09-03,2,2
63743511561406,2026-09-02T06:27:45+00:00,https://www.leckerschmecker.me/linsen-pfifferling-eintopf-a-b/63743511561406,Linsen-Pfifferling-Eintopf: Liebe auf den ersten Löffel,2026-09-02,2026-09-03,2,1
63743511747947,2026-09-02T06:34:00+00:00,https://www.leckerschmecker.me/pflaumen-schoko-crumble/63743511747947,Dieser Pflaumen-Schoko-Crumble schmeckt nach Spätsommer,2026-09-02,2026-09-02,1,1
63743511747439,2026-09-02T06:44:37+00:00,https://www.leckerschmecker.me/kartoffel-pilz-pfanne-leckeres/63743511747439,Leckeres Pfannenglück: Diese Kartoffel-Pilz-Pfanne ist cremig-würzig,2026-09-02,2026-09-03,2,2
63743511469988,2026-09-02T06:44:38+00:00,https://www.leckerschmecker.me/kichererbsen-chips-a-c-knusprige/63743511469988,Krosse Kichererbsen-Chips für gesunden und proteinreichen Knabberspaß,2026-09-02,2026-09-03,2,2
63743511602631,2026-09-02T06:51:19+00:00,https://www.leckerschmecker.me/skyr-waffeln-a-a/63743511602631,"Skyr-Waffeln: luftig, lecker, voller Protein",2026-09-02,2026-09-03,2,1
63743511658623,2026-09-02T06:58:39+00:00,https://www.leckerschmecker.me/hoernchen-mit-quark-apfelmus-fuellung-a-a/63743511658623,Süßmäuler aufgepasst: Die Quark-Apfelmus-Hörnchen versüßen den Morgen,2026-09-02,2026-09-03,2,1
63743511748751,2026-09-02T07:21:00+00:00,https://www.leckerschmecker.me/zucchini-haehnchen-panini/63743511748751,Zucchini-Hähnchen-Panini: Snacken wie in Italien,2026-09-02,2026-09-02,1,1
63743511733624,2026-09-02T07:27:36+00:00,https://www.leckerschmecker.me/cappuccino-puddingkuchen-bestellt/63743511733624,Dieser Cappuccino-Puddingkuchen ist Kaffee und Kuchen in einem,2026-09-02,2026-09-02,1,6
63743511743913,2026-09-02T07:27:37+00:00,https://www.leckerschmecker.me/pilz-stroganoff-minuten/63743511743913,Pilz-Stroganoff: Wohlfühlküche in 30 Minuten,2026-09-02,2026-09-03,2,3
63743511739971,2026-09-02T07:59:46+00:00,https://www.leckerschmecker.me/jaegersosse-frueher/63743511739971,Jägersoße: So schmeckt sie wie früher,2026-09-02,2026-09-03,2,3
63743511749876,2026-09-02T08:22:00+00:00,https://www.leckerschmecker.me/pilz-pesto/63743511749876,Umami im Glas: So machst du ein Pilz-Pesto einfach selbst,2026-09-02,2026-09-02,1,1
63743511410824,2026-09-02T08:33:44+00:00,https://www.leckerschmecker.me/pfifferlingrahmsosse-a-e/63743511410824,"Cremiger Begleiter zu Fleisch, Nudeln und Co.: Pfifferlingrahmsoße",2026-09-02,2026-09-03,2,1
63743511651583,2026-09-02T08:50:57+00:00,https://www.leckerschmecker.me/vanille-vanillin-unterschied-a-a/63743511651583,"Vanille, Vanillinzucker und Co: Kennst du die Unterschiede?",2026-09-02,2026-09-03,2,1
63743511556262,2026-09-02T08:54:04+00:00,https://www.leckerschmecker.me/schwarzwaelder-kirsch-smoothie-bowl-a-b/63743511556262,In dieser Smoothie-Bowl steckt Schwarzwälder Kirschtorte,2026-09-02,2026-09-03,2,1
63743511749633,2026-09-02T09:31:00+00:00,https://www.leckerschmecker.me/tzatziki-nudelsalat-mit-kichererbsen/63743511749633,Tzatziki-Nudelsalat mit Kichererbsen: Spätsommer aus der Schüssel,2026-09-02,2026-09-02,1,1
63743511748019,2026-09-02T10:06:00+00:00,https://www.leckerschmecker.me/hackbaellchen-moehren-curry/63743511748019,Dieses Hackbällchen-Möhren-Curry bringt die ganze Familie an einen Tisch,2026-09-02,2026-09-02,1,1
63743511496000,2026-09-02T11:25:26+00:00,https://www.leckerschmecker.me/blumenkohlpuffer-a-c/63743511496000,Blumenkohlpuffer kann auch knusprig: und zwar in kräuteriger Pufferform,2026-09-02,2026-09-04,3,1
63743511748214,2026-09-02T11:27:00+00:00,https://www.leckerschmecker.me/blaetterteigtaschen-mit-zucchini-hackfleisch-fuellung-aus-dem-airfryer/63743511748214,"Goldbraun, saftig und würzig: Heute gibt&#8217;s Zucchini-Hackfleisch-Blätterteigtaschen",2026-09-02,2026-09-02,1,1
63743511747220,2026-09-02T11:31:36+00:00,https://www.leckerschmecker.me/schwarzwaelder-kirsch-pie-kuchenklassiker/63743511747220,Dieser Schwarzwälder-Kirsch-Pie macht dem Kuchenklassiker Konkurrenz,2026-09-02,2026-09-04,3,2
63743511404602,2026-09-02T12:05:00+00:00,https://www.leckerschmecker.me/zucchini-haehnchen-spiesse-a-e/63743511404602,Zucchini-Hähnchen-Spieße sorgen für Grillgenuss,2026-09-02,2026-09-04,3,1
63743511579815,2026-09-02T12:55:41+00:00,https://www.leckerschmecker.me/pflaumen-thymian-fizz-a-b/63743511579815,Mit diesem Pflaumen-Thymian-Fizz feiern wir den Spätsommer,2026-09-02,2026-09-04,3,1
63743511563532,2026-09-02T13:22:01+00:00,https://www.leckerschmecker.me/schwedische-pfifferlings-tarte-a-b/63743511563532,"Herzhaft, würzig, schwedisch: die perfekte Pfifferlings-Tarte",2026-09-02,2026-09-04,3,1
63743511747803,2026-09-02T13:22:35+00:00,https://www.leckerschmecker.me/paloma-cocktail/63743511747803,Der Paloma-Cocktail ist aus gutem Grund einer der beliebtesten Drinks Mexikos,2026-09-02,2026-09-04,3,2
63743511747423,2026-09-02T13:22:36+00:00,https://www.leckerschmecker.me/zwetschgen-miso-bolognese-mit-linsen-umami/63743511747423,Umami aus dem Obstkorb: Zwetschgen-Miso-Bolognese mit Linsen,2026-09-02,2026-09-04,3,2
63743511631657,2026-09-02T13:30:15+00:00,https://www.leckerschmecker.me/vanille-mohn-milchreis-a-a/63743511631657,Verfeinere deinen Milchreis mit Vanille und Mohn,2026-09-02,2026-09-04,3,1
63743511475829,2026-09-02T13:31:10+00:00,https://www.leckerschmecker.me/gefuellte-suesskartoffel-mit-tahinisosse-a-a/63743511475829,Diese gefüllte Süßkartoffel mit Tahinisoße ist ein Fest für die Sinne,2026-09-02,2026-09-04,3,1
63743511430777,2026-09-02T13:32:55+00:00,https://www.leckerschmecker.me/pasta-a-la-chef-a-c/63743511430777,Pasta à la Chef: leckeres Gericht in 20 Minuten,2026-09-02,2026-09-04,3,1
63743511580814,2026-09-02T13:33:10+00:00,https://www.leckerschmecker.me/walnuss-pflaumen-brownies-a-a/63743511580814,Diese Brownies sind der perfekte Übergang zwischen Sommer und Herbst,2026-09-02,2026-09-04,3,1
63743511475850,2026-09-02T13:44:35+00:00,https://www.leckerschmecker.me/teigtaschen-mit-pilz-linsen-fuellung-a-c/63743511475850,Teigtaschen mit Pilz-Linsen-Füllung:,2026-09-02,2026-09-04,3,1
63743511599514,2026-09-02T13:45:20+00:00,https://www.leckerschmecker.me/taco-sticks-aus-dem-airfryer-a-a/63743511599514,Diese Taco-Sticks aus dem Airfryer sind das perfekte Fingerfood,2026-09-02,2026-09-04,3,1
63743511341144,2026-09-02T13:49:56+00:00,https://www.leckerschmecker.me/pizza-fritta-napoletana-a-b/63743511341144,Mit dieser Pizza Fritta Napoletana holst du dir italienisches Streetfood nach Hause,2026-09-02,2026-09-04,3,1
63743511747961,2026-09-02T13:53:00+00:00,https://www.leckerschmecker.me/black-velvet-kuchen/63743511747961,"Mysteriös, düster und mit zart-cremiger Überraschung: Dieser Black Velvet Kuchen begeistert",2026-09-02,2026-09-04,3,1
63743511747968,2026-09-02T14:43:00+00:00,https://www.leckerschmecker.me/koenigsberger-klopse-als-ofen-gratin/63743511747968,Königsberger Klopse als Ofen-Gratin: der Klassiker neu gedacht,2026-09-02,2026-09-04,3,1
63743511750054,2026-09-02T15:31:00+00:00,https://www.leckerschmecker.me/deal-der-woche-anybear-slow-juicer-200w/63743511750054,Gesund in den Herbst starten: Dieser geniale Slow Juicer ist bei Amazon jetzt um 65 % reduziert,2026-09-02,2026-09-04,3,1
63743511750078,2026-09-02T16:01:00+00:00,https://www.leckerschmecker.me/linsencurry-mit-apfel/63743511750078,Dieses Linsencurry mit Apfel bringt fruchtige Frische auf den Teller,2026-09-02,2026-09-04,3,1
63743511747933,2026-09-02T16:11:48+00:00,https://www.leckerschmecker.me/trinidad-doubles-karibische/63743511747933,"Das karibische Streetfood, das du dir nicht entgehen lassen solltest",2026-09-02,2026-09-04,3,2
63743511749704,2026-09-02T17:21:00+00:00,https://www.leckerschmecker.me/feigen-clafoutis/63743511749704,Französisches Feigen-Dessert mit minimalem Aufwand,2026-09-02,2026-09-04,3,1
63743511750224,2026-09-02T18:48:00+00:00,https://www.leckerschmecker.me/veganes-federweisser-risotto-mit-geroesteten-weintrauben/63743511750224,Herbstliches Risotto mit Federweißer: so schmeckt die Weinlese,2026-09-03,2026-09-04,2,1
63743511750189,2026-09-02T19:21:00+00:00,https://www.leckerschmecker.me/ofenlachs-mit-honig-senf-sosse/63743511750189,Hier wird der Lachs im Ofen verrückt,2026-09-03,2026-09-04,2,1
63743511747126,2026-09-03T04:18:45+00:00,https://www.leckerschmecker.me/honig-senf-kartoffeln-einfachste/63743511747126,"Das einfachste Kartoffelrezept aus dem Ofen: süß, würzig und unwiderstehlich",2026-09-03,2026-09-04,2,2
63743511590756,2026-09-03T04:42:01+00:00,https://www.leckerschmecker.me/fruehstuecks-bagel/63743511590756,Frühstücks-Bagel: macht Morgenmuffel zu Genießern,2026-09-03,2026-09-04,2,1
63743511587867,2026-09-03T05:00:51+00:00,https://www.leckerschmecker.me/scrambled-oats-a-a/63743511587867,Heute gibt es Scrambled Oats zum Frühstück,2026-09-03,2026-09-04,2,1
63743511750116,2026-09-03T05:04:00+00:00,https://www.leckerschmecker.me/chia-zwetschgen-konfituere/63743511750116,Chia-Zwetschgen-Konfitüre: So gelingt der fruchtige Aufstrich ohne Gelierzucker,2026-09-03,2026-09-03,1,1
63743511748019,2026-09-03T05:32:44+00:00,https://www.leckerschmecker.me/hackbaellchen-moehren-curry-bringt/63743511748019,Dieses Hackbällchen-Möhren-Curry bringt die ganze Familie an einen Tisch,2026-09-03,2026-09-04,2,2
63743511749633,2026-09-03T05:32:45+00:00,https://www.leckerschmecker.me/tzatziki-nudelsalat-mit-kichererbsen-spaetsommer/63743511749633,Tzatziki-Nudelsalat mit Kichererbsen: Spätsommer aus der Schüssel,2026-09-03,2026-09-04,2,2
63743511748751,2026-09-03T05:32:46+00:00,https://www.leckerschmecker.me/zucchini-haehnchen-panini-snacken/63743511748751,Zucchini-Hähnchen-Panini: Snacken wie in Italien,2026-09-03,2026-09-04,2,2
63743511747865,2026-09-03T05:32:47+00:00,https://www.leckerschmecker.me/joghurt-zucchini-bowl-geniesse/63743511747865,Zucchini mal anders: Genieße ein cremig-frisches Frühstück,2026-09-03,2026-09-04,2,2
63743511749712,2026-09-03T05:32:47+00:00,https://www.leckerschmecker.me/pflaumen-brot-auflauf-restlos/63743511749712,Werde restlos glücklich mit diesem fruchtig-süßen Auflauf,2026-09-03,2026-09-04,2,2
63743511749997,2026-09-03T05:48:00+00:00,https://www.leckerschmecker.me/winzerbrot/63743511749997,Dieses Winzerbrot beweist: Wein gehört nicht nur ins Glas,2026-09-03,2026-09-03,1,1
63743511748214,2026-09-03T06:18:42+00:00,https://www.leckerschmecker.me/blaetterteigtaschen-mit-zucchini-hackfleisch-fuellung-aus-dem-airfryer-goldbraun/63743511748214,"Goldbraun, saftig und würzig: Heute gibt&#8217;s Zucchini-Hackfleisch-Blätterteigtaschen",2026-09-03,2026-09-04,2,2
63743511749876,2026-09-03T06:18:43+00:00,https://www.leckerschmecker.me/pilz-pesto-umami/63743511749876,Umami im Glas: So machst du ein Pilz-Pesto einfach selbst,2026-09-03,2026-09-04,2,2
63743511747947,2026-09-03T06:18:44+00:00,https://www.leckerschmecker.me/pflaumen-schoko-crumble-schmeckt/63743511747947,Dieser Pflaumen-Schoko-Crumble schmeckt nach Spätsommer,2026-09-03,2026-09-04,2,2
63743511750161,2026-09-03T06:32:00+00:00,https://www.leckerschmecker.me/mais-porridge-roestzwiebeln-kuerbiskernoel/63743511750161,Herzhafter Mais-Porridge mit Röstzwiebeln für einen sättigenden Start,2026-09-03,2026-09-03,1,1
63743511600363,2026-09-03T06:40:32+00:00,https://www.leckerschmecker.me/gestovte-kartoffeln-a-a/63743511600363,Gestovte Kartoffeln: norddeutscher Klassiker voller Gemütlichkeit,2026-09-03,2026-09-04,2,1
63743511733624,2026-09-03T06:51:46+00:00,https://www.leckerschmecker.me/cappuccino-puddingkuchen-bekommt/63743511733624,Dieser Cappuccino-Puddingkuchen ist Kaffee und Kuchen in einem,2026-09-03,2026-09-04,2,7
63743511747882,2026-09-03T06:51:47+00:00,https://www.leckerschmecker.me/veganer-spaghetti-pfifferling-auflauf-bringt/63743511747882,Dieser Auflauf bringt Wohlfühlgarantie aus dem Ofen direkt auf deinen Teller,2026-09-03,2026-09-04,2,2
63743511607684,2026-09-03T07:03:52+00:00,https://www.leckerschmecker.me/knoblauch-feta-kartoffeln-a-a/63743511607684,Knoblauch-Feta-Kartoffeln: dein neues Lieblingsrezept für Kartoffeln,2026-09-03,2026-09-04,2,1
63743511748001,2026-09-03T07:16:00+00:00,https://www.leckerschmecker.me/mangold-speck-brotauflauf/63743511748001,Mangold-Speck-Brotauflauf für dich und deine Liebsten,2026-09-03,2026-09-03,1,1
63743511530431,2026-09-03T07:32:28+00:00,https://www.leckerschmecker.me/ofenfenchel-mit-tomaten-und-feta-a-d/63743511530431,"Fenchel, Tomaten und Feta sind der beste Auflauf aus dem Ofen",2026-09-03,2026-09-04,2,2
63743511642619,2026-09-03T07:36:44+00:00,https://www.leckerschmecker.me/quarktaler-mit-griess-a-a-anbeissen/63743511642619,Energie zum Anbeißen: Quarktaler für einen starken Nachmittag,2026-09-03,2026-09-04,2,3
63743511747206,2026-09-03T07:36:45+00:00,https://www.leckerschmecker.me/haehnchen-zucchini-eintopf-huehnersuppe/63743511747206,Hähnchen-Zucchini-Eintopf: Hühnersuppe trifft Sommergemüse,2026-09-03,2026-09-04,2,2
63743511745467,2026-09-03T08:02:38+00:00,https://www.leckerschmecker.me/veganer-pastitsio-klassiker/63743511745467,Dieser griechische Klassiker schmeckt ebenso gut in veganer Variante,2026-09-03,2026-09-04,2,3
63743511739998,2026-09-03T08:02:39+00:00,https://www.leckerschmecker.me/apfel-zimt-puddingbroetchen-cremige/63743511739998,"Ein Blech ist zu wenig: Cremige Apfel-Zimt-Puddingbrötchen, die jeder mag",2026-09-03,2026-09-04,2,3
63743511750723,2026-09-03T08:23:00+00:00,https://www.leckerschmecker.me/veganes-omelett-mit-pfifferlingen/63743511750723,Dieses Omelett mit Pfifferlingen braucht kein Ei,2026-09-03,2026-09-03,1,1
63743511492681,2026-09-03T09:33:51+00:00,https://www.leckerschmecker.me/honig-chili-kartoffeln-a-a/63743511492681,So werden Kartoffeln zu deiner liebsten Beilage: Honig und Chili peppen alles auf,2026-09-03,2026-09-05,3,1
63743511750200,2026-09-03T09:34:00+00:00,https://www.leckerschmecker.me/karotten-airfryer-knoblauchjoghurt/63743511750200,"Süß, würzig und einfach: Karotten aus dem Airfryer mit Knoblauchjoghurt",2026-09-03,2026-09-03,1,1
63743511635326,2026-09-03T09:45:23+00:00,https://www.leckerschmecker.me/maultaschen-lachs-auflauf-a-a/63743511635326,Kombiniere Maultaschen doch einfach mal auf diese Weise,2026-09-03,2026-09-05,3,1
63743511749813,2026-09-03T10:10:00+00:00,https://www.leckerschmecker.me/blumenkohl-kung-pao/63743511749813,Blumenkohl Kung Pao: Sichuan-Klassiker mit Gemüse statt Fleisch,2026-09-03,2026-09-03,1,1
63743511430291,2026-09-03T11:01:06+00:00,https://www.leckerschmecker.me/apple-pie-cookies-a-d/63743511430291,Apple Pie Cookies: Denen kann niemand widerstehen,2026-09-03,2026-09-05,3,1
63743511755024,2026-09-03T11:25:00+00:00,https://www.leckerschmecker.me/puddingbrezeln-aus-dem-airfryer/63743511755024,Beliebten Bäckereisnack in der Heißluftfritteuse selbst machen,2026-09-03,2026-09-03,1,1
63743511747258,2026-09-03T11:26:38+00:00,https://www.leckerschmecker.me/vanillepudding-tartelettes-pudding/63743511747258,Für Pudding-Fans und Naschkatzen: kleine Vanilletörtchen versüßen den Nachmittag,2026-09-03,2026-09-05,3,3
63743511743935,2026-09-03T11:26:39+00:00,https://www.leckerschmecker.me/knusperkartoffeln-mit-kraeuterdip-innen/63743511743935,"Außen knusprig, innen fluffig: Dieses Kartoffel-Rezept musst du probieren",2026-09-03,2026-09-05,3,4
63743511472030,2026-09-03T11:26:40+00:00,https://www.leckerschmecker.me/schwarzwaelder-kirschtorte-vom-blech-a-d-gebacken/63743511472030,Diese Schwarzwälder Kirschtorte wird auf dem Blech gebacken,2026-09-03,2026-09-05,3,2
63743511463575,2026-09-03T12:07:22+00:00,https://www.leckerschmecker.me/rosmarinkartoffeln-aus-der-heissluftfritteuse-a-b/63743511463575,Rosmarinkartoffeln aus der Heißluftfritteuse: knusprige Beilage voller Geschmack,2026-09-03,2026-09-05,3,1
63743511509732,2026-09-03T12:09:58+00:00,https://www.leckerschmecker.me/thunfisch-ofenkartoffeln-a-a/63743511509732,Verliebe dich in diese überbackenen Thunfisch-Ofenkartoffeln mit Käse,2026-09-03,2026-09-05,3,1
63743511251510,2026-09-03T12:14:07+00:00,https://www.leckerschmecker.me/kartoffeln-in-mikrowelle-kochen-a-v/63743511251510,Kartoffeln in der Mikrowelle kochen: So sparst du Zeit und Geld,2026-09-03,2026-09-05,3,1
63743511521095,2026-09-03T12:17:35+00:00,https://www.leckerschmecker.me/pesto-senf-pasta-a-a/63743511521095,Pesto-Senf-Pasta kannst du jeden Tag kochen,2026-09-03,2026-09-05,3,1
63743511530689,2026-09-03T12:25:58+00:00,https://www.leckerschmecker.me/schnitzel-in-senfmarinade-a-a/63743511530689,Schnitzel in Senfmarinade: Wirf deinen Grill nochmal an,2026-09-03,2026-09-05,3,1
63743511605327,2026-09-03T12:27:36+00:00,https://www.leckerschmecker.me/petersilienkartoffeln-mit-schinken-a-a/63743511605327,Diese Petersilienkartoffeln mit Schinken schmecken einfach immer,2026-09-03,2026-09-05,3,1
63743511368767,2026-09-03T12:28:28+00:00,https://www.leckerschmecker.me/gefuellte-kartoffeln-hackfleisch-batata-mahshieh-a-b/63743511368767,Diese Kartoffeln aus dem Ofen sind mit Hackfleisch gefüllt,2026-09-03,2026-09-05,3,1
63743511555380,2026-09-03T12:39:37+00:00,https://www.leckerschmecker.me/gefuellte-zucchini-mit-chili-con-carne-a-a/63743511555380,Diese gefüllten Zucchini sind das ideale Feierabendgericht,2026-09-03,2026-09-05,3,1
63743511554191,2026-09-03T12:42:34+00:00,https://www.leckerschmecker.me/gnocchi-zucchini-pfanne-a-a/63743511554191,Diese Gnocchi-Zucchini-Pfanne macht dich im Handumdrehen glücklich,2026-09-03,2026-09-05,3,1
63743511378783,2026-09-03T12:53:36+00:00,https://www.leckerschmecker.me/ofensuppe-mit-frischem-baguette-b-c/63743511378783,Dieses Rezept für Ofensuppe mit Baguette ist perfekt für viele Gäste,2026-09-03,2026-09-05,3,1
63743511739682,2026-09-03T12:56:44+00:00,https://www.leckerschmecker.me/brokkoli-schinken-haehnchen-aus-dem-ofen-wochenende/63743511739682,Brokkoli-Schinken-Hähnchen aus dem Ofen,2026-09-03,2026-09-05,3,3
63743511585954,2026-09-03T12:57:04+00:00,https://www.leckerschmecker.me/ofenlachs-mit-senfkruste-a-b/63743511585954,Mit Senfkruste: So lecker hast du Lachs noch nie gegessen,2026-09-03,2026-09-05,3,1
63743511519608,2026-09-03T12:58:54+00:00,https://www.leckerschmecker.me/zucchinischnitzel-a-b/63743511519608,Diese Schnitzel brauchen kein Fleisch und sind dafür extra knusprig,2026-09-03,2026-09-05,3,1
63743511575676,2026-09-03T13:02:37+00:00,https://www.leckerschmecker.me/gnocchi-in-pfifferling-sahnesosse-a-c/63743511575676,Gnocchi in Pfifferling-Sahnesoße: So lecker schmeckt der Spätsommer,2026-09-03,2026-09-05,3,1
63743511465387,2026-09-03T13:05:47+00:00,https://www.leckerschmecker.me/graupensuppe-mit-kartoffeln-a-a/63743511465387,"Graupensuppe mit Kartoffeln: Hausmannskost, die einfach schmeckt",2026-09-03,2026-09-05,3,1
63743511570168,2026-09-03T13:11:20+00:00,https://www.leckerschmecker.me/pfifferling-hack-pfanne-a-a/63743511570168,"Pfifferling, Hackfleisch, Käse und eine große Pfanne: Es reicht nach Wohlfühlküche",2026-09-03,2026-09-05,3,1
63743511496224,2026-09-03T13:20:59+00:00,https://www.leckerschmecker.me/quarkwaffeln-fluffigste-a-d/63743511496224,Quark ist nicht nur für Fitness-Bros! Wir naschen jetzt Quarkwaffeln,2026-09-03,2026-09-05,3,1
63743511750081,2026-09-03T13:51:00+00:00,https://www.leckerschmecker.me/apfel-frangipane-tarte/63743511750081,Apfel-Frangipane-Tarte sieht nach französischer Patisserie aus,2026-09-03,2026-09-04,2,1
63743511589812,2026-09-03T14:06:51+00:00,https://www.leckerschmecker.me/moehrensuppe-mit-curry-a-a-loeffel/63743511589812,Möhrensuppe mit Curry: Löffel dich glücklich,2026-09-03,2026-09-05,3,2
63743511749928,2026-09-03T14:41:00+00:00,https://www.leckerschmecker.me/amerikanischer-feigen-pie/63743511749928,Dieser Feigen-Pie kommt aus dem amerikanischen Süden,2026-09-03,2026-09-04,2,1
63743511750797,2026-09-03T15:27:00+00:00,https://www.leckerschmecker.me/schwarzwaelder-rolls/63743511750797,Schwarzwälder Rolls: So lecker war der Tortenklassiker noch nie,2026-09-03,2026-09-04,2,1
63743511755190,2026-09-03T16:01:00+00:00,https://www.leckerschmecker.me/zwetschgen-linsen-tajine/63743511755190,Diese Zwetschgen-Linsen-Tajine verbindet warme Gewürze mit spätsommerlicher Frucht,2026-09-03,2026-09-04,2,1
63743511750147,2026-09-03T17:22:00+00:00,https://www.leckerschmecker.me/thailaendisches-pfirsich-haehnchen/63743511750147,Diese süß-würzige Kombination musst du probieren,2026-09-03,2026-09-04,2,1
63743511749865,2026-09-03T18:51:00+00:00,https://www.leckerschmecker.me/pfifferlinge-putzen/63743511749865,Pfifferlinge putzen: die besten Tipps und Tricks,2026-09-04,2026-09-04,1,1
63743511750784,2026-09-03T19:18:00+00:00,https://www.leckerschmecker.me/pflaumen-spritz/63743511750784,"Prost, du süße Pflaume! Sorge für lila Laune im Sektglas",2026-09-04,2026-09-04,1,1
63743511739997,2026-09-03T19:31:50+00:00,https://www.leckerschmecker.me/karamellisierte-apfelringe-im-blaetterteig-aus-dem-airfryer-apfelsaison/63743511739997,Wie dein Airfryer zum Held der Apfelsaison wird,2026-09-04,2026-09-05,2,3
63743511602631,2026-09-04T04:04:51+00:00,https://www.leckerschmecker.me/skyr-waffeln-a-a-einfaches/63743511602631,"Skyr-Waffeln: luftig, lecker, voller Protein",2026-09-04,2026-09-05,2,2
63743511747439,2026-09-04T04:04:51+00:00,https://www.leckerschmecker.me/kartoffel-pilz-pfanne-pfannenglueck/63743511747439,Leckeres Pfannenglück: Diese Kartoffel-Pilz-Pfanne ist cremig-würzig,2026-09-04,2026-09-05,2,3
63743511747527,2026-09-04T04:04:52+00:00,https://www.leckerschmecker.me/maultaschen-pfifferling-auflauf-pfifferlinge/63743511747527,"Maultaschen, Pfifferlinge und Käse geben einen Vorgeschmack auf den Herbst",2026-09-04,2026-09-05,2,2
63743511754875,2026-09-04T05:01:00+00:00,https://www.leckerschmecker.me/mandelcroissant-vom-blech/63743511754875,"Dieses Mandelcroissant vom Blech ist riesig, knusprig und voller Mandelcreme",2026-09-04,2026-09-04,1,1
63743511750200,2026-09-04T05:20:43+00:00,https://www.leckerschmecker.me/karotten-airfryer-knoblauchjoghurt-suess/63743511750200,"Süß, würzig und einfach: Karotten aus dem Airfryer mit Knoblauchjoghurt",2026-09-04,2026-09-05,2,2
63743511748001,2026-09-04T05:20:44+00:00,https://www.leckerschmecker.me/mangold-speck-brotauflauf-fuer/63743511748001,Mangold-Speck-Brotauflauf für dich und deine Liebsten,2026-09-04,2026-09-05,2,2
63743511750161,2026-09-04T05:20:44+00:00,https://www.leckerschmecker.me/mais-porridge-roestzwiebeln-kuerbiskernoel-herzhafter/63743511750161,Herzhafter Mais-Porridge mit Röstzwiebeln für einen sättigenden Start,2026-09-04,2026-09-05,2,2
63743511749997,2026-09-04T05:20:45+00:00,https://www.leckerschmecker.me/winzerbrot-beweist/63743511749997,Dieses Winzerbrot beweist: Wein gehört nicht nur ins Glas,2026-09-04,2026-09-05,2,2
63743511750116,2026-09-04T05:20:45+00:00,https://www.leckerschmecker.me/chia-zwetschgen-konfituere-gelingt/63743511750116,Chia-Zwetschgen-Konfitüre: So gelingt der fruchtige Aufstrich ohne Gelierzucker,2026-09-04,2026-09-05,2,2
63743511418509,2026-09-04T05:25:26+00:00,https://www.leckerschmecker.me/dattel-walnuss-brot-a-b/63743511418509,Dieses nussig-süße Dattel-Walnuss-Brot bekommen auch Anfänger gebacken,2026-09-04,2026-09-05,2,1
63743511398401,2026-09-04T05:27:28+00:00,https://www.leckerschmecker.me/perfektes-ruehrei-tipps-a-e/63743511398401,7 Tipps für das perfekte Rührei: So gelingt es garantiert,2026-09-04,2026-09-05,2,1
63743511433045,2026-09-04T05:30:09+00:00,https://www.leckerschmecker.me/ei-toasts-mit-joghurt-frischkaese-aufstrich-a-b/63743511433045,Lass dir Toasts mit Ei und Joghurt-Aufstrich zum Frühstück schmecken,2026-09-04,2026-09-05,2,1
63743511427686,2026-09-04T05:40:05+00:00,https://www.leckerschmecker.me/milchreis-mit-apfelkompott-a-b/63743511427686,Milchreis mit Apfelkompott: fruchtig duftende Nostalgie zum Frühstück,2026-09-04,2026-09-05,2,1
63743511488111,2026-09-04T05:45:43+00:00,https://www.leckerschmecker.me/gnocchi-in-gorgonzolasosse-a-c/63743511488111,Gnocchi in Gorgonzolasoße: cremiger Genuss für Käseliebhaber,2026-09-04,2026-09-05,2,1
63743511755046,2026-09-04T05:47:00+00:00,https://www.leckerschmecker.me/schwarzwaelder-kirsch-aufstrich/63743511755046,Mit diesem Aufstrich kannst du Kuchen zum Frühstück essen,2026-09-04,2026-09-04,1,1
63743511602170,2026-09-04T05:49:58+00:00,https://www.leckerschmecker.me/pflaumen-crumble-chiapudding-a-a/63743511602170,Dieses Frühstück ist ein süßer Spätsommer-Traum,2026-09-04,2026-09-05,2,1
63743511579534,2026-09-04T05:51:30+00:00,https://www.leckerschmecker.me/haferflocken-schnitzel-a-c/63743511579534,Haferflocken statt Fleisch: das etwas andere Schnitzel,2026-09-04,2026-09-05,2,1
63743511749813,2026-09-04T06:09:39+00:00,https://www.leckerschmecker.me/blumenkohl-kung-pao-sichuan/63743511749813,Blumenkohl Kung Pao: Sichuan-Klassiker mit Gemüse statt Fleisch,2026-09-04,2026-09-05,2,2
63743511750723,2026-09-04T06:09:40+00:00,https://www.leckerschmecker.me/veganes-omelett-mit-pfifferlingen-braucht/63743511750723,Dieses Omelett mit Pfifferlingen braucht kein Ei,2026-09-04,2026-09-05,2,2
63743511754957,2026-09-04T06:33:00+00:00,https://www.leckerschmecker.me/pflaumen-chia-pudding/63743511754957,Löffel für Löffel zum Herbstglück,2026-09-04,2026-09-04,1,1
63743511755024,2026-09-04T06:41:57+00:00,https://www.leckerschmecker.me/puddingbrezeln-aus-dem-airfryer-beliebten/63743511755024,Beliebten Bäckereisnack in der Heißluftfritteuse selbst machen,2026-09-04,2026-09-05,2,2
63743511739971,2026-09-04T07:22:42+00:00,https://www.leckerschmecker.me/jaegersosse-jaegerschnitzel/63743511739971,Jägersoße: So schmeckt sie wie früher,2026-09-04,2026-09-05,2,4
63743511753022,2026-09-04T07:34:00+00:00,https://www.leckerschmecker.me/flammkuchen-franzbroetchen/63743511753022,Backe das beste Gebäck zwischen Hamburg und dem Elsass,2026-09-04,2026-09-05,2,1
63743511754958,2026-09-04T08:18:00+00:00,https://www.leckerschmecker.me/schichtsalat/63743511754958,Klassischer Schichtsalat: Dieser bunte Retro-Klassiker darf auf keinem Büfett fehlen,2026-09-04,2026-09-04,1,1
63743511750053,2026-09-04T09:38:00+00:00,https://www.leckerschmecker.me/kartoffel-birnen-suppe/63743511750053,Klassiker mit fruchtigem Upgrade: Kartoffel-Birnen-Suppe,2026-09-04,2026-09-04,1,1
63743511368085,2026-09-04T09:53:00+00:00,https://www.leckerschmecker.me/sauerkraut-auflauf-hackfleisch-b-x/63743511368085,"Sauerkraut-Auflauf mit Hackfleisch, Schmand und Käse",2026-09-04,2026-09-06,3,1
63743511594724,2026-09-04T09:54:18+00:00,https://www.leckerschmecker.me/apfelschmarrn-a-a/63743511594724,"Der Herbst ist im Anmarsch und er bringt Apfelschmarrn mit Zimt, Butter und Liebe mit",2026-09-04,2026-09-06,3,1
63743511750114,2026-09-04T10:07:00+00:00,https://www.leckerschmecker.me/hackbaellchen-in-pfifferling-rahmsosse/63743511750114,Pfifferling-Liebe aus der Pfanne: mit Hackbällchen besonders lecker,2026-09-04,2026-09-04,1,1
63743511328998,2026-09-04T10:29:48+00:00,https://www.leckerschmecker.me/kartoffel-leberkaese-pfanne-a-h/63743511328998,Kartoffel-Leberkäse-Pfanne: Rezept für kreative Hausmannskost,2026-09-04,2026-09-06,3,1
63743511282342,2026-09-04T10:39:50+00:00,https://www.leckerschmecker.me/moehren-ingwer-suppe-a-a/63743511282342,Würzige Seelenwärmerin: Möhren-Ingwer-Suppe,2026-09-04,2026-09-06,3,1
63743511432460,2026-09-04T10:41:25+00:00,https://www.leckerschmecker.me/kuerbis-hackfleisch-pfanne-a-g/63743511432460,Kürbis-Hackfleisch-Pfanne: in nur 30 Minuten fertig,2026-09-04,2026-09-06,3,1
63743511250724,2026-09-04T10:43:24+00:00,https://www.leckerschmecker.me/avocado-hummus-a-c/63743511250724,Diesen Avocado-Hummus musst du probieren,2026-09-04,2026-09-06,3,1
63743511580296,2026-09-04T10:45:04+00:00,https://www.leckerschmecker.me/linsenkroketten-a-a/63743511580296,"Außen knusprig, innen würzig: Linsenkroketten selber machen",2026-09-04,2026-09-06,3,1
63743511747220,2026-09-04T10:45:36+00:00,https://www.leckerschmecker.me/schwarzwaelder-kirsch-pie-konkurrenz/63743511747220,Dieser Schwarzwälder-Kirsch-Pie macht dem Kuchenklassiker Konkurrenz,2026-09-04,2026-09-06,3,3
63743511590522,2026-09-04T10:49:37+00:00,https://www.leckerschmecker.me/apfel-pekannuss-kuchen-mit-streuseln-a-a/63743511590522,Passt perfekt in den Spätsommer: Apfel-Pekannuss-Kuchen mit Streuseln,2026-09-04,2026-09-06,3,1
63743511581830,2026-09-04T10:51:21+00:00,https://www.leckerschmecker.me/himbeer-crumble-riegel-a-a/63743511581830,Diese Himbeer-Riegel mit Crumble werden dein neues Lieblingsgebäck,2026-09-04,2026-09-06,3,1
63743511699406,2026-09-04T11:06:42+00:00,https://www.leckerschmecker.me/dry-yogurt-bowl-a-a/63743511699406,Diese Dry-Yogurt-Bowl ist das cremigste Frühstück aller Zeiten,2026-09-04,2026-09-06,3,1
63743511754967,2026-09-04T11:28:00+00:00,https://www.leckerschmecker.me/rote-bete-chips-aus-dem-airfryer/63743511754967,Gesund knabbern leicht gemacht: Rote-Bete-Chips frisch aus dem Airfryer,2026-09-04,2026-09-04,1,1
63743511747882,2026-09-04T12:51:40+00:00,https://www.leckerschmecker.me/veganer-spaghetti-pfifferling-auflauf-wohlfuehlgarantie/63743511747882,Dieser Auflauf bringt Wohlfühlgarantie aus dem Ofen direkt auf deinen Teller,2026-09-04,2026-09-06,3,3
63743511644390,2026-09-04T12:59:04+00:00,https://www.leckerschmecker.me/karamellisierte-champignon-pasta-a-c/63743511644390,Karamellisierte Champignon-Pasta: Weil Nudeln einfach glücklich machen,2026-09-04,2026-09-06,3,1
63743511407323,2026-09-04T13:08:45+00:00,https://www.leckerschmecker.me/selbstgemachter-senf-a-b/63743511407323,Selbstgemachter Senf: Würzpaste mit Pfiff,2026-09-04,2026-09-06,3,1
63743511750784,2026-09-04T13:32:36+00:00,https://www.leckerschmecker.me/pflaumen-spritz-prost/63743511750784,"Prost, du süße Pflaume! Sorge für lila Laune im Sektglas",2026-09-04,2026-09-06,3,2
63743511749865,2026-09-04T13:32:37+00:00,https://www.leckerschmecker.me/pfifferlinge-putzen-tipps/63743511749865,Pfifferlinge putzen: die besten Tipps und Tricks,2026-09-04,2026-09-06,3,2
63743511755190,2026-09-04T13:32:38+00:00,https://www.leckerschmecker.me/zwetschgen-linsen-tajine-verbindet/63743511755190,Diese Zwetschgen-Linsen-Tajine verbindet warme Gewürze mit spätsommerlicher Frucht,2026-09-04,2026-09-06,3,2
63743511749928,2026-09-04T13:32:39+00:00,https://www.leckerschmecker.me/amerikanischer-feigen-pie-amerikanischen/63743511749928,Dieser Feigen-Pie kommt aus dem amerikanischen Süden,2026-09-04,2026-09-06,3,2
63743511750081,2026-09-04T13:32:39+00:00,https://www.leckerschmecker.me/apfel-frangipane-tarte-sieht/63743511750081,Apfel-Frangipane-Tarte sieht nach französischer Patisserie aus,2026-09-04,2026-09-06,3,2
63743511754267,2026-09-04T13:53:00+00:00,https://www.leckerschmecker.me/vegane-pflaumen-marzipan-tarte/63743511754267,Vegane Pflaumen-Marzipan-Tarte: lila Kuchenwunder,2026-09-04,2026-09-05,2,1
63743511596048,2026-09-04T14:00:48+00:00,https://www.leckerschmecker.me/norddeutscher-schmandkuchen-a-b/63743511596048,Norddeutscher Schmandkuchen vom Blech,2026-09-04,2026-09-05,2,1
63743511754853,2026-09-04T14:31:00+00:00,https://www.leckerschmecker.me/winzer-hackbaellchen-mit-traubensosse/63743511754853,Diese Winzer-Hackbällchen mit Traubensoße schmecken nach gemütlicher Weinstube,2026-09-04,2026-09-05,2,1
63743511755831,2026-09-04T15:33:00+00:00,https://www.leckerschmecker.me/sharkninja-hot-september-deals-mediamarkt/63743511755831,Bis zu 50 Prozent sparen: Diese SharkNinja Hot September Deals bei MediaMarkt lohnen sich,2026-09-04,2026-09-06,3,1
63743511750444,2026-09-04T16:05:00+00:00,https://www.leckerschmecker.me/veganer-pfirsich-spinat-nudelsalat/63743511750444,Veganer Pfirsich-Spinat-Nudelsalat für alle am Tisch,2026-09-04,2026-09-05,2,1
63743511750147,2026-09-04T16:16:41+00:00,https://www.leckerschmecker.me/thailaendisches-pfirsich-haehnchen-suess/63743511750147,Diese süß-würzige Kombination musst du probieren,2026-09-04,2026-09-06,3,2
63743511750271,2026-09-04T17:26:00+00:00,https://www.leckerschmecker.me/zucchini-schinken-nudelauflauf/63743511750271,Mein liebstes Familienrezept für gemütliche Abende,2026-09-04,2026-09-06,3,1
63743511750133,2026-09-04T18:44:00+00:00,https://www.leckerschmecker.me/brokkoli-schinken-pfanne/63743511750133,Manchmal braucht man einfach nur eine Brokkoli-Schinken-Pfanne zum Feierabend,2026-09-05,2026-09-05,1,1
63743511754907,2026-09-04T19:23:00+00:00,https://www.leckerschmecker.me/pretzel-bites-aus-dem-airfryer/63743511754907,Brezel-Liebe im Kleinformat: Pretzel Bites aus dem Airfryer,2026-09-05,2026-09-05,1,1
63743511748019,2026-09-05T04:00:48+00:00,https://www.leckerschmecker.me/hackbaellchen-moehren-curry-familie/63743511748019,Dieses Hackbällchen-Möhren-Curry bringt die ganze Familie an einen Tisch,2026-09-05,2026-09-06,2,3
63743511747126,2026-09-05T04:00:49+00:00,https://www.leckerschmecker.me/honig-senf-kartoffeln-kartoffelrezept/63743511747126,"Das einfachste Kartoffelrezept aus dem Ofen: süß, würzig und unwiderstehlich",2026-09-05,2026-09-06,2,3
63743511755070,2026-09-05T05:03:00+00:00,https://www.leckerschmecker.me/pfifferling-scones/63743511755070,Verpasse deinen Scones ein Pfifferlings-Update,2026-09-05,2026-09-05,1,1
63743511754967,2026-09-05T05:32:42+00:00,https://www.leckerschmecker.me/rote-bete-chips-aus-dem-airfryer-gesund/63743511754967,Gesund knabbern leicht gemacht: Rote-Bete-Chips frisch aus dem Airfryer,2026-09-05,2026-09-05,1,2
63743511750114,2026-09-05T05:32:43+00:00,https://www.leckerschmecker.me/hackbaellchen-in-pfifferling-rahmsosse-liebe/63743511750114,Pfifferling-Liebe aus der Pfanne: mit Hackbällchen besonders lecker,2026-09-05,2026-09-06,2,2
63743511750053,2026-09-05T05:32:44+00:00,https://www.leckerschmecker.me/kartoffel-birnen-suppe-klassiker/63743511750053,Klassiker mit fruchtigem Upgrade: Kartoffel-Birnen-Suppe,2026-09-05,2026-09-06,2,2
63743511754875,2026-09-05T05:32:45+00:00,https://www.leckerschmecker.me/mandelcroissant-vom-blech-riesig/63743511754875,"Dieses Mandelcroissant vom Blech ist riesig, knusprig und voller Mandelcreme",2026-09-05,2026-09-06,2,2
63743511754958,2026-09-05T05:32:45+00:00,https://www.leckerschmecker.me/schichtsalat-klassischer/63743511754958,Klassischer Schichtsalat: Dieser bunte Retro-Klassiker darf auf keinem Büfett fehlen,2026-09-05,2026-09-06,2,2
63743511755729,2026-09-05T05:53:00+00:00,https://www.leckerschmecker.me/walnuss-schokocreme/63743511755729,"Walnuss-Schokocreme: nussig, schokoladig und herrlich aromatisch",2026-09-05,2026-09-06,2,1
63743511754957,2026-09-05T06:00:41+00:00,https://www.leckerschmecker.me/pflaumen-chia-pudding-loeffel/63743511754957,Löffel für Löffel zum Herbstglück,2026-09-05,2026-09-06,2,2
63743511755046,2026-09-05T06:00:42+00:00,https://www.leckerschmecker.me/schwarzwaelder-kirsch-aufstrich-kuchen/63743511755046,Mit diesem Aufstrich kannst du Kuchen zum Frühstück essen,2026-09-05,2026-09-06,2,2
63743511363811,2026-09-05T06:20:36+00:00,https://www.leckerschmecker.me/lachs-sahne-gratin-a-f/63743511363811,Fertig in nur 15 Minuten: dieses cremige Lachs-Sahne-Gratin,2026-09-05,2026-09-06,2,1
63743511503354,2026-09-05T06:28:23+00:00,https://www.leckerschmecker.me/haehnchen-champignon-gratin-a-e/63743511503354,Perfekt für den Abend: Hähnchen-Champignon-Gratin,2026-09-05,2026-09-06,2,1
63743511736234,2026-09-05T06:30:28+00:00,https://www.leckerschmecker.me/fliederbeerensuppe-a-a/63743511736234,Fliederbeerensuppe: norddeutsches Spätsommer-Rezept,2026-09-05,2026-09-06,2,3
63743511755761,2026-09-05T06:41:00+00:00,https://www.leckerschmecker.me/winzerfladen/63743511755761,Winzerfladen machen aus Weintrauben ein herzhaftes Ofengericht,2026-09-05,2026-09-06,2,1
63743511750797,2026-09-05T06:58:42+00:00,https://www.leckerschmecker.me/schwarzwaelder-rolls-lecker/63743511750797,Schwarzwälder Rolls: So lecker war der Tortenklassiker noch nie,2026-09-05,2026-09-06,2,2
63743511747206,2026-09-05T06:58:44+00:00,https://www.leckerschmecker.me/haehnchen-zucchini-eintopf-trifft/63743511747206,Hähnchen-Zucchini-Eintopf: Hühnersuppe trifft Sommergemüse,2026-09-05,2026-09-06,2,3
63743511755807,2026-09-05T07:36:00+00:00,https://www.leckerschmecker.me/blaubeer-kaesekuchen-aus-dem-airfryer/63743511755807,Backe dir einen fruchtigen Käsekuchen aus dem Airfryer,2026-09-05,2026-09-05,1,1
63743511755217,2026-09-05T08:14:00+00:00,https://www.leckerschmecker.me/kartoffel-quark-knoedel-mit-zwetschgen/63743511755217,Vegan und saisonal: Kartoffel-Quark-Knödel mit Zwetschgen,2026-09-05,2026-09-05,1,1
63743511465387,2026-09-05T08:54:29+00:00,https://www.leckerschmecker.me/graupensuppe-mit-kartoffeln-a-a-hausmannskost/63743511465387,"Graupensuppe mit Kartoffeln: Hausmannskost, die einfach schmeckt",2026-09-06,2026-09-06,1,2
63743511752812,2026-09-05T10:09:00+00:00,https://www.leckerschmecker.me/chili-tahini-nudeln/63743511752812,"Chili-Tahini-Nudeln: cremig, scharf und blitzschnell gemacht",2026-09-06,2026-09-06,1,1
63743511755474,2026-09-05T11:33:00+00:00,https://www.leckerschmecker.me/bananen-schoko-cookies/63743511755474,Krümeln ausdrücklich erlaubt: Bananen-Schoko-Cookies,2026-09-06,2026-09-07,2,1
63743511747527,2026-09-05T12:51:28+00:00,https://www.leckerschmecker.me/maultaschen-pfifferling-auflauf-kaese/63743511747527,"Maultaschen, Pfifferlinge und Käse geben einen Vorgeschmack auf den Herbst",2026-09-06,2026-09-07,2,3
63743511750133,2026-09-05T13:27:25+00:00,https://www.leckerschmecker.me/brokkoli-schinken-pfanne-manchmal/63743511750133,Manchmal braucht man einfach nur eine Brokkoli-Schinken-Pfanne zum Feierabend,2026-09-06,2026-09-07,2,2
63743511750444,2026-09-05T13:27:26+00:00,https://www.leckerschmecker.me/veganer-pfirsich-spinat-nudelsalat-fuer/63743511750444,Veganer Pfirsich-Spinat-Nudelsalat für alle am Tisch,2026-09-06,2026-09-07,2,2
63743511754853,2026-09-05T13:27:27+00:00,https://www.leckerschmecker.me/winzer-hackbaellchen-mit-traubensosse-schmecken/63743511754853,Diese Winzer-Hackbällchen mit Traubensoße schmecken nach gemütlicher Weinstube,2026-09-06,2026-09-07,2,2
63743511754267,2026-09-05T13:27:28+00:00,https://www.leckerschmecker.me/vegane-pflaumen-marzipan-tarte-lila/63743511754267,Vegane Pflaumen-Marzipan-Tarte: lila Kuchenwunder,2026-09-06,2026-09-07,2,2
63743511748906,2026-09-05T13:53:00+00:00,https://www.leckerschmecker.me/schwarzer-sesam-chiffon-kuchen/63743511748906,Dieser Sesam Chiffon-Kuchen ist ein echter Showstopper,2026-09-06,2026-09-06,1,1
63743511589812,2026-09-05T14:13:40+00:00,https://www.leckerschmecker.me/moehrensuppe-mit-curry-a-a-fuer/63743511589812,Möhrensuppe mit Curry: Löffel dich glücklich,2026-09-06,2026-09-07,2,3
63743511755495,2026-09-05T14:36:00+00:00,https://www.leckerschmecker.me/kartoffel-pilz-gulasch/63743511755495,Kartoffel-Pilz-Gulasch: veganes Wohlfühlessen für die ersten kalten Septembertage,2026-09-06,2026-09-07,2,1
63743511755065,2026-09-05T15:39:00+00:00,https://www.leckerschmecker.me/gefuellte-burgerbroetchen-airfryer/63743511755065,Burger mal anders: gefüllte Burgerbrötchen aus dem Airfryer,2026-09-06,2026-09-07,2,1
63743511754907,2026-09-05T15:59:40+00:00,https://www.leckerschmecker.me/pretzel-bites-aus-dem-airfryer-brezel/63743511754907,Brezel-Liebe im Kleinformat: Pretzel Bites aus dem Airfryer,2026-09-06,2026-09-07,2,2
63743511754988,2026-09-05T16:09:00+00:00,https://www.leckerschmecker.me/baingan-bharta/63743511754988,"Das indische Schmorgericht, das Auberginen neu erfindet",2026-09-06,2026-09-06,1,1
63743511755106,2026-09-05T17:31:00+00:00,https://www.leckerschmecker.me/kartoffel-tarte-tatin/63743511755106,Kartoffel-Tarte-Tatin: Dieses herzhafte Rezept wird kopfüber zum Lieblingsgericht,2026-09-06,2026-09-06,1,1
63743511755170,2026-09-05T18:49:00+00:00,https://www.leckerschmecker.me/haehnchen-vesuvio/63743511755170,"Warum Chicago, Hähnchenfleisch und der Vesuv mehr gemeinsam haben, als du denkst",2026-09-06,2026-09-06,1,1
63743511755064,2026-09-05T19:22:00+00:00,https://www.leckerschmecker.me/zucchini-haehnchen-lasagne/63743511755064,Meine liebste Lasagne-Variante: Zucchini mit Hähnchen und Ricotta,2026-09-06,2026-09-07,2,1
63743511755024,2026-09-06T04:15:43+00:00,https://www.leckerschmecker.me/puddingbrezeln-aus-dem-airfryer-baeckereisnack/63743511755024,Beliebten Bäckereisnack in der Heißluftfritteuse selbst machen,2026-09-06,2026-09-06,1,3
63743511747470,2026-09-06T04:15:44+00:00,https://www.leckerschmecker.me/gebackener-blumenkohl-aus-dem-airfryer-unwiderstehlich/63743511747470,Mit diesem Rezept wird Blumenkohl unwiderstehlich lecker,2026-09-06,2026-09-07,2,3
63743511755625,2026-09-06T05:07:00+00:00,https://www.leckerschmecker.me/quark-rohkost-bowl-mit-leinoel/63743511755625,Cremig und voller Biss: Mit dieser Rohkost-Bowl startest du frisch in den Tag,2026-09-06,2026-09-06,1,1
63743511754973,2026-09-06T05:37:42+00:00,https://www.leckerschmecker.me/vegane-topfenknoedel-mit-zwetschgenroester-aussen/63743511754973,"Außen Brösel, innen Knödel: So machst du vegane Topfenknödel mit Zwetschgenröster",2026-09-06,2026-09-07,2,1
63743511755217,2026-09-06T05:37:43+00:00,https://www.leckerschmecker.me/kartoffel-quark-knoedel-mit-zwetschgen-vegan/63743511755217,Vegan und saisonal: Kartoffel-Quark-Knödel mit Zwetschgen,2026-09-06,2026-09-07,2,2
63743511755807,2026-09-06T05:37:44+00:00,https://www.leckerschmecker.me/blaubeer-kaesekuchen-aus-dem-airfryer-backe/63743511755807,Backe dir einen fruchtigen Käsekuchen aus dem Airfryer,2026-09-06,2026-09-07,2,2
63743511755070,2026-09-06T05:37:45+00:00,https://www.leckerschmecker.me/pfifferling-scones-verpasse/63743511755070,Verpasse deinen Scones ein Pfifferlings-Update,2026-09-06,2026-09-07,2,2
63743511755602,2026-09-06T05:51:00+00:00,https://www.leckerschmecker.me/tofu-fruehstuecks-muffins/63743511755602,Verwandle Tofu in ein herzhaftes Frühstück,2026-09-06,2026-09-06,1,1
63743511755706,2026-09-06T06:36:00+00:00,https://www.leckerschmecker.me/huettenkaese-broetchen-ohne-mehl/63743511755706,Hüttenkäse statt Mehl: Backe dir schnelle Brötchen zum Frühstück,2026-09-06,2026-09-07,2,1
63743511398163,2026-09-06T06:38:14+00:00,https://www.leckerschmecker.me/apfelgelee-a-c/63743511398163,Apfelgelee selber machen: geballte Apfelpower im Glas,2026-09-06,2026-09-07,2,1
63743511578521,2026-09-06T06:43:58+00:00,https://www.leckerschmecker.me/marillenknoedel-dessert-im-glas-a-b/63743511578521,So machst du aus Marillenknödeln ein Dessert im Glas,2026-09-06,2026-09-07,2,1
63743511602631,2026-09-06T06:52:42+00:00,https://www.leckerschmecker.me/skyr-waffeln-a-a-rezept/63743511602631,"Skyr-Waffeln: luftig, lecker, voller Protein",2026-09-06,2026-09-07,2,3
63743511509732,2026-09-06T06:52:43+00:00,https://www.leckerschmecker.me/thunfisch-ofenkartoffeln-a-a-verliebe/63743511509732,Verliebe dich in diese überbackenen Thunfisch-Ofenkartoffeln mit Käse,2026-09-06,2026-09-07,2,2
63743511753022,2026-09-06T07:27:36+00:00,https://www.leckerschmecker.me/flammkuchen-franzbroetchen-backe/63743511753022,Backe das beste Gebäck zwischen Hamburg und dem Elsass,2026-09-06,2026-09-07,2,2
63743511755887,2026-09-06T07:33:00+00:00,https://www.leckerschmecker.me/kiefernnadel-soda/63743511755887,Diese Limonade kommt aus der Natur,2026-09-06,2026-09-06,1,1
63743511581644,2026-09-06T07:38:47+00:00,https://www.leckerschmecker.me/puffreis-schnitten-a-c/63743511581644,Puffreis-Schnitten aus nur 2 Zutaten selber machen,2026-09-06,2026-09-06,1,1
63743511755812,2026-09-06T08:21:00+00:00,https://www.leckerschmecker.me/butternut-salat-mit-granatapfel/63743511755812,Schon Lust auf Kürbis? Wir haben einen Butternut-Salat mit Granatapfel für dich,2026-09-06,2026-09-06,1,1
63743511754967,2026-09-06T08:42:32+00:00,https://www.leckerschmecker.me/rote-bete-chips-aus-dem-airfryer-knabbern/63743511754967,Gesund knabbern leicht gemacht: Rote-Bete-Chips frisch aus dem Airfryer,2026-09-06,2026-09-07,2,3
63743511596048,2026-09-06T08:42:33+00:00,https://www.leckerschmecker.me/norddeutscher-schmandkuchen-a-b-blech/63743511596048,Norddeutscher Schmandkuchen vom Blech,2026-09-06,2026-09-07,2,2
63743511755641,2026-09-06T09:53:00+00:00,https://www.leckerschmecker.me/gorgonzola-birnen-quiche/63743511755641,"Würzig, fruchtig, herbstlich: Diese Quiche bringt Wohlfühlatmospähre auf den Tisch",2026-09-06,2026-09-06,1,1
63743511755731,2026-09-06T10:04:00+00:00,https://www.leckerschmecker.me/spinat-hack-calzone/63743511755731,Knusprige Spinat-Hack-Calzone: Dieses einfache Rezept begeistert Pizza-Fans,2026-09-06,2026-09-08,3,1
63743511752812,2026-09-06T10:56:35+00:00,https://www.leckerschmecker.me/chili-tahini-nudeln-cremig/63743511752812,"Chili-Tahini-Nudeln: cremig, scharf und blitzschnell gemacht",2026-09-06,2026-09-07,2,2
63743511755180,2026-09-06T11:31:00+00:00,https://www.leckerschmecker.me/mini-zwiebelkuchen-aus-blaetterteig/63743511755180,Diese Mini-Zwiebelkuchen aus Blätterteig werden im Airfryer goldbraun und knusprig,2026-09-06,2026-09-07,2,1
63743511747220,2026-09-06T11:33:34+00:00,https://www.leckerschmecker.me/schwarzwaelder-kirsch-pie-knuspriger/63743511747220,Dieser Schwarzwälder-Kirsch-Pie macht dem Kuchenklassiker Konkurrenz,2026-09-06,2026-09-08,3,4
63743511755170,2026-09-06T13:37:29+00:00,https://www.leckerschmecker.me/haehnchen-vesuvio-chicago/63743511755170,"Warum Chicago, Hähnchenfleisch und der Vesuv mehr gemeinsam haben, als du denkst",2026-09-06,2026-09-08,3,2
63743511755106,2026-09-06T13:37:30+00:00,https://www.leckerschmecker.me/kartoffel-tarte-tatin-herzhafte/63743511755106,Kartoffel-Tarte-Tatin: Dieses herzhafte Rezept wird kopfüber zum Lieblingsgericht,2026-09-06,2026-09-08,3,2
63743511748906,2026-09-06T13:37:31+00:00,https://www.leckerschmecker.me/schwarzer-sesam-chiffon-kuchen-echter/63743511748906,Dieser Sesam Chiffon-Kuchen ist ein echter Showstopper,2026-09-06,2026-09-08,3,2
63743511755917,2026-09-06T13:54:00+00:00,https://www.leckerschmecker.me/snickers-kuchen-vom-blech/63743511755917,"Du bist nicht du, wenn du Kuchenhunger hast – dieses Gebäck rettet dir den Tag",2026-09-06,2026-09-08,3,1
63743511755290,2026-09-06T14:33:00+00:00,https://www.leckerschmecker.me/schoko-pflaumen-muffins/63743511755290,Schokolade trifft Pflaume: Diese Muffins musst du probieren,2026-09-06,2026-09-07,2,1
63743511755542,2026-09-06T15:31:00+00:00,https://www.leckerschmecker.me/schweinefilet-mit-apfel-senf-sosse/63743511755542,Dieses Schweinefilet mit Apfel-Senf-Soße bringt Frucht in die herzhafte Küche,2026-09-06,2026-09-08,3,1
63743511750271,2026-09-06T15:36:43+00:00,https://www.leckerschmecker.me/zucchini-schinken-nudelauflauf-liebstes/63743511750271,Mein liebstes Familienrezept für gemütliche Abende,2026-09-06,2026-09-08,3,2
63743511756019,2026-09-06T16:03:00+00:00,https://www.leckerschmecker.me/pfifferling-ricotta-ravioli/63743511756019,Warum Pasta und Pfifferlinge das neue Traumpaar sind,2026-09-06,2026-09-06,1,1
63743511755162,2026-09-06T17:24:00+00:00,https://www.leckerschmecker.me/langos-mit-pfifferlingen/63743511755162,Herbst auf die ungarische Art: Langos mit Pfifferlingen,2026-09-06,2026-09-07,2,1
63743511755550,2026-09-06T18:31:00+00:00,https://www.leckerschmecker.me/kartoffel-pilz-tarte/63743511755550,Kartoffel-Pilz-Tarte mit knusprigem Rand und herzhafter Füllung,2026-09-07,2026-09-07,1,1
63743511755789,2026-09-06T19:13:00+00:00,https://www.leckerschmecker.me/ananas-jalapeno-margarita/63743511755789,Lass tropische Süße und feurige Schärfe harmonisch aufeinandertreffen,2026-09-07,2026-09-07,1,1
63743511552582,2026-09-06T20:26:45+00:00,https://www.leckerschmecker.me/asiatische-zucchini-champignon-pfanne-a-d/63743511552582,Heutiges Tagesgericht: asiatische Zucchini-Champignon-Pfanne,2026-09-07,2026-09-08,2,4
63743511747206,2026-09-07T04:16:48+00:00,https://www.leckerschmecker.me/haehnchen-zucchini-eintopf-sommergemuese/63743511747206,Hähnchen-Zucchini-Eintopf: Hühnersuppe trifft Sommergemüse,2026-09-07,2026-09-08,2,4
63743511750797,2026-09-07T04:16:49+00:00,https://www.leckerschmecker.me/schwarzwaelder-rolls-tortenklassiker/63743511750797,Schwarzwälder Rolls: So lecker war der Tortenklassiker noch nie,2026-09-07,2026-09-08,2,3
63743511755761,2026-09-07T04:16:50+00:00,https://www.leckerschmecker.me/winzerfladen-weintrauben/63743511755761,Winzerfladen machen aus Weintrauben ein herzhaftes Ofengericht,2026-09-07,2026-09-08,2,2
63743511594724,2026-09-07T04:16:51+00:00,https://www.leckerschmecker.me/apfelschmarrn-a-a-herbst/63743511594724,"Der Herbst ist im Anmarsch und er bringt Apfelschmarrn mit Zimt, Butter und Liebe mit",2026-09-07,2026-09-08,2,2
63743511747439,2026-09-07T04:16:52+00:00,https://www.leckerschmecker.me/kartoffel-pilz-pfanne-cremig/63743511747439,Leckeres Pfannenglück: Diese Kartoffel-Pilz-Pfanne ist cremig-würzig,2026-09-07,2026-09-08,2,4
63743511755865,2026-09-07T05:02:00+00:00,https://www.leckerschmecker.me/zimtschnecken-toastroellchen/63743511755865,"Knusprige Zimthülle, cremige Füllung: Diese Toaströllchen schmecken wie Zimtschnecken",2026-09-07,2026-09-08,2,1
63743511575410,2026-09-07T05:23:08+00:00,https://www.leckerschmecker.me/zucchini-buttermilch-broetchen-a-b/63743511575410,Dieses Brötchen-Rezept macht Zucchini zum Star deiner Küche,2026-09-07,2026-09-08,2,1
63743511755641,2026-09-07T05:28:41+00:00,https://www.leckerschmecker.me/gorgonzola-birnen-quiche-wuerzig/63743511755641,"Würzig, fruchtig, herbstlich: Diese Quiche bringt Wohlfühlatmospähre auf den Tisch",2026-09-07,2026-09-08,2,2
63743511755812,2026-09-07T05:28:42+00:00,https://www.leckerschmecker.me/butternut-salat-mit-granatapfel-lust/63743511755812,Schon Lust auf Kürbis? Wir haben einen Butternut-Salat mit Granatapfel für dich,2026-09-07,2026-09-08,2,2
63743511755602,2026-09-07T05:28:43+00:00,https://www.leckerschmecker.me/tofu-fruehstuecks-muffins-verwandle/63743511755602,Verwandle Tofu in ein herzhaftes Frühstück,2026-09-07,2026-09-08,2,2
63743511755887,2026-09-07T05:28:43+00:00,https://www.leckerschmecker.me/kiefernnadel-soda-limonade/63743511755887,Diese Limonade kommt aus der Natur,2026-09-07,2026-09-08,2,2
63743511755625,2026-09-07T05:28:44+00:00,https://www.leckerschmecker.me/quark-rohkost-bowl-mit-leinoel-cremig/63743511755625,Cremig und voller Biss: Mit dieser Rohkost-Bowl startest du frisch in den Tag,2026-09-07,2026-09-08,2,2
63743511755900,2026-09-07T05:43:00+00:00,https://www.leckerschmecker.me/pflaumentaschen-mit-zimt/63743511755900,Back dir Taschen voller Pflaumenliebe,2026-09-07,2026-09-07,1,1
63743511755791,2026-09-07T06:36:00+00:00,https://www.leckerschmecker.me/hong-kong-iced-tea/63743511755791,Sprite trifft Schwarztee: So einfach machst du den viralen Hong Kong Iced Tea,2026-09-07,2026-09-07,1,1
63743511755024,2026-09-07T06:44:48+00:00,https://www.leckerschmecker.me/puddingbrezeln-aus-dem-airfryer-heissluftfritteuse/63743511755024,Beliebten Bäckereisnack in der Heißluftfritteuse selbst machen,2026-09-07,2026-09-08,2,4
63743511754988,2026-09-07T06:44:49+00:00,https://www.leckerschmecker.me/baingan-bharta-indische/63743511754988,"Das indische Schmorgericht, das Auberginen neu erfindet",2026-09-07,2026-09-08,2,2
63743511755050,2026-09-07T07:21:00+00:00,https://www.leckerschmecker.me/kardamom-knoten-mit-pistazien-honig-glasur/63743511755050,Kardamom-Knoten mit Pistazien-Honig-Glasur aus dem Airfryer,2026-09-07,2026-09-07,1,1
63743511465387,2026-09-07T07:22:44+00:00,https://www.leckerschmecker.me/graupensuppe-mit-kartoffeln-a-a-einfach/63743511465387,"Graupensuppe mit Kartoffeln: Hausmannskost, die einfach schmeckt",2026-09-07,2026-09-08,2,3
63743511748019,2026-09-07T07:22:45+00:00,https://www.leckerschmecker.me/hackbaellchen-moehren-curry-tisch/63743511748019,Dieses Hackbällchen-Möhren-Curry bringt die ganze Familie an einen Tisch,2026-09-07,2026-09-08,2,4
63743511755729,2026-09-07T07:22:45+00:00,https://www.leckerschmecker.me/walnuss-schokocreme-nussig/63743511755729,"Walnuss-Schokocreme: nussig, schokoladig und herrlich aromatisch",2026-09-07,2026-09-08,2,2
63743511756284,2026-09-07T08:14:00+00:00,https://www.leckerschmecker.me/tofu-saltimbocca/63743511756284,Dieses Tofu-Saltimbocca bringt den italienischen Klassiker vegan in die Pfanne,2026-09-07,2026-09-07,1,1
63743511747126,2026-09-07T08:18:38+00:00,https://www.leckerschmecker.me/honig-senf-kartoffeln-ofen/63743511747126,"Das einfachste Kartoffelrezept aus dem Ofen: süß, würzig und unwiderstehlich",2026-09-07,2026-09-08,2,4
63743511756019,2026-09-07T08:56:40+00:00,https://www.leckerschmecker.me/pfifferling-ricotta-ravioli-pasta/63743511756019,Warum Pasta und Pfifferlinge das neue Traumpaar sind,2026-09-07,2026-09-08,2,2
63743511581644,2026-09-07T08:56:41+00:00,https://www.leckerschmecker.me/puffreis-schnitten-a-c-zutaten/63743511581644,Puffreis-Schnitten aus nur 2 Zutaten selber machen,2026-09-07,2026-09-08,2,2
63743511481500,2026-09-07T09:02:44+00:00,https://www.leckerschmecker.me/schweinefilet-mit-karamellisierten-zwiebeln-und-speck-a-c/63743511481500,Deftiges Wohlfühlgericht: Schweinefilet mit karamellisierten Zwiebeln und Speck,2026-09-07,2026-09-08,2,1
63743511749667,2026-09-07T09:29:00+00:00,https://www.leckerschmecker.me/zucchini-garnelen-maissuppe/63743511749667,Zucchini-Garnelen-Maissuppe: Lässt dich noch den Sommer schmecken!,2026-09-07,2026-09-07,1,1
63743511680326,2026-09-07T09:47:19+00:00,https://www.leckerschmecker.me/cheeseburger-schnecken-aus-dem-airfryer-a-a/63743511680326,"Was kommt raus, wenn sich Pizzaschnecken und Cheeseburger im Airfryer treffen?",2026-09-07,2026-09-09,3,1
63743511756311,2026-09-07T10:05:00+00:00,https://www.leckerschmecker.me/vegane-kaesepolenta-mit-kichererbsen/63743511756311,Ein kinderleichtes Wohlfühlgericht voller würziger Cremigkeit,2026-09-07,2026-09-07,1,1
63743511755180,2026-09-07T10:46:38+00:00,https://www.leckerschmecker.me/mini-zwiebelkuchen-aus-blaetterteig-airfryer/63743511755180,Diese Mini-Zwiebelkuchen aus Blätterteig werden im Airfryer goldbraun und knusprig,2026-09-07,2026-09-08,2,2
63743511753022,2026-09-07T10:46:39+00:00,https://www.leckerschmecker.me/flammkuchen-franzbroetchen-beste/63743511753022,Backe das beste Gebäck zwischen Hamburg und dem Elsass,2026-09-07,2026-09-09,3,3
63743511654549,2026-09-07T10:56:25+00:00,https://www.leckerschmecker.me/flammkuchen-mit-zucchini-champignons-und-speck-a-b/63743511654549,"Bevor die Zucchini-Saison endet, musst du diesen Flammkuchen damit backen",2026-09-07,2026-09-09,3,2
63743511756318,2026-09-07T11:21:00+00:00,https://www.leckerschmecker.me/gyoza-aus-dem-airfryer/63743511756318,Knusperalarm aus dem Airfryer,2026-09-07,2026-09-07,1,1
63743511532262,2026-09-07T12:47:14+00:00,https://www.leckerschmecker.me/vegane-nudeln-mit-tahini-sosse-a-a/63743511532262,So geht cremiger und frischer Pasta-Genuss: Tahini ist die Geheimzutat,2026-09-07,2026-09-09,3,1
63743511755789,2026-09-07T13:32:35+00:00,https://www.leckerschmecker.me/ananas-jalapeno-margarita-lass/63743511755789,Lass tropische Süße und feurige Schärfe harmonisch aufeinandertreffen,2026-09-07,2026-09-09,3,2
63743511755550,2026-09-07T13:32:36+00:00,https://www.leckerschmecker.me/kartoffel-pilz-tarte-knusprigem/63743511755550,Kartoffel-Pilz-Tarte mit knusprigem Rand und herzhafter Füllung,2026-09-07,2026-09-09,3,2
63743511755162,2026-09-07T13:32:37+00:00,https://www.leckerschmecker.me/langos-mit-pfifferlingen-herbst/63743511755162,Herbst auf die ungarische Art: Langos mit Pfifferlingen,2026-09-07,2026-09-09,3,2
63743511755290,2026-09-07T13:32:38+00:00,https://www.leckerschmecker.me/schoko-pflaumen-muffins-schokolade/63743511755290,Schokolade trifft Pflaume: Diese Muffins musst du probieren,2026-09-07,2026-09-09,3,2
63743511755831,2026-09-07T13:36:47+00:00,https://www.leckerschmecker.me/sharkninja-hot-september-deals-mediamarkt-a-b/63743511755831,Bis zu 50 Prozent reduziert: Diese SharkNinja Deals bei MediaMarkt lohnen sich wirklich,2026-09-07,2026-09-08,2,2
63743511511136,2026-09-07T13:38:00+00:00,https://www.leckerschmecker.me/schoko-kirsch-kuchen-vom-blech-a-d/63743511511136,Ist und bleibt ein Familienklassiker: Schokoladen-Blechkuchen mit Kirschen,2026-09-07,2026-09-09,3,1
63743511605404,2026-09-07T13:41:04+00:00,https://www.leckerschmecker.me/apfelsorten-a-a/63743511605404,Apfel ist nicht gleich Apfel: So unterscheiden sie die gängigsten Sorten,2026-09-07,2026-09-09,3,1
63743511591465,2026-09-07T13:47:04+00:00,https://www.leckerschmecker.me/hessischer-schmandkuchen-vom-blech-a-b/63743511591465,"So saftig, dass du direkt im Kuchenhimmel landest: Schmand macht den großen Unterschied",2026-09-07,2026-09-09,3,1
63743511755786,2026-09-07T13:56:00+00:00,https://www.leckerschmecker.me/cuppa-cuppa-cuppa-cake/63743511755786,Amerikanischer Cuppa Cuppa Cuppa Cake à la Dolly Parton,2026-09-07,2026-09-09,3,1
63743511437070,2026-09-07T14:05:58+00:00,https://www.leckerschmecker.me/birnen-quark-kuchen-a-c/63743511437070,Birnen-Quark-Kuchen: fruchtig-frischer Kuchengenuss,2026-09-07,2026-09-09,3,1
63743511755495,2026-09-07T14:06:46+00:00,https://www.leckerschmecker.me/kartoffel-pilz-gulasch-veganes/63743511755495,Kartoffel-Pilz-Gulasch: veganes Wohlfühlessen für die ersten kalten Septembertage,2026-09-07,2026-09-09,3,2
63743511756383,2026-09-07T14:43:00+00:00,https://www.leckerschmecker.me/kaiserschmarrn-waffeln-mit-zwetschgenroester/63743511756383,Flaumige Herbst-Rebellion: Kaiserschmarrn-Waffeln mit Zwetschgenröster,2026-09-07,2026-09-08,2,1
63743511752812,2026-09-07T14:48:47+00:00,https://www.leckerschmecker.me/chili-tahini-nudeln-scharf/63743511752812,"Chili-Tahini-Nudeln: cremig, scharf und blitzschnell gemacht",2026-09-07,2026-09-09,3,3
63743511756509,2026-09-07T15:24:00+00:00,https://www.leckerschmecker.me/champignon-lauch-galette/63743511756509,Champignon-Lauch-Galette: herbstliche Gemütlichkeit auf dem Teller,2026-09-07,2026-09-09,3,1
63743511756700,2026-09-07T16:02:00+00:00,https://www.leckerschmecker.me/tomaten-ricotta-crepes/63743511756700,Tomaten-Ricotta-Crêpes holen ein letztes Stückchen Restsommer in die Pfanne,2026-09-07,2026-09-08,2,1
63743511563161,2026-09-07T16:16:51+00:00,https://www.leckerschmecker.me/pfifferling-flammkuchen-mit-speck-a-b/63743511563161,Diesen Pfifferling-Flammkuchen mit Speck musst du probieren!,2026-09-07,2026-09-09,3,1
63743511750195,2026-09-07T17:18:00+00:00,https://www.leckerschmecker.me/pflaumen-griess-muffins/63743511750195,Ein Muffinblech voller Herbstaromen,2026-09-07,2026-09-08,2,1
63743511755064,2026-09-07T18:12:51+00:00,https://www.leckerschmecker.me/zucchini-haehnchen-lasagne-liebste/63743511755064,Meine liebste Lasagne-Variante: Zucchini mit Hähnchen und Ricotta,2026-09-07,2026-09-08,2,2
63743511747527,2026-09-07T19:26:45+00:00,https://www.leckerschmecker.me/maultaschen-pfifferling-auflauf-geben/63743511747527,"Maultaschen, Pfifferlinge und Käse geben einen Vorgeschmack auf den Herbst",2026-09-08,2026-09-09,2,4
63743511755706,2026-09-08T04:12:48+00:00,https://www.leckerschmecker.me/huettenkaese-broetchen-ohne-mehl-backe/63743511755706,Hüttenkäse statt Mehl: Backe dir schnelle Brötchen zum Frühstück,2026-09-08,2026-09-09,2,2
63743511755217,2026-09-08T04:12:49+00:00,https://www.leckerschmecker.me/kartoffel-quark-knoedel-mit-zwetschgen-saisonal/63743511755217,Vegan und saisonal: Kartoffel-Quark-Knödel mit Zwetschgen,2026-09-08,2026-09-09,2,3
63743511755065,2026-09-08T04:12:50+00:00,https://www.leckerschmecker.me/gefuellte-burgerbroetchen-airfryer-burger/63743511755065,Burger mal anders: gefüllte Burgerbrötchen aus dem Airfryer,2026-09-08,2026-09-09,2,2
63743511754958,2026-09-08T04:12:51+00:00,https://www.leckerschmecker.me/schichtsalat-bunte/63743511754958,Klassischer Schichtsalat: Dieser bunte Retro-Klassiker darf auf keinem Büfett fehlen,2026-09-08,2026-09-09,2,3
63743511756277,2026-09-08T05:01:00+00:00,https://www.leckerschmecker.me/birnen-zimt-skyr-bowl/63743511756277,Birnen-Zimt-Skyr-Bowl bringt warmes Obst auf den Frühstückstisch,2026-09-08,2026-09-09,2,1
63743511756311,2026-09-08T05:27:37+00:00,https://www.leckerschmecker.me/vegane-kaesepolenta-mit-kichererbsen-kinderleichtes/63743511756311,Ein kinderleichtes Wohlfühlgericht voller würziger Cremigkeit,2026-09-08,2026-09-09,2,2
63743511749667,2026-09-08T05:27:39+00:00,https://www.leckerschmecker.me/zucchini-garnelen-maissuppe-laesst/63743511749667,Zucchini-Garnelen-Maissuppe: Lässt dich noch den Sommer schmecken!,2026-09-08,2026-09-09,2,2
63743511756284,2026-09-08T05:27:40+00:00,https://www.leckerschmecker.me/tofu-saltimbocca-bringt/63743511756284,Dieses Tofu-Saltimbocca bringt den italienischen Klassiker vegan in die Pfanne,2026-09-08,2026-09-09,2,2
63743511755050,2026-09-08T05:27:41+00:00,https://www.leckerschmecker.me/kardamom-knoten-mit-pistazien-honig-glasur-airfryer/63743511755050,Kardamom-Knoten mit Pistazien-Honig-Glasur aus dem Airfryer,2026-09-08,2026-09-09,2,2
63743511755900,2026-09-08T05:27:42+00:00,https://www.leckerschmecker.me/pflaumentaschen-mit-zimt-back/63743511755900,Back dir Taschen voller Pflaumenliebe,2026-09-08,2026-09-09,2,2
63743511748400,2026-09-08T05:44:00+00:00,https://www.leckerschmecker.me/croque-monsieur-auflauf/63743511748400,Sag &#8218;Bonjour&#8216; zu unserem Croque-Monsieur-Auflauf,2026-09-08,2026-09-09,2,1
63743511586191,2026-09-08T05:59:10+00:00,https://www.leckerschmecker.me/thunfisch-eiersalat-a-c/63743511586191,Blitzrezept: Thunfisch-Eiersalat in nur 20 Minuten,2026-09-08,2026-09-09,2,1
63743511756318,2026-09-08T06:10:40+00:00,https://www.leckerschmecker.me/gyoza-aus-dem-airfryer-knusperalarm/63743511756318,Knusperalarm aus dem Airfryer,2026-09-08,2026-09-09,2,2
63743511755791,2026-09-08T06:10:41+00:00,https://www.leckerschmecker.me/hong-kong-iced-tea-sprite/63743511755791,Sprite trifft Schwarztee: So einfach machst du den viralen Hong Kong Iced Tea,2026-09-08,2026-09-09,2,2
63743511756407,2026-09-08T06:37:00+00:00,https://www.leckerschmecker.me/bananen-cookies-mit-weisser-schokolade-aus-dem-airfryer/63743511756407,Lust auf Cookies? Probiere diese Variante mit Banane und weißer Schokolade,2026-09-08,2026-09-08,1,1
63743511756358,2026-09-08T07:22:00+00:00,https://www.leckerschmecker.me/pausenbrot/63743511756358,Vom Butterbrot zur Bento-Box: So hat sich das Pausenessen verändert,2026-09-08,2026-09-08,1,1
63743511596048,2026-09-08T07:34:40+00:00,https://www.leckerschmecker.me/norddeutscher-schmandkuchen-a-b-wochenende/63743511596048,Norddeutscher Schmandkuchen vom Blech,2026-09-08,2026-09-09,2,3
63743511747470,2026-09-08T07:34:41+00:00,https://www.leckerschmecker.me/gebackener-blumenkohl-aus-dem-airfryer-lecker/63743511747470,Mit diesem Rezept wird Blumenkohl unwiderstehlich lecker,2026-09-08,2026-09-09,2,4
63743511756762,2026-09-08T08:01:00+00:00,https://www.leckerschmecker.me/falafel-stroganoff/63743511756762,Dieses vegane Falafel-Stroganoff verbindet würzige Kichererbsenbällchen mit cremiger Pilzsoße,2026-09-08,2026-09-08,1,1
63743511756409,2026-09-08T09:19:00+00:00,https://www.leckerschmecker.me/california-roll-gurkensalat/63743511756409,Dieser Gurkensalat bringt Sushifeeling auf den Tisch,2026-09-08,2026-09-08,1,1
63743511720143,2026-09-08T09:28:00+00:00,https://www.leckerschmecker.me/schnelle-panini-aus-broetchenteig-a-a/63743511720143,Schneller Snack für zwischendurch: Panini aus Brötchenteig,2026-09-09,2026-09-10,2,2
63743511720708,2026-09-08T09:30:36+00:00,https://www.leckerschmecker.me/rucola-mango-salat-a-a/63743511720708,Mit diesem Salat holst du dir den Sommer zurück auf den Tisch,2026-09-09,2026-09-10,2,3
63743511716226,2026-09-08T10:41:37+00:00,https://www.leckerschmecker.me/quark-griess-auflauf-mit-erdbeeren-a-a/63743511716226,Mit diesem Quark-Grieß-Auflauf mit Erdbeeren startest du genussvoll in den Tag,2026-09-09,2026-09-09,1,1
63743511638215,2026-09-08T10:50:06+00:00,https://www.leckerschmecker.me/marzipan-griessquark-mit-karamellisierten-aepfeln-a-a/63743511638215,Starte mit diesem gemütlichen Frühstück in den Herbst,2026-09-09,2026-09-10,2,1
63743511687831,2026-09-08T10:59:15+00:00,https://www.leckerschmecker.me/geroesteter-blumenkohl-paprika-salat-a-a/63743511687831,Mit Liebe geröstet: Probiere diesen lauwarmen Salat mit Ofen-Blumenkohl,2026-09-09,2026-09-10,2,1
63743511547079,2026-09-08T11:02:31+00:00,https://www.leckerschmecker.me/kalte-zucchini-nudeln-mit-erdnuss-sesam-sosse-a-c/63743511547079,Für alle Fans von Tahini und Erdnüssen: Zoodles mit cremig-scharfer Soße,2026-09-09,2026-09-10,2,2
63743511713146,2026-09-08T11:14:24+00:00,https://www.leckerschmecker.me/regenbogen-waffeltorte-a-a/63743511713146,Diese bunte Waffeltorte ist der Star auf jedem Geburtstag,2026-09-09,2026-09-10,2,1
63743511750195,2026-09-08T13:32:34+00:00,https://www.leckerschmecker.me/pflaumen-griess-muffins-muffinblech/63743511750195,Ein Muffinblech voller Herbstaromen,2026-09-09,2026-09-10,2,2
63743511756383,2026-09-08T13:32:36+00:00,https://www.leckerschmecker.me/kaiserschmarrn-waffeln-mit-zwetschgenroester-flaumige/63743511756383,Flaumige Herbst-Rebellion: Kaiserschmarrn-Waffeln mit Zwetschgenröster,2026-09-09,2026-09-10,2,2
63743511559058,2026-09-08T13:38:02+00:00,https://www.leckerschmecker.me/apfel-thymian-marmelade-a-c/63743511559058,Es ist Apfel-Saison: auch auf deinem Frühstückstisch,2026-09-09,2026-09-10,2,1
63743511700205,2026-09-08T13:42:31+00:00,https://www.leckerschmecker.me/pistazien-reis-krispies-a-a/63743511700205,Pistaziencreme und Puffreis ergeben diesen süßen Pausen-Snack,2026-09-09,2026-09-10,2,1
63743511756418,2026-09-08T13:58:00+00:00,https://www.leckerschmecker.me/crepes-napoleontorte/63743511756418,Crêpes-Napoleontorte: Wenn Pfannkuchen sich in ein Festtagskunstwerk verwandeln,2026-09-09,2026-09-09,1,1
63743511750271,2026-09-08T14:00:14+00:00,https://www.leckerschmecker.me/zucchini-schinken-nudelauflauf-familienrezept/63743511750271,Mein liebstes Familienrezept für gemütliche Abende,2026-09-09,2026-09-09,1,3
63743511755542,2026-09-08T14:00:15+00:00,https://www.leckerschmecker.me/schweinefilet-mit-apfel-senf-sosse-bringt/63743511755542,Dieses Schweinefilet mit Apfel-Senf-Soße bringt Frucht in die herzhafte Küche,2026-09-09,2026-09-10,2,2
63743511755917,2026-09-08T14:00:16+00:00,https://www.leckerschmecker.me/snickers-kuchen-vom-blech-kuchenhunger/63743511755917,"Du bist nicht du, wenn du Kuchenhunger hast – dieses Gebäck rettet dir den Tag",2026-09-09,2026-09-10,2,2
63743511756633,2026-09-08T14:41:00+00:00,https://www.leckerschmecker.me/vegane-apfel-marshmallows/63743511756633,Vegane Apfel-Marshmallows: fluffige Apfelwölkchen zum Naschen,2026-09-09,2026-09-09,1,1
63743511749591,2026-09-08T15:25:00+00:00,https://www.leckerschmecker.me/schinken-kaese-lasagne-roellchen/63743511749591,Resteverwertung deluxe: überbackene Schinken-Käse-Lasagne-Röllchen,2026-09-09,2026-09-10,2,1
63743511756758,2026-09-08T16:01:00+00:00,https://www.leckerschmecker.me/mais-carbonara/63743511756758,Mais-Carbonara bringt sommerliche Süße in die cremige Pasta,2026-09-09,2026-09-09,1,1
63743511756700,2026-09-08T16:07:52+00:00,https://www.leckerschmecker.me/tomaten-ricotta-crepes-cr/63743511756700,Tomaten-Ricotta-Crêpes holen ein letztes Stückchen Restsommer in die Pfanne,2026-09-09,2026-09-09,1,2
63743511755474,2026-09-08T16:49:39+00:00,https://www.leckerschmecker.me/bananen-schoko-cookies-kruemeln/63743511755474,Krümeln ausdrücklich erlaubt: Bananen-Schoko-Cookies,2026-09-09,2026-09-10,2,2
63743511756569,2026-09-08T17:19:00+00:00,https://www.leckerschmecker.me/dumpling-lasagne/63743511756569,TikTok-Trend zum Nachkochen: So gelingt dir die Dumpling-Lasagne,2026-09-09,2026-09-09,1,1
63743511594724,2026-09-09T04:03:48+00:00,https://www.leckerschmecker.me/apfelschmarrn-a-a-duftet/63743511594724,"Der Herbst ist im Anmarsch und er bringt Apfelschmarrn mit Zimt, Butter und Liebe mit",2026-09-09,2026-09-10,2,3
63743511755761,2026-09-09T04:03:49+00:00,https://www.leckerschmecker.me/winzerfladen-herzhaftes/63743511755761,Winzerfladen machen aus Weintrauben ein herzhaftes Ofengericht,2026-09-09,2026-09-10,2,3
63743511747220,2026-09-09T04:03:50+00:00,https://www.leckerschmecker.me/schwarzwaelder-kirsch-pie-muerbeteig/63743511747220,Dieser Schwarzwälder-Kirsch-Pie macht dem Kuchenklassiker Konkurrenz,2026-09-09,2026-09-10,2,5
63743511754967,2026-09-09T04:03:51+00:00,https://www.leckerschmecker.me/rote-bete-chips-aus-dem-airfryer-frisch/63743511754967,Gesund knabbern leicht gemacht: Rote-Bete-Chips frisch aus dem Airfryer,2026-09-09,2026-09-10,2,4
63743511739682,2026-09-09T04:03:52+00:00,https://www.leckerschmecker.me/brokkoli-schinken-haehnchen-aus-dem-ofen-besonderes/63743511739682,Brokkoli-Schinken-Hähnchen aus dem Ofen,2026-09-09,2026-09-10,2,4
63743511756911,2026-09-09T05:04:00+00:00,https://www.leckerschmecker.me/schoko-erdnussbutter-hummus/63743511756911,Süßer Hummus? Musst du einfach probieren und genießen,2026-09-09,2026-09-09,1,1
63743511756741,2026-09-09T05:21:43+00:00,https://www.leckerschmecker.me/blumenkohlsuppe-mit-krabben-blumenkohlgenuss/63743511756741,Blumenkohlgenuss auf norddeutsche Art,2026-09-09,2026-09-10,2,1
63743511756409,2026-09-09T05:21:44+00:00,https://www.leckerschmecker.me/california-roll-gurkensalat-bringt/63743511756409,Dieser Gurkensalat bringt Sushifeeling auf den Tisch,2026-09-09,2026-09-10,2,2
63743511756358,2026-09-09T05:21:45+00:00,https://www.leckerschmecker.me/pausenbrot-butterbrot/63743511756358,Vom Butterbrot zur Bento-Box: So hat sich das Pausenessen verändert,2026-09-09,2026-09-10,2,2
63743511756407,2026-09-09T05:21:46+00:00,https://www.leckerschmecker.me/bananen-cookies-mit-weisser-schokolade-aus-dem-airfryer-lust/63743511756407,Lust auf Cookies? Probiere diese Variante mit Banane und weißer Schokolade,2026-09-09,2026-09-10,2,2
63743511756859,2026-09-09T05:48:00+00:00,https://www.leckerschmecker.me/herzhafte-fruehstuecks-creme-brulee/63743511756859,Eierstich mit goldener Kruste: Frühstücks-Crème-brûlée für besondere Morgen,2026-09-09,2026-09-09,1,1
63743511756916,2026-09-09T06:38:00+00:00,https://www.leckerschmecker.me/biscoff-puffreis-schnitten/63743511756916,"Schneller weg, als du denkst: Für diese Süßigkeit brauchst du Lotus Biscoff Karamellkekse und Puffreis",2026-09-09,2026-09-09,1,1
63743511755064,2026-09-09T06:40:51+00:00,https://www.leckerschmecker.me/zucchini-haehnchen-lasagne-variante/63743511755064,Meine liebste Lasagne-Variante: Zucchini mit Hähnchen und Ricotta,2026-09-09,2026-09-10,2,3
63743511581644,2026-09-09T06:40:52+00:00,https://www.leckerschmecker.me/puffreis-schnitten-a-c-selber/63743511581644,Puffreis-Schnitten aus nur 2 Zutaten selber machen,2026-09-09,2026-09-10,2,3
63743511757173,2026-09-09T07:24:00+00:00,https://www.leckerschmecker.me/birnen-schoko-pancakes/63743511757173,Diese Birnen-Schoko-Pancakes machen aus Frühstück (fast) ein Dessert,2026-09-09,2026-09-09,1,1
63743511755865,2026-09-09T07:38:44+00:00,https://www.leckerschmecker.me/zimtschnecken-toastroellchen-knusprige/63743511755865,"Knusprige Zimthülle, cremige Füllung: Diese Toaströllchen schmecken wie Zimtschnecken",2026-09-09,2026-09-10,2,2
63743511756019,2026-09-09T07:38:44+00:00,https://www.leckerschmecker.me/pfifferling-ricotta-ravioli-pfifferlinge/63743511756019,Warum Pasta und Pfifferlinge das neue Traumpaar sind,2026-09-09,2026-09-10,2,3
63743511755180,2026-09-09T08:03:39+00:00,https://www.leckerschmecker.me/mini-zwiebelkuchen-aus-blaetterteig-goldbraun/63743511755180,Diese Mini-Zwiebelkuchen aus Blätterteig werden im Airfryer goldbraun und knusprig,2026-09-09,2026-09-09,1,3
63743511756890,2026-09-09T08:09:00+00:00,https://www.leckerschmecker.me/pkhali/63743511756890,"Pkhali: Das georgische Geheimnis, das deinen Gemüseabend rettet",2026-09-09,2026-09-09,1,1
63743511756487,2026-09-09T08:44:36+00:00,https://www.leckerschmecker.me/kokos-basilikum-haehnchen-neues/63743511756487,Kokos-Basilikum-Hähnchen: Dein neues Lieblingsrezept aus der Pfanne,2026-09-09,2026-09-10,2,1
63743511756762,2026-09-09T08:44:37+00:00,https://www.leckerschmecker.me/falafel-stroganoff-vegane/63743511756762,Dieses vegane Falafel-Stroganoff verbindet würzige Kichererbsenbällchen mit cremiger Pilzsoße,2026-09-09,2026-09-10,2,2
63743511755831,2026-09-09T08:48:31+00:00,https://www.leckerschmecker.me/sharkninja-hot-september-deals-mediamarkt-a-c/63743511755831,Bis zu 50 Prozent weniger: Diese SharkNinja Deals bei MediaMarkt lohnen sich!,2026-09-09,2026-09-10,2,3
63743511756816,2026-09-09T09:13:00+00:00,https://www.leckerschmecker.me/tofu-sellerie-stir-fry/63743511756816,Genieße eine unschlagbare Pfanne voller Geschmack,2026-09-09,2026-09-09,1,1
63743511756580,2026-09-09T10:06:00+00:00,https://www.leckerschmecker.me/gebackene-suesskartoffel-feta-kimchi/63743511756580,Gebackene Süßkartoffel: cremiger Feta trifft scharfes Kimchi,2026-09-09,2026-09-09,1,1
63743511600573,2026-09-09T10:26:58+00:00,https://www.leckerschmecker.me/gyoza-salat-a-a/63743511600573,Dieser Salat rettet deinen Feierabend: Asia-Feeling für zu Hause,2026-09-09,2026-09-11,3,1
63743511541441,2026-09-09T10:34:10+00:00,https://www.leckerschmecker.me/flammkuchen-mit-apfel-und-brie-a-b/63743511541441,Dieser raffinierte Flammkuchen bringt einen Herbststar auf den Tisch,2026-09-09,2026-09-09,1,1
63743511515166,2026-09-09T10:44:18+00:00,https://www.leckerschmecker.me/hackbraten-muffins-a-d/63743511515166,Hackbällchen? Probier stattdessen mal Hackbraten-Muffins,2026-09-09,2026-09-11,3,1
63743511757194,2026-09-09T11:23:00+00:00,https://www.leckerschmecker.me/kartoffel-mozzarella-pockets/63743511757194,Diese Kartoffel-Mozzarella-Pockets kommen mit knuspriger Hülle aus dem Airfryer,2026-09-09,2026-09-09,1,1
63743511755495,2026-09-09T12:55:43+00:00,https://www.leckerschmecker.me/kartoffel-pilz-gulasch-wohlfuehlessen/63743511755495,Kartoffel-Pilz-Gulasch: veganes Wohlfühlessen für die ersten kalten Septembertage,2026-09-09,2026-09-11,3,3
63743511686757,2026-09-09T13:07:30+00:00,https://www.leckerschmecker.me/eier-benedict-auflauf-a-a/63743511686757,Dieser Eier-Benedict-Auflauf ist der leckere Star auf dem Frühstückstisch,2026-09-09,2026-09-11,3,1
63743511688975,2026-09-09T13:11:13+00:00,https://www.leckerschmecker.me/kitkat-brownies-a-a/63743511688975,Von diesen fudgy KitKat-Brownies mit Crunch bekommst du nicht genug,2026-09-09,2026-09-11,3,1
63743511695881,2026-09-09T13:14:14+00:00,https://www.leckerschmecker.me/eiskaffee-mit-banane-a-a/63743511695881,Dieser cremige Eiskaffee mit Banane schmeckt wie ein Dessert,2026-09-09,2026-09-11,3,1
63743511756569,2026-09-09T13:22:35+00:00,https://www.leckerschmecker.me/dumpling-lasagne-tiktok/63743511756569,TikTok-Trend zum Nachkochen: So gelingt dir die Dumpling-Lasagne,2026-09-09,2026-09-11,3,2
63743511756758,2026-09-09T13:22:36+00:00,https://www.leckerschmecker.me/mais-carbonara-bringt/63743511756758,Mais-Carbonara bringt sommerliche Süße in die cremige Pasta,2026-09-09,2026-09-11,3,2
63743511756633,2026-09-09T13:22:37+00:00,https://www.leckerschmecker.me/vegane-apfel-marshmallows-fluffige/63743511756633,Vegane Apfel-Marshmallows: fluffige Apfelwölkchen zum Naschen,2026-09-09,2026-09-11,3,2
63743511756418,2026-09-09T13:22:38+00:00,https://www.leckerschmecker.me/crepes-napoleontorte-cr/63743511756418,Crêpes-Napoleontorte: Wenn Pfannkuchen sich in ein Festtagskunstwerk verwandeln,2026-09-09,2026-09-11,3,2
63743511756945,2026-09-09T13:54:00+00:00,https://www.leckerschmecker.me/donauwelle-mit-zwetschgen/63743511756945,Donauwelle mit Zwetschgen: fruchtiger Blechkuchen mit Schoko-Wellen,2026-09-09,2026-09-10,2,1
63743511747126,2026-09-09T14:18:40+00:00,https://www.leckerschmecker.me/honig-senf-kartoffeln-suess/63743511747126,"Das einfachste Kartoffelrezept aus dem Ofen: süß, würzig und unwiderstehlich",2026-09-09,2026-09-11,3,5
63743511497449,2026-09-09T14:37:19+00:00,https://www.leckerschmecker.me/vanillecreme-mit-ofenblaubeeren-a-b/63743511497449,Genuss-Dessert: Vanillecreme mit Ofenblaubeeren,2026-09-09,2026-09-11,3,1
63743511749307,2026-09-09T14:42:00+00:00,https://www.leckerschmecker.me/yuzu-chiffon-kuchen/63743511749307,Dieser Yuzu-Chiffon-Kuchen ist herrlich zitrusfrisch,2026-09-09,2026-09-10,2,1
63743511748400,2026-09-09T14:47:47+00:00,https://www.leckerschmecker.me/croque-monsieur-auflauf-sag/63743511748400,Sag &#8218;Bonjour&#8216; zu unserem Croque-Monsieur-Auflauf,2026-09-09,2026-09-10,2,2
63743511757289,2026-09-09T15:23:00+00:00,https://www.leckerschmecker.me/deal-der-woche-philips-steam-airfryer/63743511757289,Philips Steam Airfryer: Heißluftfritteuse mit Dampf jetzt 51 % günstiger bei Amazon,2026-09-09,2026-09-11,3,1
63743511749224,2026-09-09T16:04:00+00:00,https://www.leckerschmecker.me/miso-pilz-burger/63743511749224,Miso-Pilz-Burger: pflanzlicher Pattie voller Umami-Geschmack,2026-09-09,2026-09-10,2,1
63743511756850,2026-09-09T17:13:00+00:00,https://www.leckerschmecker.me/brokkolipesto-gnocchi/63743511756850,Dieses Gnocchigericht möchtest du immer wieder verspeisen,2026-09-09,2026-09-10,2,1
63743511748019,2026-09-09T18:12:51+00:00,https://www.leckerschmecker.me/hackbaellchen-moehren-curry-sobald/63743511748019,Dieses Hackbällchen-Möhren-Curry bringt die ganze Familie an einen Tisch,2026-09-10,2026-09-11,2,5
63743511755900,2026-09-10T04:13:40+00:00,https://www.leckerschmecker.me/pflaumentaschen-mit-zimt-taschen/63743511755900,Back dir Taschen voller Pflaumenliebe,2026-09-10,2026-09-11,2,3
63743511755706,2026-09-10T04:13:41+00:00,https://www.leckerschmecker.me/huettenkaese-broetchen-ohne-mehl-schnelle/63743511755706,Hüttenkäse statt Mehl: Backe dir schnelle Brötchen zum Frühstück,2026-09-10,2026-09-11,2,3
63743511756509,2026-09-10T04:13:42+00:00,https://www.leckerschmecker.me/champignon-lauch-galette-herbstliche/63743511756509,Champignon-Lauch-Galette: herbstliche Gemütlichkeit auf dem Teller,2026-09-10,2026-09-11,2,2
63743511755550,2026-09-10T04:13:43+00:00,https://www.leckerschmecker.me/kartoffel-pilz-tarte-rand/63743511755550,Kartoffel-Pilz-Tarte mit knusprigem Rand und herzhafter Füllung,2026-09-10,2026-09-11,2,3
63743511755786,2026-09-10T04:13:45+00:00,https://www.leckerschmecker.me/cuppa-cuppa-cuppa-cake-amerikanischer/63743511755786,Amerikanischer Cuppa Cuppa Cuppa Cake à la Dolly Parton,2026-09-10,2026-09-11,2,2
63743511757048,2026-09-10T05:04:00+00:00,https://www.leckerschmecker.me/mandelcroissant-blondies/63743511757048,"Soft, buttrig und mandelig: Dieses Blondie-Rezept schmeckt wie ein französisches Croissant",2026-09-10,2026-09-10,1,1
63743511756580,2026-09-10T05:19:41+00:00,https://www.leckerschmecker.me/gebackene-suesskartoffel-feta-kimchi-cremiger/63743511756580,Gebackene Süßkartoffel: cremiger Feta trifft scharfes Kimchi,2026-09-10,2026-09-11,2,2
63743511756816,2026-09-10T05:19:43+00:00,https://www.leckerschmecker.me/tofu-sellerie-stir-fry-geniesse/63743511756816,Genieße eine unschlagbare Pfanne voller Geschmack,2026-09-10,2026-09-11,2,2
63743511756890,2026-09-10T05:19:44+00:00,https://www.leckerschmecker.me/pkhali-georgische/63743511756890,"Pkhali: Das georgische Geheimnis, das deinen Gemüseabend rettet",2026-09-10,2026-09-11,2,2
63743511756911,2026-09-10T05:19:45+00:00,https://www.leckerschmecker.me/schoko-erdnussbutter-hummus-suesser/63743511756911,Süßer Hummus? Musst du einfach probieren und genießen,2026-09-10,2026-09-11,2,2
63743511756916,2026-09-10T05:19:45+00:00,https://www.leckerschmecker.me/biscoff-puffreis-schnitten-schneller/63743511756916,"Schneller weg, als du denkst: Für diese Süßigkeit brauchst du Lotus Biscoff Karamellkekse und Puffreis",2026-09-10,2026-09-11,2,2
63743511757238,2026-09-10T05:48:00+00:00,https://www.leckerschmecker.me/mohnbagels/63743511757238,Mohnbagels: Frühstücken wie in New York City,2026-09-10,2026-09-10,1,1
63743511757194,2026-09-10T06:11:46+00:00,https://www.leckerschmecker.me/kartoffel-mozzarella-pockets-knuspriger/63743511757194,Diese Kartoffel-Mozzarella-Pockets kommen mit knuspriger Hülle aus dem Airfryer,2026-09-10,2026-09-11,2,2
63743511757173,2026-09-10T06:11:47+00:00,https://www.leckerschmecker.me/birnen-schoko-pancakes-fruehstueck/63743511757173,Diese Birnen-Schoko-Pancakes machen aus Frühstück (fast) ein Dessert,2026-09-10,2026-09-11,2,2
63743511756859,2026-09-10T06:11:48+00:00,https://www.leckerschmecker.me/herzhafte-fruehstuecks-creme-brulee-eierstich/63743511756859,Eierstich mit goldener Kruste: Frühstücks-Crème-brûlée für besondere Morgen,2026-09-10,2026-09-11,2,2
63743511757290,2026-09-10T06:32:00+00:00,https://www.leckerschmecker.me/brombeer-nuss-muffins/63743511757290,Spätsommerliches Beerenglück: So backst du Brombeer-Haselnuss-Muffins,2026-09-10,2026-09-10,1,1
63743511756700,2026-09-10T06:44:39+00:00,https://www.leckerschmecker.me/tomaten-ricotta-crepes-pes/63743511756700,Tomaten-Ricotta-Crêpes holen ein letztes Stückchen Restsommer in die Pfanne,2026-09-10,2026-09-11,2,3
63743511750271,2026-09-10T06:44:40+00:00,https://www.leckerschmecker.me/zucchini-schinken-nudelauflauf-fuer/63743511750271,Mein liebstes Familienrezept für gemütliche Abende,2026-09-10,2026-09-11,2,4
63743511757239,2026-09-10T07:16:00+00:00,https://www.leckerschmecker.me/dill-zucchini/63743511757239,So wird Dill zum perfekten Snack und Multitalent aus dem Glas,2026-09-10,2026-09-10,1,1
63743511756277,2026-09-10T07:25:42+00:00,https://www.leckerschmecker.me/birnen-zimt-skyr-bowl-bringt/63743511756277,Birnen-Zimt-Skyr-Bowl bringt warmes Obst auf den Frühstückstisch,2026-09-10,2026-09-11,2,2
63743511754958,2026-09-10T07:25:43+00:00,https://www.leckerschmecker.me/schichtsalat-retro/63743511754958,Klassischer Schichtsalat: Dieser bunte Retro-Klassiker darf auf keinem Büfett fehlen,2026-09-10,2026-09-11,2,4
63743511755065,2026-09-10T07:25:44+00:00,https://www.leckerschmecker.me/gefuellte-burgerbroetchen-airfryer-gerichte/63743511755065,Burger mal anders: gefüllte Burgerbrötchen aus dem Airfryer,2026-09-10,2026-09-10,1,3
63743511716226,2026-09-10T08:05:37+00:00,https://www.leckerschmecker.me/quark-griess-auflauf-mit-erdbeeren-a-a-perfekte/63743511716226,Mit diesem Quark-Grieß-Auflauf mit Erdbeeren startest du genussvoll in den Tag,2026-09-10,2026-09-11,2,2
63743511757652,2026-09-10T08:23:00+00:00,https://www.leckerschmecker.me/mercimek-koeftesi-tuerkische-linsenbaellchen/63743511757652,Diese Mercimek Köftesi sind würzige türkische Linsenbällchen ganz ohne Fleisch,2026-09-10,2026-09-10,1,1
63743511489375,2026-09-10T08:38:44+00:00,https://www.leckerschmecker.me/birnen-mandel-smoothie-a-a/63743511489375,"Birne, Zimt und Mandel: Dieser herbstliche Frühstücks-Drink ist schnell weggeschlürft",2026-09-10,2026-09-11,2,1
63743511575605,2026-09-10T08:43:08+00:00,https://www.leckerschmecker.me/griessquark-mit-pflaumenkompott-a-a/63743511575605,"Grießbrei und Pflaumenkompott: Ein Frühstück, das nach Kindheit schmeckt",2026-09-10,2026-09-11,2,1
63743511541441,2026-09-10T08:45:34+00:00,https://www.leckerschmecker.me/flammkuchen-mit-apfel-und-brie-a-b-star/63743511541441,Dieser raffinierte Flammkuchen bringt einen Herbststar auf den Tisch,2026-09-10,2026-09-11,2,2
63743511755180,2026-09-10T08:45:35+00:00,https://www.leckerschmecker.me/mini-zwiebelkuchen-aus-blaetterteig-knusprig/63743511755180,Diese Mini-Zwiebelkuchen aus Blätterteig werden im Airfryer goldbraun und knusprig,2026-09-10,2026-09-11,2,4
63743511755831,2026-09-10T11:34:31+00:00,https://www.leckerschmecker.me/sharkninja-hot-september-deals-mediamarkt-a-d/63743511755831,Bis zu 50 Prozent weniger: Diese SharkNinja Deals bei MediaMarkt lohnen sich im September,2026-09-11,2026-09-12,2,4
63743511573397,2026-09-10T11:53:46+00:00,https://www.leckerschmecker.me/nudelpfanne-mit-champignons-und-zucchini-a-d/63743511573397,Nudelpfanne mit Champignons und Zucchini: fertig in nur 30 Minuten,2026-09-11,2026-09-12,2,2
63743511582020,2026-09-10T11:56:35+00:00,https://www.leckerschmecker.me/walnussbutter-a-b/63743511582020,Diese Walnussbutter besteht aus nur 3 Zutaten,2026-09-11,2026-09-12,2,1
63743511597296,2026-09-10T12:13:58+00:00,https://www.leckerschmecker.me/apfel-mohnkuchen-a-c/63743511597296,Dieser Apfel-Mohnkuchen vom Blech könnte dein neuer Lieblingskuchen werden,2026-09-11,2026-09-12,2,1
63743511693690,2026-09-10T12:31:52+00:00,https://www.leckerschmecker.me/erdbeer-sahne-mimosa-a-a/63743511693690,Mit diesem Erdbeer-Sahne-Mimosa stoßen wir beim Brunch am liebsten an,2026-09-11,2026-09-12,2,1
63743511687336,2026-09-10T12:33:34+00:00,https://www.leckerschmecker.me/waffeln-aus-dem-airfryer-a-a/63743511687336,Waffeln aus dem Aifryer: die unkomplizierten Stars am Frühstückstisch,2026-09-11,2026-09-12,2,1
63743511685083,2026-09-10T12:34:56+00:00,https://www.leckerschmecker.me/schaschlik-aus-dem-airfryer-a-a/63743511685083,Schaschlik aus dem Airfryer: So gelingen dir perfekte Fleischspieße,2026-09-11,2026-09-12,2,1
63743511691325,2026-09-10T12:36:18+00:00,https://www.leckerschmecker.me/vegane-yogurette-a-a/63743511691325,Darf in keinem Kühlschrank fehlen: Diese vegane Yogurette schmeckt wie das kultige Original,2026-09-11,2026-09-12,2,1
63743511749224,2026-09-10T13:33:34+00:00,https://www.leckerschmecker.me/miso-pilz-burger-pflanzlicher/63743511749224,Miso-Pilz-Burger: pflanzlicher Pattie voller Umami-Geschmack,2026-09-11,2026-09-12,2,2
63743511749307,2026-09-10T13:33:36+00:00,https://www.leckerschmecker.me/yuzu-chiffon-kuchen-herrlich/63743511749307,Dieser Yuzu-Chiffon-Kuchen ist herrlich zitrusfrisch,2026-09-11,2026-09-12,2,2
63743511756945,2026-09-10T13:33:37+00:00,https://www.leckerschmecker.me/donauwelle-mit-zwetschgen-fruchtiger/63743511756945,Donauwelle mit Zwetschgen: fruchtiger Blechkuchen mit Schoko-Wellen,2026-09-11,2026-09-12,2,2
63743511757861,2026-09-10T13:51:00+00:00,https://www.leckerschmecker.me/pflaumen-tiramisu-torte/63743511757861,"Diese Pflaumen-Tiramisu-Torte schichtet Kaffee, Creme und Spätsommerfrucht",2026-09-11,2026-09-12,2,1
63743511755542,2026-09-10T14:11:45+00:00,https://www.leckerschmecker.me/schweinefilet-mit-apfel-senf-sosse-frucht/63743511755542,Dieses Schweinefilet mit Apfel-Senf-Soße bringt Frucht in die herzhafte Küche,2026-09-11,2026-09-12,2,3
63743511756762,2026-09-10T14:46:41+00:00,https://www.leckerschmecker.me/falafel-stroganoff-verbindet/63743511756762,Dieses vegane Falafel-Stroganoff verbindet würzige Kichererbsenbällchen mit cremiger Pilzsoße,2026-09-11,2026-09-12,2,3
63743511750195,2026-09-10T15:36:09+00:00,https://www.leckerschmecker.me/pflaumen-griess-muffins-voller/63743511750195,Ein Muffinblech voller Herbstaromen,2026-09-11,2026-09-12,2,3
63743511757377,2026-09-10T15:38:00+00:00,https://www.leckerschmecker.me/nori-tacos-lachs/63743511757377,"Nori-Tacos: Sushi, das du mit den Händen isst",2026-09-11,2026-09-11,1,1
63743511756850,2026-09-10T16:08:44+00:00,https://www.leckerschmecker.me/brokkolipesto-gnocchi-gnocchigericht/63743511756850,Dieses Gnocchigericht möchtest du immer wieder verspeisen,2026-09-11,2026-09-12,2,2
63743511755865,2026-09-10T16:57:43+00:00,https://www.leckerschmecker.me/zimtschnecken-toastroellchen-zimthuelle/63743511755865,"Knusprige Zimthülle, cremige Füllung: Diese Toaströllchen schmecken wie Zimtschnecken",2026-09-11,2026-09-12,2,3
63743511757293,2026-09-10T18:27:00+00:00,https://www.leckerschmecker.me/champignon-birnen-carpaccio/63743511757293,"Das Carpaccio, das man so noch nicht kennt",2026-09-11,2026-09-11,1,1
63743511749591,2026-09-11T04:10:41+00:00,https://www.leckerschmecker.me/schinken-kaese-lasagne-roellchen-resteverwertung/63743511749591,Resteverwertung deluxe: überbackene Schinken-Käse-Lasagne-Röllchen,2026-09-11,2026-09-12,2,2
63743511749149,2026-09-11T05:01:00+00:00,https://www.leckerschmecker.me/chai-french-toast/63743511749149,Chai-French-Toast macht jeden Tag so romantisch wie den Valentinstag,2026-09-11,2026-09-11,1,1
63743511757272,2026-09-11T05:30:43+00:00,https://www.leckerschmecker.me/pesto-zupfbrot-airfryer-schnell/63743511757272,"Schnell, würzig, unwiderstehlich: So gelingt das perfekte Pesto-Zupfbrot",2026-09-11,2026-09-12,2,1
63743511757206,2026-09-11T05:30:44+00:00,https://www.leckerschmecker.me/schupfnudel-sauerkraut-pfanne-one/63743511757206,One-Pan-Gericht: Schupfnudel-Sauerkraut-Pfanne,2026-09-11,2026-09-12,2,1
63743511757046,2026-09-11T05:30:45+00:00,https://www.leckerschmecker.me/zwiebelkuchen-mit-pfifferlingen-fuer/63743511757046,"Für alle, die deftige Herbstküche lieben: Zwiebelkuchen mit Pfifferlingen",2026-09-11,2026-09-12,2,1
63743511757290,2026-09-11T05:30:46+00:00,https://www.leckerschmecker.me/brombeer-nuss-muffins-spaetsommerliches/63743511757290,Spätsommerliches Beerenglück: So backst du Brombeer-Haselnuss-Muffins,2026-09-11,2026-09-12,2,2
63743511757238,2026-09-11T05:30:47+00:00,https://www.leckerschmecker.me/mohnbagels-fruehstuecken/63743511757238,Mohnbagels: Frühstücken wie in New York City,2026-09-11,2026-09-12,2,2
63743511605071,2026-09-11T05:53:35+00:00,https://www.leckerschmecker.me/warmer-birnen-chai-smoothie-a-a/63743511605071,"Birne, Chai und warme Milch machen diesen Smoothie zum gemütlichen Herbststarter",2026-09-11,2026-09-12,2,1
63743511501590,2026-09-11T05:59:43+00:00,https://www.leckerschmecker.me/huettenkaese-bowl-a-c/63743511501590,Hüttenkäse-Bowl mit Rohkost: Leicht und trotzdem sättigend,2026-09-11,2026-09-12,2,1
63743511757901,2026-09-11T06:01:00+00:00,https://www.leckerschmecker.me/fruehstuecks-kartoffelpizza/63743511757901,Mit dieser Frühstücks-Kartoffelpizza mit Spiegelei startest du extra knusprig in den Tag,2026-09-11,2026-09-12,2,1
63743511757652,2026-09-11T06:13:33+00:00,https://www.leckerschmecker.me/mercimek-koeftesi-tuerkische-linsenbaellchen-wuerzige/63743511757652,Diese Mercimek Köftesi sind würzige türkische Linsenbällchen ganz ohne Fleisch,2026-09-11,2026-09-12,2,2
63743511757239,2026-09-11T06:13:35+00:00,https://www.leckerschmecker.me/dill-zucchini-perfekten/63743511757239,So wird Dill zum perfekten Snack und Multitalent aus dem Glas,2026-09-11,2026-09-12,2,2
63743511757048,2026-09-11T06:13:36+00:00,https://www.leckerschmecker.me/mandelcroissant-blondies-soft/63743511757048,"Soft, buttrig und mandelig: Dieses Blondie-Rezept schmeckt wie ein französisches Croissant",2026-09-11,2026-09-12,2,2
63743511757686,2026-09-11T06:36:00+00:00,https://www.leckerschmecker.me/airfryer-milchbroetchen-krapfen/63743511757686,Krapfen-Glück ohne Fettbad: So backst du sie im Airfryer,2026-09-11,2026-09-11,1,1
63743511755065,2026-09-11T06:39:46+00:00,https://www.leckerschmecker.me/gefuellte-burgerbroetchen-airfryer-anblick/63743511755065,Burger mal anders: gefüllte Burgerbrötchen aus dem Airfryer,2026-09-11,2026-09-12,2,4
63743511748400,2026-09-11T06:39:47+00:00,https://www.leckerschmecker.me/croque-monsieur-auflauf-bonjour/63743511748400,Sag &#8218;Bonjour&#8216; zu unserem Croque-Monsieur-Auflauf,2026-09-11,2026-09-12,2,3
63743511757726,2026-09-11T07:11:00+00:00,https://www.leckerschmecker.me/mirabellensenf/63743511757726,Fruchtig-würziger Senf: kinderleicht nachgemacht und herrlich aromatisch,2026-09-11,2026-09-11,1,1
63743511757752,2026-09-11T08:17:00+00:00,https://www.leckerschmecker.me/vegane-smashed-potato-tarte/63743511757752,Vegane Smashed-Potato-Tarte: das knusprige Wohlfühlgericht aus dem Ofen,2026-09-11,2026-09-11,1,1
63743511748924,2026-09-11T09:35:00+00:00,https://www.leckerschmecker.me/knoblauchsuppe-40-zehen/63743511748924,Knoblauchsuppe aus 40 Zehen: Es gibt kein Zu viel!,2026-09-11,2026-09-11,1,1
63743511688174,2026-09-11T09:38:23+00:00,https://www.leckerschmecker.me/hafer-melasse-broetchen-a-a/63743511688174,Hafer-Melasse-Brötchen: Mit diesem Rezept gelingen dir unwiderstehlich fluffige Frühstücksbrötchen,2026-09-11,2026-09-12,2,1
63743511685433,2026-09-11T09:40:35+00:00,https://www.leckerschmecker.me/gyros-bowl-a-a/63743511685433,Mit dieser Gyros-Bowl holst du dir Urlaubsfeeling auf den Esstisch,2026-09-11,2026-09-12,2,1
63743511691156,2026-09-11T09:43:34+00:00,https://www.leckerschmecker.me/gefuellter-brotkranz-mit-karamellisierten-zwiebeln-und-bergkaese-a-a/63743511691156,Musst du probieren: gefüllter Brotkranz mit karamellisierten Zwiebeln und Bergkäse,2026-09-11,2026-09-12,2,1
63743511757581,2026-09-11T10:13:00+00:00,https://www.leckerschmecker.me/weisse-bohnen-champignon-eintopf/63743511757581,Herbstlicher Genuss: weiße-Bohnen-Champignon-Eintopf,2026-09-11,2026-09-13,3,1
63743511631360,2026-09-11T10:20:26+00:00,https://www.leckerschmecker.me/schnelle-burger-aus-dem-airfryer-a-a/63743511631360,Burger aus dem Airfryer statt vom Fastfood-Restaurant,2026-09-11,2026-09-13,3,1
63743511511778,2026-09-11T10:28:17+00:00,https://www.leckerschmecker.me/blumenkohl-alfredo-pasta-a-b/63743511511778,So cremig hast du Blumenkohl noch nie gegessen: Alfredo-Pasta mit geröstetem Blumenkohl,2026-09-11,2026-09-13,3,1
63743511757266,2026-09-11T11:28:00+00:00,https://www.leckerschmecker.me/knoedel-scheiben-aus-dem-airfryer-mit-pilzrahm/63743511757266,"Herbstschmaus aus dem Airfryer: Waldpilze, Sahne und knusprige Knödel-Scheiben",2026-09-11,2026-09-11,1,1
63743511412472,2026-09-11T12:19:39+00:00,https://www.leckerschmecker.me/pflaumenkuchen-aus-der-kastenform-b-a/63743511412472,Dieser Pflaumenkuchen aus der Kastenform ist blitzschnell zubereitet,2026-09-11,2026-09-13,3,3
63743511637034,2026-09-11T12:30:59+00:00,https://www.leckerschmecker.me/griessbreikuchen-mit-birnen-a-a/63743511637034,Dieser Kuchen schmeckt nach einem Herbstnachmittag im Garten,2026-09-11,2026-09-13,3,1
63743511478161,2026-09-11T12:51:34+00:00,https://www.leckerschmecker.me/champignon-buletten-a-e/63743511478161,Ohne Fleisch und doch voller Geschmack: Champignon-Buletten,2026-09-11,2026-09-13,3,1
63743511757293,2026-09-11T13:34:33+00:00,https://www.leckerschmecker.me/champignon-birnen-carpaccio-kennt/63743511757293,"Das Carpaccio, das man so noch nicht kennt",2026-09-11,2026-09-13,3,2
63743511757377,2026-09-11T13:34:35+00:00,https://www.leckerschmecker.me/nori-tacos-lachs-sushi/63743511757377,"Nori-Tacos: Sushi, das du mit den Händen isst",2026-09-11,2026-09-13,3,2
63743511757101,2026-09-11T13:56:00+00:00,https://www.leckerschmecker.me/nutella-streuselkuchen/63743511757101,Dieser nussig-schokoladige Nutella-Streuselkuchen gelingt ganz einfach,2026-09-11,2026-09-12,2,1
63743511461501,2026-09-11T14:43:21+00:00,https://www.leckerschmecker.me/bohnen-kartoffel-auflauf-a-d/63743511461501,Bohnen-Kartoffel-Auflauf: Pures Glück aus dem Ofen,2026-09-11,2026-09-13,3,1
63743511646084,2026-09-11T14:44:43+00:00,https://www.leckerschmecker.me/leberkaese-gnocchi-auflauf-a-a/63743511646084,"Ein ehrlicher Auflauf, der allen schmeckt",2026-09-11,2026-09-13,3,1
63743511625325,2026-09-11T14:50:07+00:00,https://www.leckerschmecker.me/gnocchi-haehnchen-auflauf-a-b/63743511625325,"Warm, würzig, wunderbar: ein Auflauf für jeden Tag",2026-09-11,2026-09-13,3,1
63743511756277,2026-09-11T14:55:43+00:00,https://www.leckerschmecker.me/birnen-zimt-skyr-bowl-warmes/63743511756277,Birnen-Zimt-Skyr-Bowl bringt warmes Obst auf den Frühstückstisch,2026-09-11,2026-09-13,3,3
63743511486243,2026-09-11T14:55:50+00:00,https://www.leckerschmecker.me/haehnchenbrust-in-lauch-sahnesosse-a-d/63743511486243,Hähnchenbrust in Lauch-Sahnesoße: Dieses Wohlfühlessen schmeckt allen,2026-09-11,2026-09-13,3,1
63743511628720,2026-09-11T14:59:59+00:00,https://www.leckerschmecker.me/paprika-kichererbsen-nudelpfanne-mit-feta-a-a/63743511628720,Mit diesem Rezept wird der Feierabend perfekt,2026-09-11,2026-09-13,3,1
63743511600978,2026-09-11T15:01:12+00:00,https://www.leckerschmecker.me/norddeutsche-foertchen-a-c/63743511600978,Norddeutsche Förtchen holen Küstenfeeling auf den Tisch,2026-09-11,2026-09-13,3,1
63743511656169,2026-09-11T15:05:23+00:00,https://www.leckerschmecker.me/senf-haehnchen-mit-erbsen-a-a/63743511656169,Neuer Soßen-Liebling? Heute wird es mild-würzig statt tomatig,2026-09-11,2026-09-13,3,1
63743511600972,2026-09-11T15:06:21+00:00,https://www.leckerschmecker.me/silviakaka-a-c/63743511600972,Silviakaka: die schwedische Antwort auf unseren Butterkuchen,2026-09-11,2026-09-13,3,1
63743511757347,2026-09-11T15:36:00+00:00,https://www.leckerschmecker.me/blaubeer-zitronenmuffins-aus-dem-airfryer/63743511757347,Diese Gebäckschätze stehen in 30 Minuten vor dir,2026-09-11,2026-09-12,2,1
63743511757918,2026-09-11T18:24:00+00:00,https://www.leckerschmecker.me/spaetzle-cacio-e-pepe/63743511757918,Diese Spätzle Cacio e Pepe bringen schwäbische Gemütlichkeit nach Rom,2026-09-12,2026-09-12,1,1
63743511479781,2026-09-11T19:13:11+00:00,https://www.leckerschmecker.me/haehnchen-cordon-bleu-auflauf-a-d/63743511479781,Ein Auflauf zum Verlieben,2026-09-12,2026-09-13,2,1
63743511471751,2026-09-11T19:15:11+00:00,https://www.leckerschmecker.me/nudelauflauf-mit-pilzen-a-c/63743511471751,Herrlicher Nudelauflauf mit Pilzen zum Dahinschmelzen,2026-09-12,2026-09-13,2,1
63743511653749,2026-09-11T19:20:43+00:00,https://www.leckerschmecker.me/nudel-lachs-auflauf-mit-brokkoli-a-a/63743511653749,Ofenliebling: Nudel-Lachs-Auflauf mit Brokkoli,2026-09-12,2026-09-12,1,1
63743511580554,2026-09-11T19:51:38+00:00,https://www.leckerschmecker.me/zucchini-tomaten-gratin-a-d/63743511580554,Dieses Gratin steckt voller mediterraner Aromen,2026-09-12,2026-09-13,2,2
63743511587243,2026-09-11T20:00:15+00:00,https://www.leckerschmecker.me/kichererbsen-pilzpfanne-a-b/63743511587243,Diese köstliche Gemüsepfanne strotzt vor guten Zutaten,2026-09-12,2026-09-13,2,1
63743511580679,2026-09-11T20:00:45+00:00,https://www.leckerschmecker.me/toasts-mit-cremigen-pilzen-a-b/63743511580679,Starte knusprig-cremig in den Tag,2026-09-12,2026-09-13,2,1
63743511433645,2026-09-11T20:03:09+00:00,https://www.leckerschmecker.me/herbst-tiramisu-a-r/63743511433645,Herbst-Tiramisu mit Äpfeln und Quark: süßer Dessert-Genuss,2026-09-12,2026-09-13,2,1
63743511460179,2026-09-11T20:04:18+00:00,https://www.leckerschmecker.me/rosenkohl-kartoffelauflauf-a-e/63743511460179,Dieser Rosenkohl-Kartoffelauflauf ist pure Wohlfühlküche,2026-09-12,2026-09-13,2,1
63743511321738,2026-09-11T20:40:54+00:00,https://www.leckerschmecker.me/schokomousse-aus-2-zutaten-a-b/63743511321738,Für diese fluffige Schokomousse brauchst du nur 2 Zutaten,2026-09-12,2026-09-13,2,1
63743511341305,2026-09-11T20:43:30+00:00,https://www.leckerschmecker.me/schwedische-mandeltorte-a-d/63743511341305,Wie aus Schweden: süße Mandeltorte für besondere Momente,2026-09-12,2026-09-13,2,1
63743511430518,2026-09-11T20:44:35+00:00,https://www.leckerschmecker.me/apfelkraut-a-b/63743511430518,Apfelkraut: süßer Genuss aus Omas Rezeptesammlung,2026-09-12,2026-09-13,2,1
63743511755786,2026-09-12T04:07:44+00:00,https://www.leckerschmecker.me/cuppa-cuppa-cuppa-cake-la/63743511755786,Amerikanischer Cuppa Cuppa Cuppa Cake à la Dolly Parton,2026-09-12,2026-09-13,2,3
63743511747126,2026-09-12T04:07:46+00:00,https://www.leckerschmecker.me/honig-senf-kartoffeln-wuerzig/63743511747126,"Das einfachste Kartoffelrezept aus dem Ofen: süß, würzig und unwiderstehlich",2026-09-12,2026-09-13,2,6
63743511757997,2026-09-12T05:04:00+00:00,https://www.leckerschmecker.me/broetchen-mit-frischkaesefuellung/63743511757997,Fluffige Hefebrötchen mit cremigem Frischkäse-Kern,2026-09-12,2026-09-12,1,1
63743511430956,2026-09-12T05:14:52+00:00,https://www.leckerschmecker.me/quittenmarmelade-a-e/63743511430956,Quittenmarmelade selbst machen: Jetzt geht&#8217;s ans Eingemachte,2026-09-12,2026-09-13,2,1
63743511757266,2026-09-12T05:28:36+00:00,https://www.leckerschmecker.me/knoedel-scheiben-aus-dem-airfryer-mit-pilzrahm-herbstschmaus/63743511757266,"Herbstschmaus aus dem Airfryer: Waldpilze, Sahne und knusprige Knödel-Scheiben",2026-09-12,2026-09-13,2,2
63743511748924,2026-09-12T05:28:37+00:00,https://www.leckerschmecker.me/knoblauchsuppe-40-zehen-erkaeltungssaison/63743511748924,Knoblauchsuppe aus 40 Zehen: Es gibt kein Zu viel!,2026-09-12,2026-09-13,2,2
63743511757726,2026-09-12T05:28:38+00:00,https://www.leckerschmecker.me/mirabellensenf-fruchtig/63743511757726,Fruchtig-würziger Senf: kinderleicht nachgemacht und herrlich aromatisch,2026-09-12,2026-09-13,2,2
63743511757686,2026-09-12T05:28:39+00:00,https://www.leckerschmecker.me/airfryer-milchbroetchen-krapfen-glueck/63743511757686,Krapfen-Glück ohne Fettbad: So backst du sie im Airfryer,2026-09-12,2026-09-13,2,2
63743511749149,2026-09-12T05:28:40+00:00,https://www.leckerschmecker.me/chai-french-toast-romantisch/63743511749149,Chai-French-Toast macht jeden Tag so romantisch wie den Valentinstag,2026-09-12,2026-09-13,2,2
63743511757818,2026-09-12T05:43:00+00:00,https://www.leckerschmecker.me/pfirsich-vanille-scones-mit-zuckerkruste/63743511757818,Frühstücksglück aus dem Ofen: das beste Rezept für Pfirsich-Vanille-Scones,2026-09-12,2026-09-13,2,1
63743511667264,2026-09-12T05:45:13+00:00,https://www.leckerschmecker.me/haehnchen-kartoffel-pfanne-a-b/63743511667264,Für dieses Gericht brauchst du nur eine Pfanne,2026-09-12,2026-09-12,1,1
63743511430262,2026-09-12T06:00:50+00:00,https://www.leckerschmecker.me/kuerbis-kartoffel-auflauf-a-p-lecker-schmeckt/63743511430262,Kürbis-Kartoffel-Auflauf: So lecker schmeckt der Herbst,2026-09-12,2026-09-13,2,1
63743511728471,2026-09-12T06:05:39+00:00,https://www.leckerschmecker.me/tofu-fried-chicken-nuggets-aus-dem-airfryer-a-b/63743511728471,Knuspriger wird&#8217;s nicht: Probiere Tofu-Fried-Chicken-Nuggets aus dem Airfryer,2026-09-12,2026-09-13,2,3
63743511575605,2026-09-12T06:46:07+00:00,https://www.leckerschmecker.me/griessquark-mit-pflaumenkompott-a-a-goenn/63743511575605,"Grießbrei und Pflaumenkompott: Ein Frühstück, das nach Kindheit schmeckt",2026-09-12,2026-09-13,2,2
63743511716226,2026-09-12T06:46:08+00:00,https://www.leckerschmecker.me/quark-griess-auflauf-mit-erdbeeren-a-a-fruehstueck/63743511716226,Mit diesem Quark-Grieß-Auflauf mit Erdbeeren startest du genussvoll in den Tag,2026-09-12,2026-09-13,2,3
63743511757776,2026-09-12T06:47:00+00:00,https://www.leckerschmecker.me/caprese-grilled-cheese/63743511757776,Dieses Caprese Grilled Cheese erinnert an Urlaub in Italien,2026-09-12,2026-09-12,1,1
63743511289301,2026-09-12T06:47:10+00:00,https://www.leckerschmecker.me/flammkuchen-waffeln-a-d/63743511289301,"Flammkuchen-Waffeln mit Schmand, Schinken und Käse",2026-09-12,2026-09-13,2,1
63743511405053,2026-09-12T06:52:28+00:00,https://www.leckerschmecker.me/zucchini-scarpaccia-a-w/63743511405053,Zucchini-Scarpaccia: ein knuspriges Gericht mit wenigen Zutaten aus Italien,2026-09-12,2026-09-13,2,1
63743511464594,2026-09-12T06:55:16+00:00,https://www.leckerschmecker.me/zwiebelringe-aus-dem-airfryer-a-c/63743511464594,Knuspriger Snack: Zwiebelringe aus dem Airfryer,2026-09-12,2026-09-13,2,1
63743511727371,2026-09-12T06:57:56+00:00,https://www.leckerschmecker.me/zwetschgen-quark-auflauf-a-a/63743511727371,Dieser Zwetschgen-Quark-Auflauf ist der gemütliche Ofenklassiker für dein Spätsommerfrühstück,2026-09-12,2026-09-13,2,6
63743511588442,2026-09-12T07:00:40+00:00,https://www.leckerschmecker.me/leberkaese-auflauf-a-c/63743511588442,Dieser Leberkäse-Auflauf schmeckt nicht nur zum Oktoberfest,2026-09-12,2026-09-13,2,1
63743511523286,2026-09-12T07:03:01+00:00,https://www.leckerschmecker.me/jaegerschnitzel-auflauf-a-e/63743511523286,Jägerschnitzel-Auflauf verleiht dem Klassiker ein neues Gewand,2026-09-12,2026-09-13,2,1
63743511700676,2026-09-12T07:04:06+00:00,https://www.leckerschmecker.me/winzersteak-a-a/63743511700676,Winzersteak nach Pfälzer Art: würzig mariniert und herrlich zart,2026-09-12,2026-09-12,1,1
63743511634988,2026-09-12T07:05:35+00:00,https://www.leckerschmecker.me/ruehrei-aus-dem-airfryer-a-a/63743511634988,Für dieses Rührei brauchst du keine Pfanne mehr,2026-09-12,2026-09-13,2,1
63743511685901,2026-09-12T07:06:34+00:00,https://www.leckerschmecker.me/wattekuchen-a-a/63743511685901,Wolkenleichter Kuchengenuss vom Blech,2026-09-12,2026-09-13,2,1
63743511501016,2026-09-12T07:10:49+00:00,https://www.leckerschmecker.me/quarkpfannkuchen-ohne-mehl-a-c/63743511501016,Quarkpfannkuchen ohne Mehl: dein neuer Frühstücksliebling,2026-09-12,2026-09-13,2,1
63743511593017,2026-09-12T07:15:21+00:00,https://www.leckerschmecker.me/zwetschgen-quarkkuchen-a-a/63743511593017,Dieser Kuchenklassiker sorgt bei jedem Kaffeekranz für grinsende Gesichter,2026-09-12,2026-09-12,1,1
63743511596285,2026-09-12T07:16:20+00:00,https://www.leckerschmecker.me/milchreis-mit-zwetschgenkompott-a-a/63743511596285,Dieser Milchreis schmeckt nach Geborgenheit,2026-09-12,2026-09-13,2,1
63743511373455,2026-09-12T07:17:05+00:00,https://www.leckerschmecker.me/mohnnudeln-mit-zwetschgenkompott-a-c/63743511373455,Süße Mohnnudeln mit Zwetschgenkompott: ein Klassiker der österreichischen Küche,2026-09-12,2026-09-13,2,1
63743511757452,2026-09-12T07:21:00+00:00,https://www.leckerschmecker.me/brausepulver-selbst-machen/63743511757452,Kunterbunter Prickelspaß: So einfach stellst du Himbeer-Brausepulver selbst her,2026-09-12,2026-09-12,1,1
63743511633615,2026-09-12T07:22:20+00:00,https://www.leckerschmecker.me/karottensalat-mit-sesam-ingwer-dressing-a-b/63743511633615,Diesen Karottensalat willst du immer wieder snacken,2026-09-12,2026-09-13,2,1
63743511587901,2026-09-12T07:22:56+00:00,https://www.leckerschmecker.me/zwetschgen-reisauflauf-a-a/63743511587901,Der Duft von Zimt und Zwetschgen: süßer Reisauflauf für trübe Tage,2026-09-12,2026-09-13,2,1
63743511458309,2026-09-12T07:30:40+00:00,https://www.leckerschmecker.me/boterkoek-hollaendischer-butterkuchen-a-c/63743511458309,Boterkoek: holländischer Butterkuchen ist besonders einfach und lecker,2026-09-12,2026-09-13,2,1
63743511541441,2026-09-12T07:32:52+00:00,https://www.leckerschmecker.me/flammkuchen-mit-apfel-und-brie-a-b-esstisch/63743511541441,Dieser raffinierte Flammkuchen bringt einen Herbststar auf den Tisch,2026-09-12,2026-09-13,2,3
63743511754958,2026-09-12T07:32:53+00:00,https://www.leckerschmecker.me/schichtsalat-klassiker/63743511754958,Klassischer Schichtsalat: Dieser bunte Retro-Klassiker darf auf keinem Büfett fehlen,2026-09-12,2026-09-13,2,5
63743511757713,2026-09-12T08:11:00+00:00,https://www.leckerschmecker.me/vegane-brotchips-bowl/63743511757713,Vegane Brotchips-Bowl: Knusprige Rettung für den letzten Rest vom Schützenfest,2026-09-12,2026-09-12,1,1
63743511757752,2026-09-12T08:58:34+00:00,https://www.leckerschmecker.me/vegane-smashed-potato-tarte-knusprige/63743511757752,Vegane Smashed-Potato-Tarte: das knusprige Wohlfühlgericht aus dem Ofen,2026-09-12,2026-09-13,2,2
63743511757984,2026-09-12T09:38:00+00:00,https://www.leckerschmecker.me/koreanische-kartoffelpfannkuchen/63743511757984,Diese koreanischen Kartoffelpfannkuchen werden außen kross und innen wunderbar weich,2026-09-13,2026-09-13,1,1
63743511585999,2026-09-12T09:53:21+00:00,https://www.leckerschmecker.me/kuerbis-pilz-flammkuchen-a-a/63743511585999,Dieser Flammkuchen steht voll und ganz im Zeichen des Herbstes,2026-09-13,2026-09-13,1,1
63743511579893,2026-09-12T09:53:45+00:00,https://www.leckerschmecker.me/pilz-masala-a-a/63743511579893,"Würzig, cremig, einfach gemacht: Dieses Curry macht glücklich",2026-09-13,2026-09-13,1,1
63743511755024,2026-09-12T09:56:06+00:00,https://www.leckerschmecker.me/puddingbrezeln-aus-dem-airfryer-a-a/63743511755024,Beliebten Bäckereisnack in der Heißluftfritteuse selbst machen,2026-09-13,2026-09-13,1,5
63743511757512,2026-09-12T10:08:00+00:00,https://www.leckerschmecker.me/brokkoli-schinken-nudelauflauf/63743511757512,Dieser cremig-käsige Brokkoli-Schinken-Nudelauflauf macht alle am Tisch glücklich,2026-09-13,2026-09-13,1,1
63743511756945,2026-09-12T10:58:36+00:00,https://www.leckerschmecker.me/donauwelle-mit-zwetschgen-blechkuchen/63743511756945,Donauwelle mit Zwetschgen: fruchtiger Blechkuchen mit Schoko-Wellen,2026-09-13,2026-09-14,2,3
63743511757861,2026-09-12T11:27:27+00:00,https://www.leckerschmecker.me/pflaumen-tiramisu-torte-schichtet/63743511757861,"Diese Pflaumen-Tiramisu-Torte schichtet Kaffee, Creme und Spätsommerfrucht",2026-09-13,2026-09-14,2,2
63743511757918,2026-09-12T13:31:30+00:00,https://www.leckerschmecker.me/spaetzle-cacio-e-pepe-bringen/63743511757918,Diese Spätzle Cacio e Pepe bringen schwäbische Gemütlichkeit nach Rom,2026-09-13,2026-09-14,2,2
63743511757347,2026-09-12T13:31:32+00:00,https://www.leckerschmecker.me/blaubeer-zitronenmuffins-aus-dem-airfryer-gebaeckschaetze/63743511757347,Diese Gebäckschätze stehen in 30 Minuten vor dir,2026-09-13,2026-09-14,2,2
63743511757101,2026-09-12T13:31:33+00:00,https://www.leckerschmecker.me/nutella-streuselkuchen-nussig/63743511757101,Dieser nussig-schokoladige Nutella-Streuselkuchen gelingt ganz einfach,2026-09-13,2026-09-14,2,2
63743511758297,2026-09-12T14:01:00+00:00,https://www.leckerschmecker.me/veganer-brombeer-streuselkuchen/63743511758297,Veganer Brombeer-Streuselkuchen: süßer Spätsommergenuss vom Blech,2026-09-13,2026-09-13,1,1
63743511582020,2026-09-12T14:02:41+00:00,https://www.leckerschmecker.me/walnussbutter-a-b-besteht/63743511582020,Diese Walnussbutter besteht aus nur 3 Zutaten,2026-09-13,2026-09-14,2,2
63743511583637,2026-09-12T14:49:15+00:00,https://www.leckerschmecker.me/kuerbis-kaesespaetzle-a-a/63743511583637,Willkommen in der Kürbiszeit: Käsespätzle für das ultimative Herbstglück,2026-09-13,2026-09-14,2,1
63743511424927,2026-09-12T14:49:27+00:00,https://www.leckerschmecker.me/zwetschgen-chutney-a-c/63743511424927,Zwetschgen-Chutney: leckeres Allround-Talent,2026-09-13,2026-09-14,2,1
63743511251145,2026-09-12T14:49:44+00:00,https://www.leckerschmecker.me/butterkuchen-mit-mandeln-a-f/63743511251145,Einfacher Butterkuchen mit Mandeln vom Blech,2026-09-13,2026-09-14,2,1
63743511588469,2026-09-12T14:50:08+00:00,https://www.leckerschmecker.me/kuerbis-linsen-curry-a-a/63743511588469,Ein neues Lieblingscurry für den Herbst,2026-09-13,2026-09-14,2,1
63743511757490,2026-09-12T15:26:00+00:00,https://www.leckerschmecker.me/vegane-zitronen-blondies/63743511757490,"Vegane Zitronen-Blondies: saftig, zitronig und ganz ohne Ei",2026-09-13,2026-09-14,2,1
63743511758155,2026-09-12T16:33:00+00:00,https://www.leckerschmecker.me/polpette-al-limone/63743511758155,Polpette al Limone bringen italienische Leichtigkeit in die Hackbällchenpfanne,2026-09-13,2026-09-14,2,1
63743511757264,2026-09-12T17:23:00+00:00,https://www.leckerschmecker.me/veganes-wiener-schnitzel/63743511757264,Genieße einen knusprigen Klassiker in pflanzlicher Form,2026-09-13,2026-09-14,2,1
63743511758135,2026-09-12T18:32:00+00:00,https://www.leckerschmecker.me/feigen-margarita/63743511758135,Mit einem Feigen-Margarita verabschieden wir den Sommer,2026-09-13,2026-09-13,1,1
63743511748400,2026-09-12T18:55:44+00:00,https://www.leckerschmecker.me/croque-monsieur-auflauf-unserem/63743511748400,Sag &#8218;Bonjour&#8216; zu unserem Croque-Monsieur-Auflauf,2026-09-13,2026-09-14,2,4
63743511757652,2026-09-13T04:18:33+00:00,https://www.leckerschmecker.me/mercimek-koeftesi-tuerkische-linsenbaellchen-fleisch/63743511757652,Diese Mercimek Köftesi sind würzige türkische Linsenbällchen ganz ohne Fleisch,2026-09-13,2026-09-14,2,3
63743511748019,2026-09-13T04:18:34+00:00,https://www.leckerschmecker.me/hackbaellchen-moehren-curry-august/63743511748019,Dieses Hackbällchen-Möhren-Curry bringt die ganze Familie an einen Tisch,2026-09-13,2026-09-13,1,6
63743511754967,2026-09-13T04:18:36+00:00,https://www.leckerschmecker.me/rote-bete-chips-aus-dem-airfryer-kennst/63743511754967,Gesund knabbern leicht gemacht: Rote-Bete-Chips frisch aus dem Airfryer,2026-09-13,2026-09-14,2,5
63743511749344,2026-09-13T05:07:00+00:00,https://www.leckerschmecker.me/fruhstucks-congee/63743511749344,Unser Congee ist ein wärmender Start in den Tag und braucht nur einen Topf,2026-09-13,2026-09-13,1,1
63743511758214,2026-09-13T05:29:34+00:00,https://www.leckerschmecker.me/kokos-garnelen-aus-dem-airfryer-ueberzeugen/63743511758214,Diese Garnelen überzeugen mit überraschenden Aromen,2026-09-13,2026-09-14,2,1
63743511757713,2026-09-13T05:29:36+00:00,https://www.leckerschmecker.me/vegane-brotchips-bowl-knusprige/63743511757713,Vegane Brotchips-Bowl: Knusprige Rettung für den letzten Rest vom Schützenfest,2026-09-13,2026-09-14,2,2
63743511757452,2026-09-13T05:29:37+00:00,https://www.leckerschmecker.me/brausepulver-selbst-machen-kunterbunter/63743511757452,Kunterbunter Prickelspaß: So einfach stellst du Himbeer-Brausepulver selbst her,2026-09-13,2026-09-14,2,2
63743511757776,2026-09-13T05:29:38+00:00,https://www.leckerschmecker.me/caprese-grilled-cheese-erinnert/63743511757776,Dieses Caprese Grilled Cheese erinnert an Urlaub in Italien,2026-09-13,2026-09-13,1,2
63743511757997,2026-09-13T05:29:39+00:00,https://www.leckerschmecker.me/broetchen-mit-frischkaesefuellung-fluffige/63743511757997,Fluffige Hefebrötchen mit cremigem Frischkäse-Kern,2026-09-13,2026-09-14,2,2
63743511758176,2026-09-13T06:01:00+00:00,https://www.leckerschmecker.me/apfel-marzipan-pfannkuchen/63743511758176,Diese Apfel-Marzipan-Pfannkuchen schmecken wie Apfelkuchen direkt aus der Pfanne,2026-09-13,2026-09-13,1,1
63743511584446,2026-09-13T06:34:41+00:00,https://www.leckerschmecker.me/kuerbis-spinat-gratin-a-a/63743511584446,Dieses herrliche Ofengericht begrüßt den Herbst,2026-09-13,2026-09-14,2,1
63743511429357,2026-09-13T06:35:13+00:00,https://www.leckerschmecker.me/ofen-feta-mit-kuerbis-a-r/63743511429357,Ofen-Feta mit Kürbis: herbstliches Gericht mit mediterraner Note,2026-09-13,2026-09-14,2,1
63743511250711,2026-09-13T06:35:41+00:00,https://www.leckerschmecker.me/butterkuchen-ohne-hefe-a-l/63743511250711,Nur 10 Minuten Arbeit: Backe diesen leckeren Butterkuchen ohne Hefe,2026-09-13,2026-09-14,2,1
63743511597978,2026-09-13T06:37:36+00:00,https://www.leckerschmecker.me/bratapfel-butterkuchen-a-a/63743511597978,Ein Stück Geborgenheit zum Teilen: Bratapfel-Butterkuchen,2026-09-13,2026-09-14,2,1
63743511593017,2026-09-13T06:50:49+00:00,https://www.leckerschmecker.me/zwetschgen-quarkkuchen-a-a-kuchenklassiker/63743511593017,Dieser Kuchenklassiker sorgt bei jedem Kaffeekranz für grinsende Gesichter,2026-09-13,2026-09-14,2,2
63743511667264,2026-09-13T06:50:51+00:00,https://www.leckerschmecker.me/haehnchen-kartoffel-pfanne-a-b-fuer/63743511667264,Für dieses Gericht brauchst du nur eine Pfanne,2026-09-13,2026-09-14,2,2
63743511758434,2026-09-13T06:52:00+00:00,https://www.leckerschmecker.me/erdnussbutter-joghurt-porridge/63743511758434,Erdnussbutter-Joghurt-Porridge: schmeckt wie ein Peanutbutter-Sandwich zum Löffeln,2026-09-13,2026-09-13,1,1
63743511540341,2026-09-13T07:00:11+00:00,https://www.leckerschmecker.me/haehnchen-brokkoli-auflauf-mit-feta-a-d/63743511540341,Feierabendküche: Hähnchen-Brokkoli-Auflauf mit Feta,2026-09-13,2026-09-14,2,1
63743511641425,2026-09-13T07:02:52+00:00,https://www.leckerschmecker.me/brokkoli-champignon-pfanne-a-b/63743511641425,Blitzrezept: Brokkoli-Champignon-Pfanne in nur 25 Minuten,2026-09-13,2026-09-14,2,1
63743511403921,2026-09-13T07:07:16+00:00,https://www.leckerschmecker.me/nudeln-mit-pfifferlingen-a-d/63743511403921,Diese Nudeln mit Pfifferlingen stehen in 20 Minuten auf dem Tisch,2026-09-13,2026-09-14,2,1
63743511581649,2026-09-13T07:08:04+00:00,https://www.leckerschmecker.me/french-toast-sticks-airfryer-a-d/63743511581649,"Dieser Airfryer-Snack ist knusprig, goldbraun und perfekt fürs Frühstück",2026-09-13,2026-09-14,2,1
63743511639338,2026-09-13T07:09:06+00:00,https://www.leckerschmecker.me/eier-kaese-toast-airfryer-a-b/63743511639338,Ei love it: Käse-Toast aus der Heißluftfritteuse,2026-09-13,2026-09-14,2,4
63743511658077,2026-09-13T07:14:35+00:00,https://www.leckerschmecker.me/quark-scones-a-a/63743511658077,Frühstücksbrötchen mit Pfiff: leckere Quark-Scones für den fitten Morgen,2026-09-13,2026-09-14,2,1
63743511646803,2026-09-13T07:19:53+00:00,https://www.leckerschmecker.me/linsenknoedel-mit-currysosse-a-a/63743511646803,Schnell gemacht und verdammt lecker: Linsenknödel mit Currysoße,2026-09-13,2026-09-14,2,1
63743511564275,2026-09-13T07:22:25+00:00,https://www.leckerschmecker.me/mango-haehnchen-curry-a-c/63743511564275,Fruchtiges Mango-Hähnchen-Curry für den Feierabend,2026-09-13,2026-09-14,2,1
63743511475509,2026-09-13T07:23:02+00:00,https://www.leckerschmecker.me/curry-linsen-suppe-a-c/63743511475509,So schnell kochst du diese einfache Curry-Linsen-Suppe,2026-09-13,2026-09-14,2,1
63743511756935,2026-09-13T07:24:00+00:00,https://www.leckerschmecker.me/mozzarellawasser-verwenden/63743511756935,Nicht wegschütten: Dafür kannst du Mozzarellawasser noch verwenden,2026-09-13,2026-09-13,1,1
63743511706414,2026-09-13T07:25:20+00:00,https://www.leckerschmecker.me/chinesisches-erdnusshaehnchen-a-a/63743511706414,"So lecker, so knusprig: Hähnchen mit cremiger Erdnusssoße",2026-09-13,2026-09-14,2,1
63743511665643,2026-09-13T07:26:26+00:00,https://www.leckerschmecker.me/wolkenkuchen-a-a/63743511665643,Fluffig leichter Wolkenkuchen: dein neues Back-Highlight,2026-09-13,2026-09-14,2,1
63743511757901,2026-09-13T07:27:44+00:00,https://www.leckerschmecker.me/fruehstuecks-kartoffelpizza-spiegelei/63743511757901,Mit dieser Frühstücks-Kartoffelpizza mit Spiegelei startest du extra knusprig in den Tag,2026-09-13,2026-09-14,2,2
63743511749591,2026-09-13T07:27:45+00:00,https://www.leckerschmecker.me/schinken-kaese-lasagne-roellchen-deluxe/63743511749591,Resteverwertung deluxe: überbackene Schinken-Käse-Lasagne-Röllchen,2026-09-13,2026-09-14,2,3
63743511597296,2026-09-13T07:27:46+00:00,https://www.leckerschmecker.me/apfel-mohnkuchen-a-c-koennte/63743511597296,Dieser Apfel-Mohnkuchen vom Blech könnte dein neuer Lieblingskuchen werden,2026-09-13,2026-09-14,2,2
63743511756509,2026-09-13T07:27:47+00:00,https://www.leckerschmecker.me/champignon-lauch-galette-gemuetlichkeit/63743511756509,Champignon-Lauch-Galette: herbstliche Gemütlichkeit auf dem Teller,2026-09-13,2026-09-14,2,3
63743511343638,2026-09-13T07:29:47+00:00,https://www.leckerschmecker.me/maulwurfkuchen-vom-blech-a-a/63743511343638,Maulwurfkuchen vom Blech: Ein leckerer Klassiker für Jung und Alt,2026-09-13,2026-09-14,2,1
63743511757820,2026-09-13T08:13:00+00:00,https://www.leckerschmecker.me/frittierte-rettichbaellchen/63743511757820,So knusprig willst du Rettich wahrscheinlich immer wieder futtern,2026-09-13,2026-09-13,1,1
63743511700676,2026-09-13T08:44:34+00:00,https://www.leckerschmecker.me/winzersteak-a-a-pfaelzer/63743511700676,Winzersteak nach Pfälzer Art: würzig mariniert und herrlich zart,2026-09-13,2026-09-14,2,2
63743511653749,2026-09-13T08:44:35+00:00,https://www.leckerschmecker.me/nudel-lachs-auflauf-mit-brokkoli-a-a-ofenliebling/63743511653749,Ofenliebling: Nudel-Lachs-Auflauf mit Brokkoli,2026-09-13,2026-09-14,2,2
63743511758282,2026-09-13T09:41:00+00:00,https://www.leckerschmecker.me/carbonara-lasagne/63743511758282,"Carbonara-Lasagne: Wenn zwei Klassiker beschließen, gemeinsame Sache zu machen",2026-09-13,2026-09-14,2,1
63743511757908,2026-09-13T10:18:00+00:00,https://www.leckerschmecker.me/vegane-chinakohlrouladen/63743511757908,Lust auf Rouladen? Dann greif doch einfach mal zu Chinakohl,2026-09-13,2026-09-13,1,1
63743511493574,2026-09-13T11:17:47+00:00,https://www.leckerschmecker.me/speckpfannkuchen-a-c/63743511493574,Speckpfannkuchen mit Käse schmecken zum Frühstück oder Mittag,2026-09-13,2026-09-14,2,1
63743511521300,2026-09-13T11:19:37+00:00,https://www.leckerschmecker.me/cowboy-auflauf-a-c/63743511521300,Deftiger Cowboy-Auflauf im Handumdrehen zubereitet,2026-09-13,2026-09-15,3,1
63743511576695,2026-09-13T11:20:09+00:00,https://www.leckerschmecker.me/zwetschgen-senf-a-a/63743511576695,Scharf trifft fruchtig: So einfach stellst du Zwetschgen-Senf her,2026-09-13,2026-09-15,3,1
63743511505793,2026-09-13T11:20:54+00:00,https://www.leckerschmecker.me/polenta-gratin-a-b/63743511505793,Polenta-Gratin zum Verlieben: einfach zubereitet und köstlich würzig,2026-09-13,2026-09-15,3,1
63743511477888,2026-09-13T11:23:52+00:00,https://www.leckerschmecker.me/kartoffel-hackbaellchen-auflauf-a-f/63743511477888,Neues Lieblingsgericht für kühlere Tage: Kartoffel-Hackbällchen-Auflauf,2026-09-13,2026-09-15,3,3
63743511659802,2026-09-13T11:25:01+00:00,https://www.leckerschmecker.me/ofenlachs-mit-spinat-und-mozzarella-a-a/63743511659802,Fisch verliebt in diesen Ofenlachs mit Spinat und Mozzarella,2026-09-13,2026-09-13,1,1
63743511758212,2026-09-13T11:27:00+00:00,https://www.leckerschmecker.me/spaghettikuerbis-aus-dem-airfryer/63743511758212,"Weniger Aufwand, voller Geschmack: Spaghettikürbis mit Tomaten und veganem Feta",2026-09-13,2026-09-13,1,1
63743511590470,2026-09-13T11:27:14+00:00,https://www.leckerschmecker.me/saegespaenekuchen-vom-blech-a-b/63743511590470,Das Rezept für den leckersten Sägespänekuchen aller Zeiten,2026-09-13,2026-09-15,3,1
63743511582894,2026-09-13T11:27:22+00:00,https://www.leckerschmecker.me/griechischer-honigkuchen-a-c/63743511582894,Diesen Kuchen hätten die Götter nicht besser backen können,2026-09-13,2026-09-15,3,1
63743511341305,2026-09-13T12:49:36+00:00,https://www.leckerschmecker.me/schwedische-mandeltorte-a-d-backe/63743511341305,Wie aus Schweden: süße Mandeltorte für besondere Momente,2026-09-13,2026-09-15,3,2
63743511758135,2026-09-13T13:32:31+00:00,https://www.leckerschmecker.me/feigen-margarita-verabschieden/63743511758135,Mit einem Feigen-Margarita verabschieden wir den Sommer,2026-09-13,2026-09-15,3,2
63743511758297,2026-09-13T13:32:32+00:00,https://www.leckerschmecker.me/veganer-brombeer-streuselkuchen-suesser/63743511758297,Veganer Brombeer-Streuselkuchen: süßer Spätsommergenuss vom Blech,2026-09-13,2026-09-15,3,2
63743511646084,2026-09-13T14:09:38+00:00,https://www.leckerschmecker.me/leberkaese-gnocchi-auflauf-a-a-ehrlicher/63743511646084,"Ein ehrlicher Auflauf, der allen schmeckt",2026-09-13,2026-09-15,3,2
63743511755065,2026-09-13T14:09:40+00:00,https://www.leckerschmecker.me/gefuellte-burgerbroetchen-airfryer-wasser/63743511755065,Burger mal anders: gefüllte Burgerbrötchen aus dem Airfryer,2026-09-13,2026-09-15,3,5
63743511757552,2026-09-13T15:21:00+00:00,https://www.leckerschmecker.me/zwetschgen-krapfen-mit-mohnzucker/63743511757552,Ein Herbstrezept zum Verlieben: Zwetschgen-Krapfen mit Mohnzucker,2026-09-13,2026-09-14,2,1
63743511758304,2026-09-13T15:21:00+00:00,https://www.leckerschmecker.me/brownie-birnenkuchen/63743511758304,"Fruchtig, schokoladig, nussig: ein perfekter Kuchen zu jeder Gelegenheit",2026-09-13,2026-09-14,2,1
63743511755542,2026-09-13T15:24:45+00:00,https://www.leckerschmecker.me/schweinefilet-mit-apfel-senf-sosse-herzhafte/63743511755542,Dieses Schweinefilet mit Apfel-Senf-Soße bringt Frucht in die herzhafte Küche,2026-09-13,2026-09-15,3,4
63743511757994,2026-09-13T16:37:00+00:00,https://www.leckerschmecker.me/franzoesisches-zwiebel-champignon-haehnchen/63743511757994,Französisches Zwiebel-Champignon-Hähnchen für ein gemütliches Abendessen,2026-09-13,2026-09-15,3,1
63743511758243,2026-09-13T17:21:00+00:00,https://www.leckerschmecker.me/flammkuchen-blaetterteigstangen/63743511758243,Flammkuchen-Blätterteigstangen: knuspriger Party-Snack mit Schinken und Käse,2026-09-13,2026-09-15,3,1
63743511749467,2026-09-13T18:31:00+00:00,https://www.leckerschmecker.me/honey-deuce-cocktail/63743511749467,Honey-Deuce-Cocktail: die leckerste Tradition der US Open,2026-09-14,2026-09-14,1,1
63743511757581,2026-09-13T19:32:43+00:00,https://www.leckerschmecker.me/weisse-bohnen-champignon-eintopf-herbstlicher/63743511757581,Herbstlicher Genuss: weiße-Bohnen-Champignon-Eintopf,2026-09-14,2026-09-15,2,2
63743511575605,2026-09-14T04:02:38+00:00,https://www.leckerschmecker.me/griessquark-mit-pflaumenkompott-a-a-fruehstueck/63743511575605,"Grießbrei und Pflaumenkompott: Ein Frühstück, das nach Kindheit schmeckt",2026-09-14,2026-09-15,2,3
63743511727371,2026-09-14T04:02:40+00:00,https://www.leckerschmecker.me/zwetschgen-quark-auflauf-a-a-gemuetliche/63743511727371,Dieser Zwetschgen-Quark-Auflauf ist der gemütliche Ofenklassiker für dein Spätsommerfrühstück,2026-09-14,2026-09-15,2,7
63743511471751,2026-09-14T04:02:41+00:00,https://www.leckerschmecker.me/nudelauflauf-mit-pilzen-a-c-herrlicher/63743511471751,Herrlicher Nudelauflauf mit Pilzen zum Dahinschmelzen,2026-09-14,2026-09-15,2,2
63743511600972,2026-09-14T04:02:42+00:00,https://www.leckerschmecker.me/silviakaka-a-c-schwedische/63743511600972,Silviakaka: die schwedische Antwort auf unseren Butterkuchen,2026-09-14,2026-09-15,2,2
63743511758382,2026-09-14T05:02:00+00:00,https://www.leckerschmecker.me/quark-griess-auflauf-mit-apfel-und-birne/63743511758382,Herbstlicher Quark-Grieß-Auflauf mit Apfel und Birne: kuscheliges Ofenfrühstück,2026-09-14,2026-09-14,1,1
63743511534121,2026-09-14T05:08:57+00:00,https://www.leckerschmecker.me/protein-bagel-a-b/63743511534121,Protein-Bagel: eiweißreiches Frühstück,2026-09-14,2026-09-15,2,1
63743511758212,2026-09-14T05:37:47+00:00,https://www.leckerschmecker.me/spaghettikuerbis-aus-dem-airfryer-aufwand/63743511758212,"Weniger Aufwand, voller Geschmack: Spaghettikürbis mit Tomaten und veganem Feta",2026-09-14,2026-09-15,2,2
63743511757908,2026-09-14T05:37:48+00:00,https://www.leckerschmecker.me/vegane-chinakohlrouladen-lust/63743511757908,Lust auf Rouladen? Dann greif doch einfach mal zu Chinakohl,2026-09-14,2026-09-15,2,2
63743511757820,2026-09-14T05:37:49+00:00,https://www.leckerschmecker.me/frittierte-rettichbaellchen-knusprig/63743511757820,So knusprig willst du Rettich wahrscheinlich immer wieder futtern,2026-09-14,2026-09-15,2,2
63743511756935,2026-09-14T05:37:50+00:00,https://www.leckerschmecker.me/mozzarellawasser-verwenden-wegschuetten/63743511756935,Nicht wegschütten: Dafür kannst du Mozzarellawasser noch verwenden,2026-09-14,2026-09-15,2,2
63743511749344,2026-09-14T05:37:51+00:00,https://www.leckerschmecker.me/fruhstucks-congee-waermender/63743511749344,Unser Congee ist ein wärmender Start in den Tag und braucht nur einen Topf,2026-09-14,2026-09-15,2,2
63743511748348,2026-09-14T05:43:00+00:00,https://www.leckerschmecker.me/amish-fruehstuecksauflauf/63743511748348,Amish-Frühstücksauflauf: Ein herzhafter Start in den Tag,2026-09-14,2026-09-14,1,1
63743511758176,2026-09-14T06:08:43+00:00,https://www.leckerschmecker.me/apfel-marzipan-pfannkuchen-schmecken/63743511758176,Diese Apfel-Marzipan-Pfannkuchen schmecken wie Apfelkuchen direkt aus der Pfanne,2026-09-14,2026-09-15,2,2
63743511758434,2026-09-14T06:08:44+00:00,https://www.leckerschmecker.me/erdnussbutter-joghurt-porridge-schmeckt/63743511758434,Erdnussbutter-Joghurt-Porridge: schmeckt wie ein Peanutbutter-Sandwich zum Löffeln,2026-09-14,2026-09-15,2,2
63743511758356,2026-09-14T06:36:00+00:00,https://www.leckerschmecker.me/veganer-pastinakenaufstrich/63743511758356,So leicht zauberst du aus Wurzelgemüse einen herrlichen Aufstrich,2026-09-14,2026-09-14,1,1
63743511748019,2026-09-14T06:45:47+00:00,https://www.leckerschmecker.me/hackbaellchen-moehren-curry-vorueber/63743511748019,Dieses Hackbällchen-Möhren-Curry bringt die ganze Familie an einen Tisch,2026-09-14,2026-09-15,2,7
63743511757752,2026-09-14T06:45:48+00:00,https://www.leckerschmecker.me/vegane-smashed-potato-tarte-wohlfuehlgericht/63743511757752,Vegane Smashed-Potato-Tarte: das knusprige Wohlfühlgericht aus dem Ofen,2026-09-14,2026-09-15,2,3
63743511587917,2026-09-14T06:57:49+00:00,https://www.leckerschmecker.me/birnen-mandel-kuchen-kastenform-a-b/63743511587917,Die Birnenzeit feiern: am besten mit diesem Kuchen,2026-09-14,2026-09-15,2,1
63743511758411,2026-09-14T07:21:00+00:00,https://www.leckerschmecker.me/zimtbroetchen-bananen-spiesse/63743511758411,Franzbrötchen einmal anders: Diese Bananen-Spieße musst du probieren,2026-09-14,2026-09-14,1,1
63743511755024,2026-09-14T07:25:42+00:00,https://www.leckerschmecker.me/puddingbrezeln-aus-dem-airfryer-a-a-beliebten/63743511755024,Beliebten Bäckereisnack in der Heißluftfritteuse selbst machen,2026-09-14,2026-09-15,2,6
63743511757984,2026-09-14T07:25:43+00:00,https://www.leckerschmecker.me/koreanische-kartoffelpfannkuchen-koreanischen/63743511757984,Diese koreanischen Kartoffelpfannkuchen werden außen kross und innen wunderbar weich,2026-09-14,2026-09-15,2,2
63743511588442,2026-09-14T07:25:44+00:00,https://www.leckerschmecker.me/leberkaese-auflauf-a-c-tradition/63743511588442,Dieser Leberkäse-Auflauf schmeckt nicht nur zum Oktoberfest,2026-09-14,2026-09-15,2,2
63743511634988,2026-09-14T07:25:45+00:00,https://www.leckerschmecker.me/ruehrei-aus-dem-airfryer-a-a-fuer/63743511634988,Für dieses Rührei brauchst du keine Pfanne mehr,2026-09-14,2026-09-15,2,2
63743511755786,2026-09-14T07:25:45+00:00,https://www.leckerschmecker.me/cuppa-cuppa-cuppa-cake-dolly/63743511755786,Amerikanischer Cuppa Cuppa Cuppa Cake à la Dolly Parton,2026-09-14,2026-09-15,2,4
63743511349306,2026-09-14T07:54:19+00:00,https://www.leckerschmecker.me/mandelmus-a-a/63743511349306,Mandelmus mit nur einer Zutat selber machen,2026-09-14,2026-09-15,2,1
63743511754973,2026-09-14T08:00:42+00:00,https://www.leckerschmecker.me/vegane-topfenknoedel-mit-zwetschgenroester-a-a/63743511754973,"Außen Brösel, innen Knödel: So machst du vegane Topfenknödel mit Zwetschgenröster",2026-09-14,2026-09-15,2,2
63743511757512,2026-09-14T08:04:39+00:00,https://www.leckerschmecker.me/brokkoli-schinken-nudelauflauf-cremig/63743511757512,Dieser cremig-käsige Brokkoli-Schinken-Nudelauflauf macht alle am Tisch glücklich,2026-09-14,2026-09-15,2,2
63743511747126,2026-09-14T08:04:40+00:00,https://www.leckerschmecker.me/honig-senf-kartoffeln-unwiderstehlich/63743511747126,"Das einfachste Kartoffelrezept aus dem Ofen: süß, würzig und unwiderstehlich",2026-09-14,2026-09-14,1,7
63743511758472,2026-09-14T08:14:00+00:00,https://www.leckerschmecker.me/malfouf-libanesischer-krautsalat/63743511758472,Der perfekte Mezze-Salat: So schmeckt die Levante,2026-09-14,2026-09-14,1,1
63743511659802,2026-09-14T08:45:33+00:00,https://www.leckerschmecker.me/ofenlachs-mit-spinat-und-mozzarella-a-a-fisch/63743511659802,Fisch verliebt in diesen Ofenlachs mit Spinat und Mozzarella,2026-09-14,2026-09-15,2,2
63743511757776,2026-09-14T08:45:34+00:00,https://www.leckerschmecker.me/caprese-grilled-cheese-urlaub/63743511757776,Dieses Caprese Grilled Cheese erinnert an Urlaub in Italien,2026-09-14,2026-09-15,2,3
63743511439320,2026-09-14T08:56:04+00:00,https://www.leckerschmecker.me/kuerbis-chips-selber-machen-a-l/63743511439320,Kürbis-Chips: Von diesem Snack bekommt man nicht genug,2026-09-14,2026-09-15,2,1
63743511758337,2026-09-14T09:29:00+00:00,https://www.leckerschmecker.me/karotten-knoepfchen-nudeln/63743511758337,Glutenfreie Karotten-Knöpfchen-Nudeln: der Trick steckt in der Wärme,2026-09-14,2026-09-14,1,1
63743511748563,2026-09-14T10:05:00+00:00,https://www.leckerschmecker.me/kuerbis-gazpacho/63743511748563,Kürbis-Gazpacho: das perfekte Gericht für den Übergang,2026-09-14,2026-09-14,1,1
63743511493574,2026-09-14T10:50:35+00:00,https://www.leckerschmecker.me/speckpfannkuchen-a-c-kaese/63743511493574,Speckpfannkuchen mit Käse schmecken zum Frühstück oder Mittag,2026-09-15,2026-09-15,1,2
63743511689761,2026-09-14T10:51:55+00:00,https://www.leckerschmecker.me/vegane-hot-dogs-mit-ananassalsa-a-a/63743511689761,Diese Hot Dogs mit Ananassalsa sind vegan und lecker,2026-09-15,2026-09-16,2,1
63743511694783,2026-09-14T10:56:25+00:00,https://www.leckerschmecker.me/hasselback-haehnchen-caprese-a-a/63743511694783,Italienisch-schwedische Freundschaft: Hasselback-Hähnchen-Caprese,2026-09-15,2026-09-16,2,1
63743511686702,2026-09-14T10:59:02+00:00,https://www.leckerschmecker.me/coffee-limoncello-spritz-a-a/63743511686702,Dieser Coffee-Limoncello-Spritz katapultiert dich geschmacklich zurück in den Italienurlaub,2026-09-15,2026-09-16,2,1
63743511757861,2026-09-14T11:36:35+00:00,https://www.leckerschmecker.me/pflaumen-tiramisu-torte-kaffee/63743511757861,"Diese Pflaumen-Tiramisu-Torte schichtet Kaffee, Creme und Spätsommerfrucht",2026-09-15,2026-09-15,1,3
63743511523286,2026-09-14T11:36:36+00:00,https://www.leckerschmecker.me/jaegerschnitzel-auflauf-a-e-verleiht/63743511523286,Jägerschnitzel-Auflauf verleiht dem Klassiker ein neues Gewand,2026-09-15,2026-09-16,2,2
63743511437378,2026-09-14T11:38:17+00:00,https://www.leckerschmecker.me/birnen-pudding-kuchen-a-b/63743511437378,Birnen-Pudding-Kuchen: Herbstklassiker mit fruchtiger Füllung,2026-09-15,2026-09-16,2,1
63743511595177,2026-09-14T11:57:08+00:00,https://www.leckerschmecker.me/hagebutten-birnen-marmelade-a-a/63743511595177,Vom Strauch ins Glas: Wir kochen leckere Hagebutten-Birnen-Marmelade,2026-09-15,2026-09-16,2,1
63743511593779,2026-09-14T11:59:21+00:00,https://www.leckerschmecker.me/kuerbis-parmesan-pasta-a-a/63743511593779,Kürbis-Parmesan-Pasta ist unser Lieblingsgericht im Herbst,2026-09-15,2026-09-16,2,1
63743511589176,2026-09-14T12:02:47+00:00,https://www.leckerschmecker.me/warmer-herbstsalat-a-a/63743511589176,Mit diesem warmen Salat klopft der Herbst an,2026-09-15,2026-09-16,2,1
63743511757901,2026-09-14T12:52:40+00:00,https://www.leckerschmecker.me/fruehstuecks-kartoffelpizza-startest/63743511757901,Mit dieser Frühstücks-Kartoffelpizza mit Spiegelei startest du extra knusprig in den Tag,2026-09-15,2026-09-16,2,3
63743511472317,2026-09-14T13:35:10+00:00,https://www.leckerschmecker.me/zimtschnecken-tiramisu-a-b/63743511472317,Zimtschnecken-Tiramisu vereint zwei Lieblingsdesserts,2026-09-15,2026-09-16,2,1
63743511341696,2026-09-14T13:36:11+00:00,https://www.leckerschmecker.me/tuerkische-pasta-mit-hackfleisch-a-e/63743511341696,Türkische Pasta mit Hackfleisch: So kochst du den Social-Media-Trend,2026-09-15,2026-09-16,2,1
63743511749467,2026-09-14T13:36:35+00:00,https://www.leckerschmecker.me/honey-deuce-cocktail-leckerste/63743511749467,Honey-Deuce-Cocktail: die leckerste Tradition der US Open,2026-09-15,2026-09-16,2,2
63743511757552,2026-09-14T13:36:37+00:00,https://www.leckerschmecker.me/zwetschgen-krapfen-mit-mohnzucker-herbstrezept/63743511757552,Ein Herbstrezept zum Verlieben: Zwetschgen-Krapfen mit Mohnzucker,2026-09-15,2026-09-16,2,2
63743511758304,2026-09-14T13:36:38+00:00,https://www.leckerschmecker.me/brownie-birnenkuchen-fruchtig/63743511758304,"Fruchtig, schokoladig, nussig: ein perfekter Kuchen zu jeder Gelegenheit",2026-09-15,2026-09-16,2,2
63743511442429,2026-09-14T13:52:15+00:00,https://www.leckerschmecker.me/kuerbis-gnocchi-pfanne-a-d/63743511442429,Diese einfache Kürbis-Gnocchi-Pfanne ist blitzschnell fertig,2026-09-15,2026-09-16,2,1
63743511434132,2026-09-14T13:55:31+00:00,https://www.leckerschmecker.me/kuerbis-linsen-suppe-a-g/63743511434132,Diese leckere Kürbis-Linsen-Suppe ist die Herbstsuppe schlechthin,2026-09-15,2026-09-16,2,1
63743511759027,2026-09-14T13:56:00+00:00,https://www.leckerschmecker.me/quarkkuchen-vom-blech/63743511759027,Quark-Träumchen im Großformat: Diesen Kuchen lieben alle,2026-09-15,2026-09-15,1,1
63743511397895,2026-09-14T13:59:02+00:00,https://www.leckerschmecker.me/gebratene-gnocchi-mit-sauerkraut-a-e/63743511397895,Gebratene Gnocchi mit Sauerkraut und Speck: schnelle Feierabendküche,2026-09-15,2026-09-16,2,1
63743511758155,2026-09-14T14:05:39+00:00,https://www.leckerschmecker.me/polpette-al-limone-bringen/63743511758155,Polpette al Limone bringen italienische Leichtigkeit in die Hackbällchenpfanne,2026-09-15,2026-09-16,2,2
63743511757490,2026-09-14T14:05:40+00:00,https://www.leckerschmecker.me/vegane-zitronen-blondies-saftig/63743511757490,"Vegane Zitronen-Blondies: saftig, zitronig und ganz ohne Ei",2026-09-15,2026-09-16,2,2
63743511583637,2026-09-14T14:05:42+00:00,https://www.leckerschmecker.me/kuerbis-kaesespaetzle-a-a-willkommen/63743511583637,Willkommen in der Kürbiszeit: Käsespätzle für das ultimative Herbstglück,2026-09-15,2026-09-16,2,2
63743511588469,2026-09-14T14:05:43+00:00,https://www.leckerschmecker.me/kuerbis-linsen-curry-a-a-neues/63743511588469,Ein neues Lieblingscurry für den Herbst,2026-09-15,2026-09-16,2,2
63743511501016,2026-09-14T14:05:44+00:00,https://www.leckerschmecker.me/quarkpfannkuchen-ohne-mehl-a-c-neuer/63743511501016,Quarkpfannkuchen ohne Mehl: dein neuer Frühstücksliebling,2026-09-15,2026-09-15,1,2
63743511252300,2026-09-14T14:22:59+00:00,https://www.leckerschmecker.me/flammkuchen-brezeln-a-f/63743511252300,Diese knusprigen Flammkuchen-Brezeln musst du probieren,2026-09-15,2026-09-16,2,1
63743511251501,2026-09-14T14:36:46+00:00,https://www.leckerschmecker.me/brezel-bites-a-c/63743511251501,Brezel-Bites mit Tomatenbutter: Fingerfood für jeden Anlass,2026-09-15,2026-09-16,2,1
63743511318441,2026-09-14T14:38:52+00:00,https://www.leckerschmecker.me/blaetterteig-pudding-stangen-a-k/63743511318441,Gefüllte Blätterteig-Pudding-Stangen als süßer Snack für zwischendurch,2026-09-15,2026-09-16,2,1
63743511759039,2026-09-14T14:43:00+00:00,https://www.leckerschmecker.me/semmelknoedel-taler-aus-dem-airfryer/63743511759039,Vom Knödel zum Knuspertaler: So schmeckt Resteküche aus dem Airfryer,2026-09-15,2026-09-15,1,1
63743511350154,2026-09-14T14:43:58+00:00,https://www.leckerschmecker.me/blaetterteig-pasteten-mit-pilzen-a-b/63743511350154,Gefüllter Blätterteig mit Pilzen schmeckt als Vorspeise oder Snack,2026-09-15,2026-09-16,2,1
63743511356830,2026-09-14T14:48:09+00:00,https://www.leckerschmecker.me/pizzataschen-aus-blaetterteig-a-e/63743511356830,Gefüllte Pizzataschen aus Blätterteig: perfekt zum Mitnehmen,2026-09-15,2026-09-16,2,1
63743511582020,2026-09-14T14:48:40+00:00,https://www.leckerschmecker.me/walnussbutter-a-b-zutaten/63743511582020,Diese Walnussbutter besteht aus nur 3 Zutaten,2026-09-15,2026-09-16,2,3
63743511522321,2026-09-14T15:16:38+00:00,https://www.leckerschmecker.me/brokkoli-kartoffeln-a-c/63743511522321,Diese cremigen Brokkoli-Kartoffeln zauberst du in nur einer Pfanne,2026-09-15,2026-09-16,2,1
63743511372522,2026-09-14T15:17:15+00:00,https://www.leckerschmecker.me/haferflocken-quark-brot-a-e/63743511372522,Haferflocken-Quark-Brot: So backst du das Fitnessbrot ohne Mehl und Hefe,2026-09-15,2026-09-16,2,1
63743511758976,2026-09-14T15:24:00+00:00,https://www.leckerschmecker.me/flammkuchen-mit-tomaten-und-feigen/63743511758976,Süß trifft herzhaft: Dieser Flammkuchen sorgt für echte Genussmomente,2026-09-15,2026-09-16,2,1
63743511757264,2026-09-14T15:25:44+00:00,https://www.leckerschmecker.me/veganes-wiener-schnitzel-geniesse/63743511757264,Genieße einen knusprigen Klassiker in pflanzlicher Form,2026-09-15,2026-09-15,1,2
63743511758934,2026-09-14T16:02:00+00:00,https://www.leckerschmecker.me/erdnuss-suesskartoffel-eintopf/63743511758934,Süßkartoffel trifft Erdnuss – und der Herbst wird plötzlich gemütlich,2026-09-15,2026-09-15,1,1
63743511427023,2026-09-14T16:19:22+00:00,https://www.leckerschmecker.me/birnen-walnuss-tarte-a-d/63743511427023,Diesen süßen Herbstkuchen musst du probieren: Birnen-Walnuss-Tarte,2026-09-15,2026-09-16,2,1
63743511758869,2026-09-14T17:18:00+00:00,https://www.leckerschmecker.me/hackbaellchen-mac-and-cheese/63743511758869,Hackbällchen-Mac-and-Cheese ist Comfort Food in maximal cremig,2026-09-15,2026-09-16,2,1
63743511758864,2026-09-14T18:41:00+00:00,https://www.leckerschmecker.me/haehnchen-in-champignon-biersosse/63743511758864,Dieses Hähnchen in Champignon-Biersoße ist perfekt für gemütliche Herbstabende,2026-09-15,2026-09-16,2,1
63743511700676,2026-09-14T18:57:40+00:00,https://www.leckerschmecker.me/winzersteak-a-a-art/63743511700676,Winzersteak nach Pfälzer Art: würzig mariniert und herrlich zart,2026-09-15,2026-09-16,2,3
63743511759272,2026-09-14T19:11:00+00:00,https://www.leckerschmecker.me/walnuesse-trocknen/63743511759272,Walnüsse richtig trocknen: So bleiben sie knackig und aromatisch,2026-09-15,2026-09-15,1,1
63743511759035,2026-09-15T05:04:00+00:00,https://www.leckerschmecker.me/cruffins-mit-marzipanfuellung/63743511759035,"Außen knusprig, innen Marzipan: Diese Cruffins sind unwiderstehlich",2026-09-15,2026-09-16,2,1
63743511748563,2026-09-15T05:20:38+00:00,https://www.leckerschmecker.me/kuerbis-gazpacho-perfekte/63743511748563,Kürbis-Gazpacho: das perfekte Gericht für den Übergang,2026-09-15,2026-09-16,2,2
63743511758337,2026-09-15T05:20:40+00:00,https://www.leckerschmecker.me/karotten-knoepfchen-nudeln-glutenfreie/63743511758337,Glutenfreie Karotten-Knöpfchen-Nudeln: der Trick steckt in der Wärme,2026-09-15,2026-09-16,2,2
63743511758411,2026-09-15T05:20:41+00:00,https://www.leckerschmecker.me/zimtbroetchen-bananen-spiesse-franzbroetchen/63743511758411,Franzbrötchen einmal anders: Diese Bananen-Spieße musst du probieren,2026-09-15,2026-09-16,2,2
63743511758356,2026-09-15T05:20:42+00:00,https://www.leckerschmecker.me/veganer-pastinakenaufstrich-zauberst/63743511758356,So leicht zauberst du aus Wurzelgemüse einen herrlichen Aufstrich,2026-09-15,2026-09-16,2,2
63743511748348,2026-09-15T05:20:43+00:00,https://www.leckerschmecker.me/amish-fruehstuecksauflauf-herzhafter/63743511748348,Amish-Frühstücksauflauf: Ein herzhafter Start in den Tag,2026-09-15,2026-09-16,2,2
63743511759097,2026-09-15T05:46:00+00:00,https://www.leckerschmecker.me/vegane-bananenpfannkuchen/63743511759097,Das hier sind die besten Bananenpfannkuchen deines Lebens,2026-09-15,2026-09-15,1,1
63743511758933,2026-09-15T06:09:35+00:00,https://www.leckerschmecker.me/zwetschgen-cheesecake-im-glas-fuer/63743511758933,Zwetschgen-Cheesecake im Glas: Für diesen Kuchen bleibt der Ofen aus,2026-09-15,2026-09-16,2,1
63743511758472,2026-09-15T06:09:36+00:00,https://www.leckerschmecker.me/malfouf-libanesischer-krautsalat-perfekte/63743511758472,Der perfekte Mezze-Salat: So schmeckt die Levante,2026-09-15,2026-09-16,2,2
63743511758382,2026-09-15T06:09:38+00:00,https://www.leckerschmecker.me/quark-griess-auflauf-mit-apfel-und-birne-herbstlicher/63743511758382,Herbstlicher Quark-Grieß-Auflauf mit Apfel und Birne: kuscheliges Ofenfrühstück,2026-09-15,2026-09-16,2,2
63743511401404,2026-09-15T06:18:40+00:00,https://www.leckerschmecker.me/gefuellte-fruehstuecksbroetchen-a-c/63743511401404,"Gefüllte Frühstücksbrötchen mit Ei, Bacon und Käse aus dem Ofen",2026-09-15,2026-09-16,2,1
63743511361030,2026-09-15T06:24:08+00:00,https://www.leckerschmecker.me/gebackene-avocado-mit-ei-und-lachs-a-m/63743511361030,Eier zum Frühstück mal anders: gebackene Avocado mit Ei und Lachs,2026-09-15,2026-09-16,2,1
63743511749269,2026-09-15T06:34:00+00:00,https://www.leckerschmecker.me/taiwanesischer-cheese-tea/63743511749269,Frischkäse verleiht diesem Tee seine flauschige Haube,2026-09-15,2026-09-15,1,1
63743511749865,2026-09-15T06:40:59+00:00,https://www.leckerschmecker.me/pfifferlinge-putzen-tipps-a-b/63743511749865,Pfifferlinge putzen: die besten Tipps und Tricks,2026-09-15,2026-09-16,2,3
63743511580881,2026-09-15T06:50:38+00:00,https://www.leckerschmecker.me/semmelknoedel-mit-pfifferlingen-a-b/63743511580881,"Semmelknödel, Sahnesoße, Pfifferlinge: Die heilige Dreifaltigkeit des Herbstes",2026-09-15,2026-09-16,2,1
63743511571486,2026-09-15T06:51:50+00:00,https://www.leckerschmecker.me/brezelauflauf-mit-pfifferlingen-a-b/63743511571486,"Wenn Brezeln auf Pfifferlinge treffen, dann passiert etwas Magisches",2026-09-15,2026-09-16,2,1
63743511747126,2026-09-15T06:53:42+00:00,https://www.leckerschmecker.me/honig-senf-kartoffeln-zaehlen/63743511747126,"Das einfachste Kartoffelrezept aus dem Ofen: süß, würzig und unwiderstehlich",2026-09-15,2026-09-16,2,8
63743511749591,2026-09-15T06:53:43+00:00,https://www.leckerschmecker.me/schinken-kaese-lasagne-roellchen-ueberbackene/63743511749591,Resteverwertung deluxe: überbackene Schinken-Käse-Lasagne-Röllchen,2026-09-15,2026-09-16,2,4
63743511591973,2026-09-15T07:09:11+00:00,https://www.leckerschmecker.me/apfel-curd-a-b/63743511591973,Erdbeermarmelade war gestern! Im Herbst frühstücken wir Apfel-Curd,2026-09-15,2026-09-16,2,1
63743511758880,2026-09-15T07:31:00+00:00,https://www.leckerschmecker.me/auberginen-ricotta-salat/63743511758880,Auberginen-Ricotta-Salat schmeckt lauwarm am allerbesten,2026-09-15,2026-09-15,1,1
63743511758282,2026-09-15T07:37:45+00:00,https://www.leckerschmecker.me/carbonara-lasagne-klassiker/63743511758282,"Carbonara-Lasagne: Wenn zwei Klassiker beschließen, gemeinsame Sache zu machen",2026-09-15,2026-09-16,2,2
63743511653749,2026-09-15T07:37:46+00:00,https://www.leckerschmecker.me/nudel-lachs-auflauf-mit-brokkoli-a-a-herz/63743511653749,Ofenliebling: Nudel-Lachs-Auflauf mit Brokkoli,2026-09-15,2026-09-16,2,3
63743511665643,2026-09-15T07:37:47+00:00,https://www.leckerschmecker.me/wolkenkuchen-a-a-fluffig/63743511665643,Fluffig leichter Wolkenkuchen: dein neues Back-Highlight,2026-09-15,2026-09-16,2,2
63743511706414,2026-09-15T07:37:48+00:00,https://www.leckerschmecker.me/chinesisches-erdnusshaehnchen-a-a-lecker/63743511706414,"So lecker, so knusprig: Hähnchen mit cremiger Erdnusssoße",2026-09-15,2026-09-16,2,2
63743511488912,2026-09-15T07:43:52+00:00,https://www.leckerschmecker.me/kartoffeln-mit-quark-und-leinoel-a-a/63743511488912,Lausitzer Kartoffeln mit Quark sind ein echter Klassiker,2026-09-15,2026-09-16,2,1
63743511759281,2026-09-15T08:12:00+00:00,https://www.leckerschmecker.me/fudgy-biscoff-brownies/63743511759281,"Fudgy Biscoff-Brownies: dicht, schokoladig und voller Keksaufstrich",2026-09-15,2026-09-15,1,1
63743511582414,2026-09-15T08:13:58+00:00,https://www.leckerschmecker.me/apfelkrapfen-aus-dem-airfryer-a-d/63743511582414,Apfelkrapfen aus dem Airfryer: Besser kannst du Äpfel nicht zubereiten,2026-09-15,2026-09-16,2,1
63743511489829,2026-09-15T08:29:02+00:00,https://www.leckerschmecker.me/blaetterteig-quarkstangen-a-e/63743511489829,Was für den süßen Zahn gesucht? Blätterteig und Vanillequarkcreme werden zu diesem Gebäck,2026-09-15,2026-09-16,2,1
63743511400960,2026-09-15T09:21:47+00:00,https://www.leckerschmecker.me/brokkoli-kaese-suppe-a-a/63743511400960,Diese Brokkoli-Käse-Suppe schmeckt herrlich cremig,2026-09-15,2026-09-16,2,1
63743511759075,2026-09-15T09:27:00+00:00,https://www.leckerschmecker.me/panierte-speck-frikadellen/63743511759075,Panierte Speck-Frikadellen: Besser kann man Bouletten nicht zubereiten,2026-09-15,2026-09-15,1,1
63743511572836,2026-09-15T09:52:46+00:00,https://www.leckerschmecker.me/weisse-bohnen-cacio-e-pepe-a-c/63743511572836,Cacio e Pepe in der Bohnenversion: So kennst du den Klassiker noch nicht,2026-09-15,2026-09-17,3,2
63743511490533,2026-09-15T09:55:15+00:00,https://www.leckerschmecker.me/gebratener-leberkaese-spiegelei-spinat-a-a/63743511490533,Ein Klassiker meiner Kindheit: gebratener Leberkäse mit Spiegelei und Spinat,2026-09-15,2026-09-17,3,1
63743511459427,2026-09-15T09:56:26+00:00,https://www.leckerschmecker.me/bratkartoffeln-mit-ei-und-bohnen-a-c/63743511459427,Bratkartoffeln mit Ei und Bohnen: Wohlfühlgericht für jede Gelegenheit,2026-09-15,2026-09-17,3,1
63743511758955,2026-09-15T10:01:00+00:00,https://www.leckerschmecker.me/linsensalat-gratin-mit-ziegenkaese/63743511758955,So hast du deinen Linsensalat garantiert noch nicht gegessen,2026-09-15,2026-09-15,1,1
63743511692062,2026-09-15T11:08:15+00:00,https://www.leckerschmecker.me/lemon-lime-and-bitters-a-a/63743511692062,"Lemon, Lime and Bitters: ein Mocktail, der nach Australien schmeckt",2026-09-15,2026-09-17,3,1
63743511433429,2026-09-15T11:09:55+00:00,https://www.leckerschmecker.me/knoblauch-kartoffelauflauf-a-k/63743511433429,Unser Knoblauch-Kartoffelauflauf schmeckt einfach fantastisch,2026-09-15,2026-09-17,3,1
63743511697874,2026-09-15T11:11:56+00:00,https://www.leckerschmecker.me/laugenbaguettes-mit-kraeuterbutter-a-a/63743511697874,Laugenliebe mit Kräuterbutter: So gelingt das perfekte Baguette,2026-09-15,2026-09-17,3,1
63743511698784,2026-09-15T11:13:53+00:00,https://www.leckerschmecker.me/baked-beans-mit-ei-im-glas-a-a/63743511698784,Klassiker neu interpretiert: Baked Beans mit Ei im Glas,2026-09-15,2026-09-17,3,1
63743511343157,2026-09-15T11:19:23+00:00,https://www.leckerschmecker.me/knoblauchsosse-a-b/63743511343157,Selbstgemachte Knoblauchsoße wie von deinem liebsten Döner-Imbiss,2026-09-15,2026-09-17,3,1
63743511758977,2026-09-15T11:25:00+00:00,https://www.leckerschmecker.me/knoblauch-bohnen-aus-dem-airfryer/63743511758977,Diese Bohnen aus dem Airfryer machen süchtig,2026-09-15,2026-09-15,1,1
63743511593474,2026-09-15T11:51:34+00:00,https://www.leckerschmecker.me/hagebuttenmus-a-a/63743511593474,Herbstim Glas: leckeres Hagebuttenmus selber machen,2026-09-15,2026-09-17,3,1
63743511664275,2026-09-15T11:53:15+00:00,https://www.leckerschmecker.me/kaesekuchen-schwarzwaelder-art-a-a/63743511664275,Dem kann niemand widerstehen: Schwarzwälder Käsekuchen,2026-09-15,2026-09-17,3,1
63743511453652,2026-09-15T12:37:55+00:00,https://www.leckerschmecker.me/haehnchenschenkel-in-spinat-pilzrahm-a-f/63743511453652,"Hähnchenschenkel in Spinat-Pilzrahm: ein Rezept, das begeistert",2026-09-15,2026-09-17,3,1
63743511339388,2026-09-15T12:41:30+00:00,https://www.leckerschmecker.me/nudelauflauf-brokkoli-gorgonzola-a-y/63743511339388,Blitzschnell und immer lecker: Nudelauflauf mit Brokkoli und Gorgonzola,2026-09-15,2026-09-17,3,1
63743511575771,2026-09-15T12:43:10+00:00,https://www.leckerschmecker.me/haehnchen-bowl-mit-hummus-a-a/63743511575771,Probiere diese Hähnchen-Bowl mit Hummus und Couscous,2026-09-15,2026-09-17,3,1
63743511757994,2026-09-15T12:44:42+00:00,https://www.leckerschmecker.me/franzoesisches-zwiebel-champignon-haehnchen-fuer/63743511757994,Französisches Zwiebel-Champignon-Hähnchen für ein gemütliches Abendessen,2026-09-15,2026-09-16,2,2
63743511621951,2026-09-15T12:45:20+00:00,https://www.leckerschmecker.me/apfel-blaetterteig-schnitten-pudding-a-b/63743511621951,Kuchen in nur 40 Minuten? Apfel-Blätterteig-Schnitten mit Pudding machen&#8217;s möglich,2026-09-15,2026-09-17,3,1
63743511454104,2026-09-15T12:46:27+00:00,https://www.leckerschmecker.me/brokkoli-cheddar-suppe-a-g/63743511454104,Der Herbst klopft an und diese Suppe antwortet,2026-09-15,2026-09-17,3,1
63743511454001,2026-09-15T12:51:28+00:00,https://www.leckerschmecker.me/kuerbis-brokkoli-curry-a-g/63743511454001,Unser Kürbis-Brokkoli-Curry sorgt für cremigen Genuss an kalten Tagen,2026-09-15,2026-09-17,3,1
63743511759272,2026-09-15T13:32:35+00:00,https://www.leckerschmecker.me/walnuesse-trocknen-bleiben/63743511759272,Walnüsse richtig trocknen: So bleiben sie knackig und aromatisch,2026-09-15,2026-09-17,3,2
63743511758934,2026-09-15T13:32:36+00:00,https://www.leckerschmecker.me/erdnuss-suesskartoffel-eintopf-trifft/63743511758934,Süßkartoffel trifft Erdnuss – und der Herbst wird plötzlich gemütlich,2026-09-15,2026-09-17,3,2
63743511759027,2026-09-15T13:32:37+00:00,https://www.leckerschmecker.me/quarkkuchen-vom-blech-quark/63743511759027,Quark-Träumchen im Großformat: Diesen Kuchen lieben alle,2026-09-15,2026-09-17,3,2
63743511749170,2026-09-15T13:54:00+00:00,https://www.leckerschmecker.me/millionaire-pie/63743511749170,Dieses amerikanische Retro-Rezept ohne Backen ist ein Vermögen wert,2026-09-15,2026-09-16,2,1
63743511646084,2026-09-15T14:06:47+00:00,https://www.leckerschmecker.me/leberkaese-gnocchi-auflauf-a-a-schmeckt/63743511646084,"Ein ehrlicher Auflauf, der allen schmeckt",2026-09-15,2026-09-16,2,3
63743511758863,2026-09-15T14:31:00+00:00,https://www.leckerschmecker.me/kartoffel-halloumi-auflauf/63743511758863,Kartoffel-Halloumi-Auflauf bringt goldbraunen Käse und cremige Kartoffeln zusammen,2026-09-15,2026-09-16,2,1
63743511289398,2026-09-15T14:35:40+00:00,https://www.leckerschmecker.me/lachsfilet-mit-parmesan-spinat-sosse-a-b/63743511289398,Lachsfilet mit Parmesan-Spinat-Soße: passt perfekt zu Nudeln,2026-09-15,2026-09-17,3,1
63743511508251,2026-09-15T14:49:03+00:00,https://www.leckerschmecker.me/polenta-champignons-spinat-a-a/63743511508251,Polenta mit Champignons und Spinat: So leicht kann Kochen sein,2026-09-15,2026-09-17,3,1
63743511480343,2026-09-15T14:57:27+00:00,https://www.leckerschmecker.me/brokkoli-kraeuter-aufstrich-a-a/63743511480343,Brokkoli aufs Brot? Dieser kräuterige Aufstrich macht&#8217;s möglich,2026-09-15,2026-09-17,3,1
63743511501016,2026-09-15T14:58:48+00:00,https://www.leckerschmecker.me/quarkpfannkuchen-ohne-mehl-a-c-fruehstuecksliebling/63743511501016,Quarkpfannkuchen ohne Mehl: dein neuer Frühstücksliebling,2026-09-15,2026-09-17,3,3
63743511727371,2026-09-15T14:58:50+00:00,https://www.leckerschmecker.me/zwetschgen-quark-auflauf-a-a-ofenklassiker/63743511727371,Dieser Zwetschgen-Quark-Auflauf ist der gemütliche Ofenklassiker für dein Spätsommerfrühstück,2026-09-15,2026-09-17,3,8
63743511604165,2026-09-15T15:12:39+00:00,https://www.leckerschmecker.me/polenta-mit-gebratenen-maronen-a-a/63743511604165,Mehr Herbst geht nicht: Dieses Gericht steht im Nu auf dem Tisch,2026-09-15,2026-09-17,3,1
63743511758243,2026-09-15T15:27:41+00:00,https://www.leckerschmecker.me/flammkuchen-blaetterteigstangen-knuspriger/63743511758243,Flammkuchen-Blätterteigstangen: knuspriger Party-Snack mit Schinken und Käse,2026-09-15,2026-09-17,3,2
63743511759189,2026-09-15T15:28:00+00:00,https://www.leckerschmecker.me/champignon-kaese-strudel/63743511759189,Champignon-Käse-Strudel: herbstliches Ofengericht mit Blätterteig,2026-09-15,2026-09-17,3,1
63743511759104,2026-09-15T16:03:00+00:00,https://www.leckerschmecker.me/cola-selber-machen/63743511759104,Cola selber machen: ein Glas voller Kräuter und Gewürze,2026-09-15,2026-09-16,2,1
63743511498933,2026-09-15T16:36:44+00:00,https://www.leckerschmecker.me/blumenkohl-kichererbsen-curry-aus-dem-backofen-a-e/63743511498933,"Blumenkohl-Kichererbsen-Curry aus dem Backofen: intensiv, aromatisch und ohne Fleisch",2026-09-15,2026-09-17,3,1
63743511759066,2026-09-15T17:21:00+00:00,https://www.leckerschmecker.me/leberkaese-spaetzle-pfanne/63743511759066,Vermische Leberkäse und Spätzle in einer Pfanne und der Tag ist dein Freund,2026-09-15,2026-09-17,3,1
63743511755542,2026-09-15T18:00:44+00:00,https://www.leckerschmecker.me/schweinefilet-mit-apfel-senf-sosse-kueche/63743511755542,Dieses Schweinefilet mit Apfel-Senf-Soße bringt Frucht in die herzhafte Küche,2026-09-15,2026-09-16,2,5
63743511759353,2026-09-15T18:42:00+00:00,https://www.leckerschmecker.me/pasta-in-kimchi-sahnesosse/63743511759353,Nie wieder langweilige Nudeln! Mach eine Kimchi-Sahnesoße dazu,2026-09-16,2026-09-16,1,1
63743511759650,2026-09-15T19:13:00+00:00,https://www.leckerschmecker.me/schweinekoteletts-mit-pfirsichchutney/63743511759650,Süß trifft herzhaft: Schweinekoteletts mit Pfirsichchutney,2026-09-16,2026-09-16,1,1
63743511757581,2026-09-15T20:09:45+00:00,https://www.leckerschmecker.me/weisse-bohnen-champignon-eintopf-genuss/63743511757581,Herbstlicher Genuss: weiße-Bohnen-Champignon-Eintopf,2026-09-16,2026-09-17,2,3
63743511748019,2026-09-16T04:14:43+00:00,https://www.leckerschmecker.me/hackbaellchen-moehren-curry-befinde/63743511748019,Dieses Hackbällchen-Möhren-Curry bringt die ganze Familie an einen Tisch,2026-09-16,2026-09-17,2,8
63743511505793,2026-09-16T04:14:44+00:00,https://www.leckerschmecker.me/polenta-gratin-a-b-verlieben/63743511505793,Polenta-Gratin zum Verlieben: einfach zubereitet und köstlich würzig,2026-09-16,2026-09-17,2,2
63743511590470,2026-09-16T04:14:45+00:00,https://www.leckerschmecker.me/saegespaenekuchen-vom-blech-a-b-rezept/63743511590470,Das Rezept für den leckersten Sägespänekuchen aller Zeiten,2026-09-16,2026-09-17,2,2
63743511581649,2026-09-16T04:14:46+00:00,https://www.leckerschmecker.me/french-toast-sticks-airfryer-a-d-snack/63743511581649,"Dieser Airfryer-Snack ist knusprig, goldbraun und perfekt fürs Frühstück",2026-09-16,2026-09-17,2,2
63743511759489,2026-09-16T05:06:00+00:00,https://www.leckerschmecker.me/marmorwaffeln/63743511759489,Marmorkuchen aus dem Waffeleisen,2026-09-16,2026-09-16,1,1
63743511758955,2026-09-16T05:20:38+00:00,https://www.leckerschmecker.me/linsensalat-gratin-mit-ziegenkaese-garantiert/63743511758955,So hast du deinen Linsensalat garantiert noch nicht gegessen,2026-09-16,2026-09-17,2,2
63743511759281,2026-09-16T05:20:39+00:00,https://www.leckerschmecker.me/fudgy-biscoff-brownies-dicht/63743511759281,"Fudgy Biscoff-Brownies: dicht, schokoladig und voller Keksaufstrich",2026-09-16,2026-09-17,2,2
63743511758880,2026-09-16T05:20:41+00:00,https://www.leckerschmecker.me/auberginen-ricotta-salat-schmeckt/63743511758880,Auberginen-Ricotta-Salat schmeckt lauwarm am allerbesten,2026-09-16,2026-09-17,2,2
63743511749269,2026-09-16T05:20:42+00:00,https://www.leckerschmecker.me/taiwanesischer-cheese-tea-frischkaese/63743511749269,Frischkäse verleiht diesem Tee seine flauschige Haube,2026-09-16,2026-09-17,2,2
63743511759097,2026-09-16T05:20:43+00:00,https://www.leckerschmecker.me/vegane-bananenpfannkuchen-lebens/63743511759097,Das hier sind die besten Bananenpfannkuchen deines Lebens,2026-09-16,2026-09-17,2,2
63743511759475,2026-09-16T05:53:00+00:00,https://www.leckerschmecker.me/vanille-streuselbroetchen-mit-pflaumenmarmelade/63743511759475,Diese Gebäckschätze machen jeden Tag etwas gemütlicher,2026-09-16,2026-09-17,2,1
63743511607469,2026-09-16T05:56:10+00:00,https://www.leckerschmecker.me/moehren-brokkoli-quiche/63743511607469,Eine bunte Quiche die du jeden Tag essen kannst,2026-09-16,2026-09-17,2,1
63743511758977,2026-09-16T06:10:37+00:00,https://www.leckerschmecker.me/knoblauch-bohnen-aus-dem-airfryer-suechtig/63743511758977,Diese Bohnen aus dem Airfryer machen süchtig,2026-09-16,2026-09-17,2,2
63743511759075,2026-09-16T06:10:38+00:00,https://www.leckerschmecker.me/panierte-speck-frikadellen-bouletten/63743511759075,Panierte Speck-Frikadellen: Besser kann man Bouletten nicht zubereiten,2026-09-16,2026-09-17,2,2
63743511759519,2026-09-16T06:37:00+00:00,https://www.leckerschmecker.me/traubenschaum-fruehstuecksbowl/63743511759519,"Aufgeschäumter Traubensaft: Eine Frühstücksbowl, die dich überrascht",2026-09-16,2026-09-16,1,1
63743511757264,2026-09-16T06:47:49+00:00,https://www.leckerschmecker.me/veganes-wiener-schnitzel-knusprigen/63743511757264,Genieße einen knusprigen Klassiker in pflanzlicher Form,2026-09-16,2026-09-17,2,3
63743511757861,2026-09-16T06:47:50+00:00,https://www.leckerschmecker.me/pflaumen-tiramisu-torte-creme/63743511757861,"Diese Pflaumen-Tiramisu-Torte schichtet Kaffee, Creme und Spätsommerfrucht",2026-09-16,2026-09-17,2,4
63743511529990,2026-09-16T07:06:41+00:00,https://www.leckerschmecker.me/huettenkaese-lachs-omelett-a-a/63743511529990,Für Feinschmecker mit wenig Zeit: Hüttenkäse-Lachs-Omelett wie im edlen Frühstückscafé,2026-09-16,2026-09-17,2,1
63743511570574,2026-09-16T07:11:51+00:00,https://www.leckerschmecker.me/french-toast-sandwich-a-b/63743511570574,"Fast zu schön, um es zu essen: French Toast als herzhaft-süßes Sandwich",2026-09-16,2026-09-17,2,1
63743511759643,2026-09-16T07:29:00+00:00,https://www.leckerschmecker.me/pumpkin-spice-milchreis/63743511759643,Herbst im Schälchen: Pumpkin-Spice-Milchreis,2026-09-16,2026-09-16,1,1
63743511503776,2026-09-16T07:31:00+00:00,https://www.leckerschmecker.me/lauch-lachs-auflauf-a-b/63743511503776,Ofengericht ohne Aufwand: So machst du Lauch-Lachs-Auflauf,2026-09-16,2026-09-17,2,1
63743511659802,2026-09-16T07:35:49+00:00,https://www.leckerschmecker.me/ofenlachs-mit-spinat-und-mozzarella-a-a-verliebt/63743511659802,Fisch verliebt in diesen Ofenlachs mit Spinat und Mozzarella,2026-09-16,2026-09-17,2,3
63743511757512,2026-09-16T07:35:50+00:00,https://www.leckerschmecker.me/brokkoli-schinken-nudelauflauf-kaesige/63743511757512,Dieser cremig-käsige Brokkoli-Schinken-Nudelauflauf macht alle am Tisch glücklich,2026-09-16,2026-09-17,2,3
63743511755024,2026-09-16T07:35:51+00:00,https://www.leckerschmecker.me/puddingbrezeln-aus-dem-airfryer-a-a-baeckereisnack/63743511755024,Beliebten Bäckereisnack in der Heißluftfritteuse selbst machen,2026-09-16,2026-09-17,2,7
63743511755786,2026-09-16T07:35:52+00:00,https://www.leckerschmecker.me/cuppa-cuppa-cuppa-cake-parton/63743511755786,Amerikanischer Cuppa Cuppa Cuppa Cake à la Dolly Parton,2026-09-16,2026-09-17,2,5
63743511757984,2026-09-16T07:35:53+00:00,https://www.leckerschmecker.me/koreanische-kartoffelpfannkuchen-aussen/63743511757984,Diese koreanischen Kartoffelpfannkuchen werden außen kross und innen wunderbar weich,2026-09-16,2026-09-17,2,3
63743511511340,2026-09-16T07:47:01+00:00,https://www.leckerschmecker.me/brokkoli-bratlinge-a-b/63743511511340,Brokkoli-Bratlinge: schnell zubereitet mit wunderbar würziger Salsa,2026-09-16,2026-09-17,2,1
63743511759594,2026-09-16T08:05:00+00:00,https://www.leckerschmecker.me/selleriepesto/63743511759594,"Wirf Sellerieblätter nicht weg, sondern genieße sie in dieser Form",2026-09-16,2026-09-16,1,1
63743511493574,2026-09-16T08:15:35+00:00,https://www.leckerschmecker.me/speckpfannkuchen-a-c-schmecken/63743511493574,Speckpfannkuchen mit Käse schmecken zum Frühstück oder Mittag,2026-09-16,2026-09-17,2,3
63743511759039,2026-09-16T08:43:26+00:00,https://www.leckerschmecker.me/semmelknoedel-taler-aus-dem-airfryer-knoedel/63743511759039,Vom Knödel zum Knuspertaler: So schmeckt Resteküche aus dem Airfryer,2026-09-16,2026-09-17,2,2
63743511504668,2026-09-16T08:49:42+00:00,https://www.leckerschmecker.me/ofenseelachs-mit-mediterraner-kruste-a-a/63743511504668,Ofenseelachs mit mediterraner Kruste: ein Highlight für dein Abendessen,2026-09-16,2026-09-17,2,1
63743511759648,2026-09-16T09:24:00+00:00,https://www.leckerschmecker.me/sauerkraut-linsen-salat/63743511759648,Sauerkraut-Linsen-Salat: So überraschend lecker schmeckt das gesunde Duo,2026-09-16,2026-09-16,1,1
63743511759661,2026-09-16T10:08:00+00:00,https://www.leckerschmecker.me/pastinakenpfanne/63743511759661,So einfach geht aromatischer Herbstgenuss,2026-09-17,2026-09-18,2,1
63743511452013,2026-09-16T10:45:11+00:00,https://www.leckerschmecker.me/ofensalat-mit-roter-bete-und-kuerbis-a-i/63743511452013,Dieser Ofensalat mit gebackener Roter Bete und Kürbis ist ein Herbst-Favorit,2026-09-17,2026-09-18,2,1
63743511758976,2026-09-16T10:46:37+00:00,https://www.leckerschmecker.me/flammkuchen-mit-tomaten-und-feigen-suess/63743511758976,Süß trifft herzhaft: Dieser Flammkuchen sorgt für echte Genussmomente,2026-09-17,2026-09-18,2,2
63743511583637,2026-09-16T10:46:39+00:00,https://www.leckerschmecker.me/kuerbis-kaesespaetzle-a-a-kuerbiszeit/63743511583637,Willkommen in der Kürbiszeit: Käsespätzle für das ultimative Herbstglück,2026-09-17,2026-09-18,2,3
63743511504045,2026-09-16T10:48:46+00:00,https://www.leckerschmecker.me/ungarische-sauerkrautsuppe-korhelyleves-a-c/63743511504045,Lumpensuppe: So schmeckt die ungarische Suppe mit Sauerkraut,2026-09-17,2026-09-18,2,1
63743511251684,2026-09-16T11:06:43+00:00,https://www.leckerschmecker.me/butter-streuselkuchen-vom-blech-a-h/63743511251684,"Butter-Streuselkuchen vom Blech: so leicht, den kann man täglich backen",2026-09-17,2026-09-18,2,1
63743511487795,2026-09-16T11:14:16+00:00,https://www.leckerschmecker.me/sauerkraut-kartoffel-topf-a-c/63743511487795,Sauerkraut-Kartoffel-Topf: rustikales One-Pot-Gericht,2026-09-17,2026-09-18,2,1
63743511593779,2026-09-16T11:23:38+00:00,https://www.leckerschmecker.me/kuerbis-parmesan-pasta-a-a-einfaches/63743511593779,Kürbis-Parmesan-Pasta ist unser Lieblingsgericht im Herbst,2026-09-17,2026-09-18,2,2
63743511759516,2026-09-16T11:29:00+00:00,https://www.leckerschmecker.me/lemon-curd-muffins/63743511759516,So saftig und zitronig: Lemon-Curd-Muffins zum Nachbacken,2026-09-17,2026-09-18,2,1
63743511588816,2026-09-16T11:45:32+00:00,https://www.leckerschmecker.me/kuerbisknoedel-mit-salbeibutter-a-a/63743511588816,Der Herbst hat jetzt Knödel: mit Salbeibutter wird&#8217;s richtig lecker,2026-09-17,2026-09-18,2,1
63743511697171,2026-09-16T11:51:44+00:00,https://www.leckerschmecker.me/limoncello-haehnchen-mit-polenta-a-a/63743511697171,"Dieses Limoncello-Hähnchen mit Polenta ist cremig, knusprig und voller Zitronenaroma",2026-09-17,2026-09-18,2,1
63743511690390,2026-09-16T11:53:08+00:00,https://www.leckerschmecker.me/scones-mit-weisser-schokolade-und-pfefferminze-a-a/63743511690390,Diese Scones mit weißer Schokolade und Pfefferminze sind der Aroma-Kick für deinen nächsten Brunch,2026-09-17,2026-09-18,2,1
63743511697612,2026-09-16T11:54:58+00:00,https://www.leckerschmecker.me/fruehstuecksauflauf-mit-aepfeln-und-erdnussbutter-a-a/63743511697612,Sorgt für einen perfekten Start in den Tag: Frühstücksauflauf mit Äpfeln und Erdnussbutter,2026-09-17,2026-09-18,2,1
63743511586635,2026-09-16T11:57:12+00:00,https://www.leckerschmecker.me/suesskartoffel-bohnensuppe-a-b/63743511586635,Diese Suppe stärkt und macht glücklich,2026-09-17,2026-09-18,2,1
63743511428066,2026-09-16T12:04:09+00:00,https://www.leckerschmecker.me/kuerbisgratin-a-v/63743511428066,Herbstliches Kürbisgratin: schmeckt als Beilage und als Hauptgericht,2026-09-17,2026-09-18,2,1
63743511594821,2026-09-16T12:20:07+00:00,https://www.leckerschmecker.me/pumpkin-spice-tiramisu-a-a/63743511594821,Pumpkin Spice Tiramisu: das beste Dessert im Herbst,2026-09-17,2026-09-18,2,1
63743511594485,2026-09-16T12:22:28+00:00,https://www.leckerschmecker.me/eingelegte-hagebutten-a-a/63743511594485,Herbsternte konservieren: So legst du Hagebutten ein,2026-09-17,2026-09-18,2,1
63743511499136,2026-09-16T12:48:11+00:00,https://www.leckerschmecker.me/avocado-kartoffelauflauf-mit-lachs-a-b/63743511499136,Dieser Auflauf mit Lachs und Kartoffeln ist unübertrefflich,2026-09-17,2026-09-18,2,1
63743511478242,2026-09-16T13:11:22+00:00,https://www.leckerschmecker.me/zimtschnecken-vom-blech-a-c/63743511478242,Besser als in der Bäckerei: Zimtschnecken vom Blech,2026-09-17,2026-09-18,2,1
63743511593509,2026-09-16T13:14:23+00:00,https://www.leckerschmecker.me/apfel-zwiebel-gemuese-a-b/63743511593509,Der Star unter den Beilagen: Apfel-Zwiebel-Gemüse,2026-09-17,2026-09-18,2,1
63743511436623,2026-09-16T13:15:30+00:00,https://www.leckerschmecker.me/herbstliches-ofengemuese-mit-feta-a-t/63743511436623,Herbstliches Ofengemüse mit Feta: Gemüsegenuss an kalten Tagen,2026-09-17,2026-09-18,2,1
63743511759650,2026-09-16T13:36:38+00:00,https://www.leckerschmecker.me/schweinekoteletts-mit-pfirsichchutney-suess/63743511759650,Süß trifft herzhaft: Schweinekoteletts mit Pfirsichchutney,2026-09-17,2026-09-18,2,2
63743511759353,2026-09-16T13:36:39+00:00,https://www.leckerschmecker.me/pasta-in-kimchi-sahnesosse-langweilige/63743511759353,Nie wieder langweilige Nudeln! Mach eine Kimchi-Sahnesoße dazu,2026-09-17,2026-09-18,2,2
63743511759104,2026-09-16T13:36:41+00:00,https://www.leckerschmecker.me/cola-selber-machen-glas/63743511759104,Cola selber machen: ein Glas voller Kräuter und Gewürze,2026-09-17,2026-09-18,2,2
63743511758863,2026-09-16T13:36:42+00:00,https://www.leckerschmecker.me/kartoffel-halloumi-auflauf-bringt/63743511758863,Kartoffel-Halloumi-Auflauf bringt goldbraunen Käse und cremige Kartoffeln zusammen,2026-09-17,2026-09-18,2,2
63743511749170,2026-09-16T13:36:43+00:00,https://www.leckerschmecker.me/millionaire-pie-amerikanische/63743511749170,Dieses amerikanische Retro-Rezept ohne Backen ist ein Vermögen wert,2026-09-17,2026-09-18,2,2
63743511488311,2026-09-16T13:37:42+00:00,https://www.leckerschmecker.me/schoko-kokos-kuchen-vom-blech-a-e/63743511488311,Bounty in Kuchenform: schmeckt sogar noch besser als der Schokoriegel,2026-09-17,2026-09-18,2,1
63743511759574,2026-09-16T13:56:00+00:00,https://www.leckerschmecker.me/zwetschgenwaehe/63743511759574,Zwetschgenwähe: Backe diesen Schweizer Kuchenklassiker,2026-09-17,2026-09-17,1,1
63743511522321,2026-09-16T14:05:48+00:00,https://www.leckerschmecker.me/brokkoli-kartoffeln-a-c-cremige/63743511522321,Diese cremigen Brokkoli-Kartoffeln zauberst du in nur einer Pfanne,2026-09-17,2026-09-18,2,2
63743511588469,2026-09-16T14:05:49+00:00,https://www.leckerschmecker.me/kuerbis-linsen-curry-a-a-lieblingscurry/63743511588469,Ein neues Lieblingscurry für den Herbst,2026-09-17,2026-09-18,2,3
63743511757490,2026-09-16T14:05:50+00:00,https://www.leckerschmecker.me/vegane-zitronen-blondies-zitronig/63743511757490,"Vegane Zitronen-Blondies: saftig, zitronig und ganz ohne Ei",2026-09-17,2026-09-18,2,3
63743511758155,2026-09-16T14:05:52+00:00,https://www.leckerschmecker.me/polpette-al-limone-italienische/63743511758155,Polpette al Limone bringen italienische Leichtigkeit in die Hackbällchenpfanne,2026-09-17,2026-09-18,2,3
63743511760242,2026-09-16T14:28:00+00:00,https://www.leckerschmecker.me/schoko-krapfen-airfryer/63743511760242,Diese Krapfen geben dir die Extra-Ladung Schokolade,2026-09-17,2026-09-17,1,1
63743511760000,2026-09-16T15:31:00+00:00,https://www.leckerschmecker.me/deal-der-woche-philips-dual-basket-airfryer/63743511760000,Philips Airfryer 3000 Serie: Tolle Dual Basket Heißluftfritteuse bei Amazon mit 48 Prozent Rabatt,2026-09-17,2026-09-18,2,1
63743511759786,2026-09-16T16:01:00+00:00,https://www.leckerschmecker.me/veganer-nussbraten-strudel/63743511759786,"Außen knusprig, innen saftig: So gelingt der perfekte Nussbraten-Strudel",2026-09-17,2026-09-18,2,1
63743511706414,2026-09-16T16:40:45+00:00,https://www.leckerschmecker.me/chinesisches-erdnusshaehnchen-a-a-knusprig/63743511706414,"So lecker, so knusprig: Hähnchen mit cremiger Erdnusssoße",2026-09-17,2026-09-18,2,3
63743511759797,2026-09-16T17:27:00+00:00,https://www.leckerschmecker.me/spaghetti-alla-puveriello/63743511759797,Spaghetti alla Puveriello: Warum diese Pasta perfekt für den Feierabend ist,2026-09-17,2026-09-18,2,1
63743511758864,2026-09-16T18:10:52+00:00,https://www.leckerschmecker.me/haehnchen-in-champignon-biersosse-perfekt/63743511758864,Dieses Hähnchen in Champignon-Biersoße ist perfekt für gemütliche Herbstabende,2026-09-17,2026-09-17,1,2
63743511758869,2026-09-16T18:10:53+00:00,https://www.leckerschmecker.me/hackbaellchen-mac-and-cheese-comfort/63743511758869,Hackbällchen-Mac-and-Cheese ist Comfort Food in maximal cremig,2026-09-17,2026-09-18,2,2
63743511759552,2026-09-16T18:47:00+00:00,https://www.leckerschmecker.me/zwetschgen-focaccia/63743511759552,Spätsommer auf dem Blech: Zwetschgen-Focaccia mit Rosmarin und Meersalz,2026-09-17,2026-09-17,1,1
63743511747126,2026-09-17T04:02:49+00:00,https://www.leckerschmecker.me/honig-senf-kartoffeln-vielseitigen/63743511747126,"Das einfachste Kartoffelrezept aus dem Ofen: süß, würzig und unwiderstehlich",2026-09-17,2026-09-18,2,9
63743511749101,2026-09-17T05:01:00+00:00,https://www.leckerschmecker.me/amerikanische-gurken-sandwiches/63743511749101,Gurke und Frischkäse: So genial sind diese amerikanischen Sandwiches,2026-09-17,2026-09-17,1,1
63743511759648,2026-09-17T05:32:43+00:00,https://www.leckerschmecker.me/sauerkraut-linsen-salat-ueberraschend/63743511759648,Sauerkraut-Linsen-Salat: So überraschend lecker schmeckt das gesunde Duo,2026-09-17,2026-09-18,2,2
63743511759594,2026-09-17T05:32:44+00:00,https://www.leckerschmecker.me/selleriepesto-wirf/63743511759594,"Wirf Sellerieblätter nicht weg, sondern genieße sie in dieser Form",2026-09-17,2026-09-18,2,2
63743511759643,2026-09-17T05:32:45+00:00,https://www.leckerschmecker.me/pumpkin-spice-milchreis-herbst/63743511759643,Herbst im Schälchen: Pumpkin-Spice-Milchreis,2026-09-17,2026-09-18,2,2
63743511759519,2026-09-17T05:32:46+00:00,https://www.leckerschmecker.me/traubenschaum-fruehstuecksbowl-aufgeschaeumter/63743511759519,"Aufgeschäumter Traubensaft: Eine Frühstücksbowl, die dich überrascht",2026-09-17,2026-09-18,2,2
63743511759489,2026-09-17T05:32:47+00:00,https://www.leckerschmecker.me/marmorwaffeln-marmorkuchen/63743511759489,Marmorkuchen aus dem Waffeleisen,2026-09-17,2026-09-18,2,2
63743511760282,2026-09-17T05:49:00+00:00,https://www.leckerschmecker.me/frozen-joghurt-bowl/63743511760282,Frozen Joghurt Bowl: Softeis-Feeling ohne Eismaschine,2026-09-17,2026-09-17,1,1
63743511518944,2026-09-17T05:51:38+00:00,https://www.leckerschmecker.me/lemon-curd-dessert-im-glas/63743511518944,Zitronen-Fans aufgepasst: Dieses Dessert schmeckt einfach himmlisch,2026-09-17,2026-09-18,2,1
63743511509173,2026-09-17T05:51:57+00:00,https://www.leckerschmecker.me/lemon-curd-selbst-machen-a-c/63743511509173,Der beste Aufstrich der Welt: So machst du Lemon Curd selbst,2026-09-17,2026-09-18,2,2
63743511394802,2026-09-17T06:25:22+00:00,https://www.leckerschmecker.me/fruehstuecksmuffins-mit-haferflocken-a-d/63743511394802,Frühstücksmuffins mit Haferflocken: Starte energiegeladen in den Tag,2026-09-17,2026-09-18,2,1
63743511760168,2026-09-17T06:38:00+00:00,https://www.leckerschmecker.me/zwetschgen-rosmarin-marmelade/63743511760168,Selbstgekocht und raffiniert gewürzt: Zwetschgen-Rosmarin-Marmelade,2026-09-17,2026-09-17,1,1
63743511310796,2026-09-17T06:39:20+00:00,https://www.leckerschmecker.me/chili-sin-carne-a-b/63743511310796,Chili sin Carne: vegetarisches Gericht mit ordentlich Wumms,2026-09-17,2026-09-18,2,1
63743511755542,2026-09-17T06:40:45+00:00,https://www.leckerschmecker.me/schweinefilet-mit-apfel-senf-sosse-kombination/63743511755542,Dieses Schweinefilet mit Apfel-Senf-Soße bringt Frucht in die herzhafte Küche,2026-09-17,2026-09-18,2,6
63743511582414,2026-09-17T06:40:46+00:00,https://www.leckerschmecker.me/apfelkrapfen-aus-dem-airfryer-a-d-pfel/63743511582414,Apfelkrapfen aus dem Airfryer: Besser kannst du Äpfel nicht zubereiten,2026-09-17,2026-09-18,2,2
63743511603692,2026-09-17T07:08:51+00:00,https://www.leckerschmecker.me/tschechische-knoblauchsuppe-a-b/63743511603692,"Tschechische Knoblauchsuppe: Die Rettung bei Erkältung, Kater oder Müdigkeit",2026-09-17,2026-09-18,2,1
63743511495503,2026-09-17T07:12:55+00:00,https://www.leckerschmecker.me/spiegelei-auf-suesskartoffel-toast-a-c/63743511495503,Statt Weißbrot gibt&#8217;s Süßkartoffel-Toast,2026-09-17,2026-09-18,2,1
63743511537874,2026-09-17T07:19:55+00:00,https://www.leckerschmecker.me/karamellisierte-knoblauchbutter-a-c/63743511537874,Dein Butterbrot bekommt ein Upgrade: und es ist nicht Kräuterbutter,2026-09-17,2026-09-18,2,1
63743511653749,2026-09-17T07:26:45+00:00,https://www.leckerschmecker.me/nudel-lachs-auflauf-mit-brokkoli-a-a-fuer/63743511653749,Ofenliebling: Nudel-Lachs-Auflauf mit Brokkoli,2026-09-17,2026-09-18,2,4
63743511401404,2026-09-17T07:26:46+00:00,https://www.leckerschmecker.me/gefuellte-fruehstuecksbroetchen-a-c-bacon/63743511401404,"Gefüllte Frühstücksbrötchen mit Ei, Bacon und Käse aus dem Ofen",2026-09-17,2026-09-18,2,2
63743511748891,2026-09-17T07:27:00+00:00,https://www.leckerschmecker.me/kuerbis-frischkaese-muffins/63743511748891,Kürbis-Frischkäse-Muffins: das Beste aus dem Kürbisbeet,2026-09-17,2026-09-17,1,1
63743511586205,2026-09-17T07:31:12+00:00,https://www.leckerschmecker.me/feta-olivencreme-mit-paprika-a-c/63743511586205,Mit dieser Creme wird jedes Brot zum Highlight,2026-09-17,2026-09-18,2,1
63743511760183,2026-09-17T08:09:00+00:00,https://www.leckerschmecker.me/vegane-kuerbis-taler-aus-dem-ofen/63743511760183,Lust auf Kürbis? Diese veganen Taler solltest du ausprobieren,2026-09-17,2026-09-17,1,1
63743511497607,2026-09-17T08:17:23+00:00,https://www.leckerschmecker.me/bienenstich-vom-blech-a-c/63743511497607,Bienenstich vom Blech: Backe den fluffig-cremigen Kuchenklassiker,2026-09-17,2026-09-18,2,1
63743511426089,2026-09-17T08:21:12+00:00,https://www.leckerschmecker.me/gnocchi-pfanne-mit-hackfleisch-und-schmand-b-b/63743511426089,"Einfaches Pfannengericht mit Hackfleisch, Gnocchi und Schmand",2026-09-17,2026-09-18,2,1
63743511646084,2026-09-17T08:51:36+00:00,https://www.leckerschmecker.me/leberkaese-gnocchi-auflauf-a-a-braucht/63743511646084,"Ein ehrlicher Auflauf, der allen schmeckt",2026-09-17,2026-09-18,2,4
63743511757994,2026-09-17T08:51:38+00:00,https://www.leckerschmecker.me/franzoesisches-zwiebel-champignon-haehnchen-gemuetliches/63743511757994,Französisches Zwiebel-Champignon-Hähnchen für ein gemütliches Abendessen,2026-09-17,2026-09-18,2,3
63743511399638,2026-09-17T08:59:49+00:00,https://www.leckerschmecker.me/pasta-mollicata-a-a/63743511399638,Italienischer Nudelklassiker: Pasta mollicata,2026-09-17,2026-09-18,2,1
63743511594762,2026-09-17T09:27:05+00:00,https://www.leckerschmecker.me/haehnchen-mit-brezelkruste-honig-senf-sosse-a-b/63743511594762,"Hähnchen mal anders: Die perfekte Kombination aus süß, würzig und knusprig",2026-09-17,2026-09-17,1,1
63743511760006,2026-09-17T09:31:00+00:00,https://www.leckerschmecker.me/pfaelzer-kueche-zur-weinlese/63743511760006,"Pfälzer Küche zur Weinlese: Wenn Federweißer, Zwiebelkuchen und Saumagen Saison haben",2026-09-17,2026-09-17,1,1
63743511481585,2026-09-17T09:43:25+00:00,https://www.leckerschmecker.me/kohlrabi-hack-pfanne-mit-spaetzle-a-c/63743511481585,Kohlrabi und Hack gehören gemeinsam in die Pfanne,2026-09-17,2026-09-19,3,1
63743511502151,2026-09-17T09:47:46+00:00,https://www.leckerschmecker.me/spinat-ricotta-strudel-mit-blaetterteig-a-d/63743511502151,Spinat und Ricotta sorgen für Strudel-Glück,2026-09-17,2026-09-19,3,1
63743511759501,2026-09-17T10:08:00+00:00,https://www.leckerschmecker.me/gnocchi-mit-champignons-und-feta/63743511759501,Gnocchi mit Champignons und Feta: Pfannengericht mit herbstlichem Twist,2026-09-17,2026-09-17,1,1
63743511499317,2026-09-17T10:59:26+00:00,https://www.leckerschmecker.me/feta-brot-airfryer-a-c/63743511499317,Schnell gemacht: unser Feta-Brot aus dem Airfryer,2026-09-17,2026-09-18,2,1
63743511568966,2026-09-17T11:12:31+00:00,https://www.leckerschmecker.me/butter-knoblauch-pasta-a-b/63743511568966,"Für alle, die es aromatisch und intensiv lieben: Butter-Knoblauch-Pasta",2026-09-17,2026-09-19,3,1
63743511697585,2026-09-17T11:21:14+00:00,https://www.leckerschmecker.me/jalapenos-poppers-mit-heidelbeeren-und-brie-a-a/63743511697585,"Scharf, fruchtig, cremig: Jalapeño-Poppers mit Heidelbeeren und Brie",2026-09-17,2026-09-19,3,1
63743511759027,2026-09-17T11:21:36+00:00,https://www.leckerschmecker.me/quarkkuchen-vom-blech-traeumchen/63743511759027,Quark-Träumchen im Großformat: Diesen Kuchen lieben alle,2026-09-17,2026-09-19,3,3
63743511664275,2026-09-17T11:21:37+00:00,https://www.leckerschmecker.me/kaesekuchen-schwarzwaelder-art-a-a-fruchtiger/63743511664275,Dem kann niemand widerstehen: Schwarzwälder Käsekuchen,2026-09-17,2026-09-18,2,2
63743511701872,2026-09-17T11:23:20+00:00,https://www.leckerschmecker.me/maniok-pommes-a-a/63743511701872,"Außen knusprig, innen weich: So bereitest du Maniok-Pommes zu",2026-09-17,2026-09-19,3,1
63743511702511,2026-09-17T11:25:37+00:00,https://www.leckerschmecker.me/erdbeer-martini-a-a/63743511702511,"Fruchtig, prickelnd, feinherb: Rezept für Erdbeer-Martini",2026-09-17,2026-09-19,3,1
63743511759854,2026-09-17T11:32:00+00:00,https://www.leckerschmecker.me/zwetschgen-cobbler/63743511759854,Was an einem gemütlichen Herbstsonntag nicht fehlen darf? Zwetschgen-Cobbler!,2026-09-17,2026-09-18,2,1
63743511667781,2026-09-17T11:45:02+00:00,https://www.leckerschmecker.me/kaesekuchen-kugeln-a-a/63743511667781,Cheesecake zum Naschen: Käsekuchen-Kugeln begeistern alle,2026-09-17,2026-09-19,3,1
63743511463098,2026-09-17T12:21:39+00:00,https://www.leckerschmecker.me/haehnchenschenkel-heissluftfritteuse-a-d/63743511463098,Hast du schon mal Hähnchenschenkel in der Heißluftfritteuse gemacht?,2026-09-17,2026-09-19,3,1
63743511387170,2026-09-17T12:23:31+00:00,https://www.leckerschmecker.me/moussaka-a-y/63743511387170,Griechischer Auflauf mit Hackfleisch und Kartoffeln: Rezept für Moussaka,2026-09-17,2026-09-19,3,1
63743511506972,2026-09-17T12:31:48+00:00,https://www.leckerschmecker.me/letscho-topf-a-c/63743511506972,Letscho-Topf mit Hackfleisch ist unser liebstes Familiengericht,2026-09-17,2026-09-19,3,1
63743511588495,2026-09-17T12:48:47+00:00,https://www.leckerschmecker.me/ofen-spaetzle-mit-birne-kuerbis-fenchel-a-a/63743511588495,"Warm, würzig, käsig: So schmeckt der Herbst",2026-09-17,2026-09-19,3,1
63743511748019,2026-09-17T12:52:48+00:00,https://www.leckerschmecker.me/hackbaellchen-moehren-curry-offiziell/63743511748019,Dieses Hackbällchen-Möhren-Curry bringt die ganze Familie an einen Tisch,2026-09-17,2026-09-19,3,9
63743511759552,2026-09-17T13:27:34+00:00,https://www.leckerschmecker.me/zwetschgen-focaccia-spaetsommer/63743511759552,Spätsommer auf dem Blech: Zwetschgen-Focaccia mit Rosmarin und Meersalz,2026-09-17,2026-09-19,3,2
63743511759574,2026-09-17T13:27:36+00:00,https://www.leckerschmecker.me/zwetschgenwaehe-backe/63743511759574,Zwetschgenwähe: Backe diesen Schweizer Kuchenklassiker,2026-09-17,2026-09-19,3,2
63743511760242,2026-09-17T13:27:36+00:00,https://www.leckerschmecker.me/schoko-krapfen-airfryer-geben/63743511760242,Diese Krapfen geben dir die Extra-Ladung Schokolade,2026-09-17,2026-09-19,3,2
63743511760977,2026-09-17T13:51:00+00:00,https://www.leckerschmecker.me/veganer-kuerbis-mango-gugelhupf/63743511760977,Veganer Kürbis-Mango-Gugelhupf: So lecker wird der Herbst,2026-09-17,2026-09-18,2,1
63743511497234,2026-09-17T14:01:23+00:00,https://www.leckerschmecker.me/kohlrabi-haehnchen-pfanne-a-d/63743511497234,Diese cremige Kohlrabi-Hähnchen-Pfanne bringt alle an einen Tisch,2026-09-17,2026-09-19,3,1
63743511758243,2026-09-17T14:07:47+00:00,https://www.leckerschmecker.me/flammkuchen-blaetterteigstangen-party/63743511758243,Flammkuchen-Blätterteigstangen: knuspriger Party-Snack mit Schinken und Käse,2026-09-17,2026-09-19,3,3
63743511759189,2026-09-17T14:07:48+00:00,https://www.leckerschmecker.me/champignon-kaese-strudel-herbstliches/63743511759189,Champignon-Käse-Strudel: herbstliches Ofengericht mit Blätterteig,2026-09-17,2026-09-19,3,2
63743511408804,2026-09-17T14:11:42+00:00,https://www.leckerschmecker.me/anelletti-al-forno-a-b/63743511408804,Anelletti al Forno: überbackene Nudeln wie aus Sizilien,2026-09-17,2026-09-19,3,1
63743511431934,2026-09-17T14:11:55+00:00,https://www.leckerschmecker.me/bayerischer-wurstsalat-a-i/63743511431934,Bayerischer Wurstsalat: Brotzeit-Klassiker für Zuhause,2026-09-17,2026-09-19,3,1
63743511369817,2026-09-17T14:18:45+00:00,https://www.leckerschmecker.me/ofen-makkaroni-alla-mamma-b-u/63743511369817,Ofen-Makkaroni alla Mamma: italienischer Genuss aus dem Backofen,2026-09-17,2026-09-19,3,1
63743511760003,2026-09-17T14:31:00+00:00,https://www.leckerschmecker.me/crispy-ricotta-gnocchi/63743511760003,Diese crispy Ricotta-Gnocchi werden im Airfryer außen goldbraun,2026-09-17,2026-09-18,2,1
63743511759763,2026-09-17T15:33:00+00:00,https://www.leckerschmecker.me/leberkaese-auflauf-mit-schupfnudeln-und-sauerkraut/63743511759763,"Wirtshaus-Feeling aus der Auflaufform: Leberkäse, Schupfnudeln und Sauerkraut vereint",2026-09-17,2026-09-19,3,1
63743511591973,2026-09-17T15:38:50+00:00,https://www.leckerschmecker.me/apfel-curd-a-b-herbst/63743511591973,Erdbeermarmelade war gestern! Im Herbst frühstücken wir Apfel-Curd,2026-09-17,2026-09-18,2,2
63743511760177,2026-09-17T16:06:00+00:00,https://www.leckerschmecker.me/kartoffel-pave/63743511760177,Kartoffel-Pavé: Besser kannst du Kartoffeln nicht zubereiten,2026-09-17,2026-09-18,2,1
63743511433429,2026-09-17T18:04:58+00:00,https://www.leckerschmecker.me/knoblauch-kartoffelauflauf-a-k-schmeckt/63743511433429,Unser Knoblauch-Kartoffelauflauf schmeckt einfach fantastisch,2026-09-17,2026-09-19,3,2
63743511760269,2026-09-17T18:23:00+00:00,https://www.leckerschmecker.me/kuerbis-gnocchi-mit-salbei-sahnesosse/63743511760269,Diese Gnocchi machen dich zum Sternekoch,2026-09-17,2026-09-18,2,1
63743511759475,2026-09-18T04:08:50+00:00,https://www.leckerschmecker.me/vanille-streuselbroetchen-mit-pflaumenmarmelade-gebaeckschaetze/63743511759475,Diese Gebäckschätze machen jeden Tag etwas gemütlicher,2026-09-18,2026-09-19,2,2
63743511667522,2026-09-18T04:40:20+00:00,https://www.leckerschmecker.me/blaetterteigtaschen-mit-ei-und-schinken-a-a/63743511667522,Zum Frühstück gibt es heute gefüllte Blätterteigtaschen,2026-09-18,2026-09-19,2,1
63743511760264,2026-09-18T05:03:00+00:00,https://www.leckerschmecker.me/suesskartoffel-waffeln/63743511760264,Süßkartoffel-Waffeln: herzhafter Frühstücksgenuss,2026-09-18,2026-09-18,1,1
63743511431333,2026-09-18T05:22:11+00:00,https://www.leckerschmecker.me/bayerischer-kartoffelsalat-a-d/63743511431333,Bayerischer Kartoffelsalat wie vom Oktoberfest: zünftige Beilage,2026-09-18,2026-09-19,2,1
63743511759501,2026-09-18T05:29:49+00:00,https://www.leckerschmecker.me/gnocchi-mit-champignons-und-feta-pfannengericht/63743511759501,Gnocchi mit Champignons und Feta: Pfannengericht mit herbstlichem Twist,2026-09-18,2026-09-19,2,2
63743511760183,2026-09-18T05:29:50+00:00,https://www.leckerschmecker.me/vegane-kuerbis-taler-aus-dem-ofen-lust/63743511760183,Lust auf Kürbis? Diese veganen Taler solltest du ausprobieren,2026-09-18,2026-09-19,2,2
63743511748891,2026-09-18T05:29:51+00:00,https://www.leckerschmecker.me/kuerbis-frischkaese-muffins-beste/63743511748891,Kürbis-Frischkäse-Muffins: das Beste aus dem Kürbisbeet,2026-09-18,2026-09-19,2,2
63743511760168,2026-09-18T05:29:53+00:00,https://www.leckerschmecker.me/zwetschgen-rosmarin-marmelade-selbstgekocht/63743511760168,Selbstgekocht und raffiniert gewürzt: Zwetschgen-Rosmarin-Marmelade,2026-09-18,2026-09-19,2,2
63743511760282,2026-09-18T05:29:54+00:00,https://www.leckerschmecker.me/frozen-joghurt-bowl-softeis/63743511760282,Frozen Joghurt Bowl: Softeis-Feeling ohne Eismaschine,2026-09-18,2026-09-19,2,2
63743511760319,2026-09-18T05:47:00+00:00,https://www.leckerschmecker.me/bruschetta-mit-huettenkaese-und-getrockneten-tomaten/63743511760319,Diese Bruschetta mit Hüttenkäse geht blitzschnell und macht satt,2026-09-18,2026-09-18,1,1
63743511760006,2026-09-18T06:11:44+00:00,https://www.leckerschmecker.me/pfaelzer-kueche-zur-weinlese-federweisser/63743511760006,"Pfälzer Küche zur Weinlese: Wenn Federweißer, Zwiebelkuchen und Saumagen Saison haben",2026-09-18,2026-09-19,2,2
63743511594762,2026-09-18T06:39:45+00:00,https://www.leckerschmecker.me/haehnchen-mit-brezelkruste-honig-senf-sosse-a-b-perfekte/63743511594762,"Hähnchen mal anders: Die perfekte Kombination aus süß, würzig und knusprig",2026-09-18,2026-09-19,2,2
63743511749101,2026-09-18T06:39:46+00:00,https://www.leckerschmecker.me/amerikanische-gurken-sandwiches-gurke/63743511749101,Gurke und Frischkäse: So genial sind diese amerikanischen Sandwiches,2026-09-18,2026-09-19,2,2
63743511760095,2026-09-18T06:41:00+00:00,https://www.leckerschmecker.me/suesse-kuerbisbroetchen/63743511760095,Diese süßen Kürbisbrötchen machen Lust auf den Herbst,2026-09-18,2026-09-18,1,1
63743511749001,2026-09-18T07:23:00+00:00,https://www.leckerschmecker.me/veganer-apple-crumble/63743511749001,Ein veganer Apple Crumble für alle,2026-09-18,2026-09-18,1,1
63743511504668,2026-09-18T07:30:47+00:00,https://www.leckerschmecker.me/ofenseelachs-mit-mediterraner-kruste-a-a-highlight/63743511504668,Ofenseelachs mit mediterraner Kruste: ein Highlight für dein Abendessen,2026-09-18,2026-09-19,2,2
63743511659802,2026-09-18T07:30:48+00:00,https://www.leckerschmecker.me/ofenlachs-mit-spinat-und-mozzarella-a-a-freitagabend/63743511659802,Fisch verliebt in diesen Ofenlachs mit Spinat und Mozzarella,2026-09-18,2026-09-19,2,4
63743511564471,2026-09-18T07:58:27+00:00,https://www.leckerschmecker.me/kichererbsen-moehren-sandwich-vom-kontaktgril-a-b/63743511564471,Diese knusprig-würzigen Sandwiches kannst du immer wieder genießen,2026-09-18,2026-09-19,2,1
63743511760730,2026-09-18T08:11:00+00:00,https://www.leckerschmecker.me/okra-aus-dem-airfryer/63743511760730,Diese kleinen Schoten sollten viel öfter auf deinem Teller landen,2026-09-18,2026-09-18,1,1
63743511654007,2026-09-18T08:32:56+00:00,https://www.leckerschmecker.me/bienenstich-tiramisu-a-a/63743511654007,"Mandeln, Mascarpone, Magie: So gelingt ein Bienenstich-Tiramisu",2026-09-18,2026-09-18,1,1
63743511758864,2026-09-18T08:40:34+00:00,https://www.leckerschmecker.me/haehnchen-in-champignon-biersosse-fuer/63743511758864,Dieses Hähnchen in Champignon-Biersoße ist perfekt für gemütliche Herbstabende,2026-09-18,2026-09-18,1,3
63743511595886,2026-09-18T08:55:27+00:00,https://www.leckerschmecker.me/gartengemuese-eintopf-a-c/63743511595886,Ein Topf voll Gemüseglück,2026-09-18,2026-09-19,2,1
63743511520492,2026-09-18T08:58:13+00:00,https://www.leckerschmecker.me/knoblauch-garnelen-aus-dem-airfryer-a-c/63743511520492,Knoblauch-Garnelen aus dem Airfryer: in weniger als 15 Minuten ans Meer,2026-09-18,2026-09-19,2,1
63743511398814,2026-09-18T09:01:21+00:00,https://www.leckerschmecker.me/kohlrabi-wedges-a-c/63743511398814,Statt Pommes: knusprig gebackener Kohlrabi aus dem Ofen,2026-09-18,2026-09-19,2,1
63743511250901,2026-09-18T09:13:42+00:00,https://www.leckerschmecker.me/pasta-mit-balsamico-haehnchen-a-z/63743511250901,Italienisches Balsamico-Hähnchen mit Nudeln: schmeckt wie im Urlaub,2026-09-18,2026-09-19,2,1
63743511760216,2026-09-18T09:28:00+00:00,https://www.leckerschmecker.me/rotkohl-slaw-mit-halloumi/63743511760216,Dein neuer Lieblingssalat mit Rotkohl und Halloumi,2026-09-18,2026-09-18,1,1
63743511581392,2026-09-18T09:35:06+00:00,https://www.leckerschmecker.me/herzhafte-brezel-cupcakes-a-a/63743511581392,Diese herzhaften Cupcakes bringen dich direkt auf die Wiesn,2026-09-18,2026-09-19,2,1
63743511391661,2026-09-18T09:40:47+00:00,https://www.leckerschmecker.me/bauernauflauf-a-t/63743511391661,"Rustikaler Bauernauflauf mit Kartoffeln, Speck und Käse",2026-09-18,2026-09-20,3,1
63743511434295,2026-09-18T09:51:14+00:00,https://www.leckerschmecker.me/italienischer-apfelkuchen-torta-di-mele-a-r/63743511434295,Der italienische Apfelkuchen Torta di Mele versprüht Dolce Vita im Herbst,2026-09-18,2026-09-20,3,1
63743511760511,2026-09-18T10:11:00+00:00,https://www.leckerschmecker.me/ungarische-pfifferlingssuppe/63743511760511,Keine Pilzsaison ohne diese ungarische Pfifferlingssuppe,2026-09-18,2026-09-18,1,1
63743511490564,2026-09-18T10:24:02+00:00,https://www.leckerschmecker.me/schokobon-schnitten-vom-blech-a-d/63743511490564,"Schokobon-Schnitten vom Blech: cremig, schokoladig und ganz ohne Backen",2026-09-18,2026-09-20,3,1
63743511487575,2026-09-18T10:24:13+00:00,https://www.leckerschmecker.me/quark-streuselkuchen-vom-blech-a-e/63743511487575,Quark-Streuselkuchen: einfacher Kuchengenuss vom Blech,2026-09-18,2026-09-20,3,1
63743511444881,2026-09-18T10:26:15+00:00,https://www.leckerschmecker.me/kuerbis-aus-dem-airfryer-a-b/63743511444881,Rezept für knusprig gebackenen Kürbis aus dem Airfryer,2026-09-18,2026-09-20,3,1
63743511518118,2026-09-18T10:39:03+00:00,https://www.leckerschmecker.me/kritharaki-hackfleisch-topf-a-b/63743511518118,Dieser herzhafte Kritharaki-Hackfleisch-Topf passt perfekt in den Herbst,2026-09-18,2026-09-20,3,1
63743511759786,2026-09-18T10:41:37+00:00,https://www.leckerschmecker.me/veganer-nussbraten-strudel-aussen/63743511759786,"Außen knusprig, innen saftig: So gelingt der perfekte Nussbraten-Strudel",2026-09-18,2026-09-20,3,2
63743511661838,2026-09-18T10:51:46+00:00,https://www.leckerschmecker.me/one-pot-pasta-mit-linsen-a-a/63743511661838,"Eine Pasta zum Verlinsen: cremig, schnell und unwiderstehlich",2026-09-18,2026-09-20,3,1
63743511432161,2026-09-18T10:54:20+00:00,https://www.leckerschmecker.me/bayerischer-krautsalat-mit-speck-a-i/63743511432161,Bayerischer Krautsalat mit Speck: Freue dich aufs Oktoberfest,2026-09-18,2026-09-20,3,1
63743511584596,2026-09-18T10:54:59+00:00,https://www.leckerschmecker.me/loaded-airfryer-gnocchi-a-a/63743511584596,"Knusprig, cremig, köstlich: diese Gnocchi musst du einfach probieren",2026-09-18,2026-09-20,3,1
63743511585938,2026-09-18T10:57:04+00:00,https://www.leckerschmecker.me/pumpkin-spice-marmelade-a-a/63743511585938,Mit dieser Marmelade genießt du den Herbst auf deinem Frühstücksbrot,2026-09-18,2026-09-19,2,1
63743511623079,2026-09-18T11:01:07+00:00,https://www.leckerschmecker.me/kohlrabi-hack-auflauf-a-a/63743511623079,Dieser Kohlrabi-Auflauf sorgt mit wenig Stress für viel Geschmack,2026-09-18,2026-09-20,3,1
63743511699905,2026-09-18T11:11:17+00:00,https://www.leckerschmecker.me/pizza-chips-a-b/63743511699905,Pizza im Miniformat: Die knusprigen Ofen-Chips sind mit einem Haps im Mund,2026-09-18,2026-09-20,3,5
63743511693420,2026-09-18T11:17:48+00:00,https://www.leckerschmecker.me/fatteh-a-b/63743511693420,Frühstück auf syrisch: So bereitest du veganes Fatteh zu,2026-09-18,2026-09-20,3,1
63743511436623,2026-09-18T11:31:39+00:00,https://www.leckerschmecker.me/herbstliches-ofengemuese-mit-feta-a-t-gemuesegenuss/63743511436623,Herbstliches Ofengemüse mit Feta: Gemüsegenuss an kalten Tagen,2026-09-18,2026-09-20,3,2
63743511758863,2026-09-18T11:31:39+00:00,https://www.leckerschmecker.me/kartoffel-halloumi-auflauf-goldbraunen/63743511758863,Kartoffel-Halloumi-Auflauf bringt goldbraunen Käse und cremige Kartoffeln zusammen,2026-09-18,2026-09-20,3,3
63743511593779,2026-09-18T11:31:41+00:00,https://www.leckerschmecker.me/kuerbis-parmesan-pasta-a-a-rezept/63743511593779,Kürbis-Parmesan-Pasta ist unser Lieblingsgericht im Herbst,2026-09-18,2026-09-20,3,3
63743511452013,2026-09-18T11:31:42+00:00,https://www.leckerschmecker.me/ofensalat-mit-roter-bete-und-kuerbis-a-i-gebackener/63743511452013,Dieser Ofensalat mit gebackener Roter Bete und Kürbis ist ein Herbst-Favorit,2026-09-18,2026-09-20,3,2
63743511590470,2026-09-18T11:31:43+00:00,https://www.leckerschmecker.me/saegespaenekuchen-vom-blech-a-b-fuer/63743511590470,Das Rezept für den leckersten Sägespänekuchen aller Zeiten,2026-09-18,2026-09-20,3,3
63743511760795,2026-09-18T11:34:00+00:00,https://www.leckerschmecker.me/revithia-me-spanaki-griechischer-spinat-kichererbsen-eintopf/63743511760795,"Kichererbsen, Spinat und ein klein bisschen Sonne: Dieser griechische Eintopf hat es in sich",2026-09-18,2026-09-19,2,1
63743511407027,2026-09-18T11:41:09+00:00,https://www.leckerschmecker.me/tomaten-nachreifen-a-b/63743511407027,Tomaten nachreifen lassen: Mit diesen Tricks klappt’s!,2026-09-18,2026-09-20,3,1
63743511380708,2026-09-18T11:54:03+00:00,https://www.leckerschmecker.me/bunte-ofenpommes-a-a/63743511380708,Bunte Ofenpommes: neue Lieblingsbeilage im Herbst,2026-09-18,2026-09-20,3,1
63743511495352,2026-09-18T12:41:40+00:00,https://www.leckerschmecker.me/kohlrabi-schnitzel-a-e/63743511495352,Kohlrabi-Schnitzel: Mach aus einem Klassiker eine Veggie-Variante,2026-09-18,2026-09-20,3,1
63743511760269,2026-09-18T13:22:40+00:00,https://www.leckerschmecker.me/kuerbis-gnocchi-mit-salbei-sahnesosse-sternekoch/63743511760269,Diese Gnocchi machen dich zum Sternekoch,2026-09-18,2026-09-20,3,2
63743511760977,2026-09-18T13:22:41+00:00,https://www.leckerschmecker.me/veganer-kuerbis-mango-gugelhupf-lecker/63743511760977,Veganer Kürbis-Mango-Gugelhupf: So lecker wird der Herbst,2026-09-18,2026-09-20,3,2
63743511759854,2026-09-18T13:22:42+00:00,https://www.leckerschmecker.me/zwetschgen-cobbler-gemuetlichen/63743511759854,Was an einem gemütlichen Herbstsonntag nicht fehlen darf? Zwetschgen-Cobbler!,2026-09-18,2026-09-20,3,2
63743511760218,2026-09-18T13:53:00+00:00,https://www.leckerschmecker.me/apfel-marzipan-kaesekuchen/63743511760218,Gemütlichkeit schmeckt ab sofort nach Apfel-Marzipan-Käsekuchen,2026-09-18,2026-09-20,3,1
63743511478242,2026-09-18T14:06:46+00:00,https://www.leckerschmecker.me/zimtschnecken-vom-blech-a-c-baeckerei/63743511478242,Besser als in der Bäckerei: Zimtschnecken vom Blech,2026-09-18,2026-09-20,3,2
63743511759516,2026-09-18T14:06:47+00:00,https://www.leckerschmecker.me/lemon-curd-muffins-saftig/63743511759516,So saftig und zitronig: Lemon-Curd-Muffins zum Nachbacken,2026-09-18,2026-09-20,3,2
63743511504045,2026-09-18T14:06:48+00:00,https://www.leckerschmecker.me/ungarische-sauerkrautsuppe-korhelyleves-a-c-lumpensuppe/63743511504045,Lumpensuppe: So schmeckt die ungarische Suppe mit Sauerkraut,2026-09-18,2026-09-20,3,2
63743511760315,2026-09-18T14:34:00+00:00,https://www.leckerschmecker.me/zucchini-nudeln/63743511760315,Zucchini-Nudeln: Pasta-Gefühl ganz ohne Nudelwasser,2026-09-18,2026-09-19,2,1
63743511758869,2026-09-18T14:52:50+00:00,https://www.leckerschmecker.me/hackbaellchen-mac-and-cheese-food/63743511758869,Hackbällchen-Mac-and-Cheese ist Comfort Food in maximal cremig,2026-09-18,2026-09-20,3,3
63743511759797,2026-09-18T15:35:49+00:00,https://www.leckerschmecker.me/spaghetti-alla-puveriello-pasta/63743511759797,Spaghetti alla Puveriello: Warum diese Pasta perfekt für den Feierabend ist,2026-09-18,2026-09-20,3,2
63743511529990,2026-09-18T15:35:50+00:00,https://www.leckerschmecker.me/huettenkaese-lachs-omelett-a-a-fuer/63743511529990,Für Feinschmecker mit wenig Zeit: Hüttenkäse-Lachs-Omelett wie im edlen Frühstückscafé,2026-09-18,2026-09-20,3,2
63743511760271,2026-09-18T15:36:00+00:00,https://www.leckerschmecker.me/leberkaese-cordon-bleu/63743511760271,So hast du Leberkäse ganz sicher noch nie gegessen,2026-09-18,2026-09-19,2,1
63743511760177,2026-09-18T16:04:43+00:00,https://www.leckerschmecker.me/kartoffel-pave-pav/63743511760177,Kartoffel-Pavé: Besser kannst du Kartoffeln nicht zubereiten,2026-09-18,2026-09-20,3,2
63743511760003,2026-09-18T16:04:44+00:00,https://www.leckerschmecker.me/crispy-ricotta-gnocchi-airfryer/63743511760003,Diese crispy Ricotta-Gnocchi werden im Airfryer außen goldbraun,2026-09-18,2026-09-20,3,2
63743511760671,2026-09-18T16:08:00+00:00,https://www.leckerschmecker.me/knoblauch-kaesepizza-mit-feta/63743511760671,Warum Knoblauch und Käse der beste Pizzabelag ist,2026-09-18,2026-09-19,2,1
63743511757994,2026-09-18T16:51:47+00:00,https://www.leckerschmecker.me/franzoesisches-zwiebel-champignon-haehnchen-abendessen/63743511757994,Französisches Zwiebel-Champignon-Hähnchen für ein gemütliches Abendessen,2026-09-18,2026-09-20,3,4
63743511761461,2026-09-18T17:22:00+00:00,https://www.leckerschmecker.me/cabanossi-eintopf/63743511761461,Cabanossi-Eintopf: herzhaftes Essen für gemütliche Tage,2026-09-18,2026-09-19,2,1
63743511760150,2026-09-18T18:41:00+00:00,https://www.leckerschmecker.me/apfel-birnen-flammkuchen/63743511760150,Apfel-Birnen-Flammkuchen: So unwiderstehlich schmeckt der Herbst,2026-09-19,2026-09-19,1,1
63743511653749,2026-09-18T18:49:53+00:00,https://www.leckerschmecker.me/nudel-lachs-auflauf-mit-brokkoli-a-a-ueberbackene/63743511653749,Ofenliebling: Nudel-Lachs-Auflauf mit Brokkoli,2026-09-19,2026-09-20,2,5
63743511760991,2026-09-19T05:04:00+00:00,https://www.leckerschmecker.me/focaccia-mit-thymian-und-bergkaese/63743511760991,"Knuspriger Rand, fluffige Mitte: Focaccia mit Thymian und Bergkäse",2026-09-19,2026-09-20,2,1
63743511760511,2026-09-19T05:37:47+00:00,https://www.leckerschmecker.me/ungarische-pfifferlingssuppe-pilzsaison/63743511760511,Keine Pilzsaison ohne diese ungarische Pfifferlingssuppe,2026-09-19,2026-09-20,2,2
63743511760216,2026-09-19T05:37:48+00:00,https://www.leckerschmecker.me/rotkohl-slaw-mit-halloumi-neuer/63743511760216,Dein neuer Lieblingssalat mit Rotkohl und Halloumi,2026-09-19,2026-09-20,2,2
63743511760095,2026-09-19T05:37:49+00:00,https://www.leckerschmecker.me/suesse-kuerbisbroetchen-suessen/63743511760095,Diese süßen Kürbisbrötchen machen Lust auf den Herbst,2026-09-19,2026-09-20,2,2
63743511760264,2026-09-19T05:37:49+00:00,https://www.leckerschmecker.me/suesskartoffel-waffeln-herzhafter/63743511760264,Süßkartoffel-Waffeln: herzhafter Frühstücksgenuss,2026-09-19,2026-09-20,2,2
63743511760319,2026-09-19T05:37:50+00:00,https://www.leckerschmecker.me/bruschetta-mit-huettenkaese-und-getrockneten-tomaten-blitzschnell/63743511760319,Diese Bruschetta mit Hüttenkäse geht blitzschnell und macht satt,2026-09-19,2026-09-20,2,2
63743511760295,2026-09-19T05:51:00+00:00,https://www.leckerschmecker.me/lemon-cheesecake-bowl/63743511760295,Lemon Cheesecake Bowl: Käsekuchen-Geschmack ohne Ofen und Wartezeit,2026-09-19,2026-09-19,1,1
63743511760730,2026-09-19T06:03:44+00:00,https://www.leckerschmecker.me/okra-aus-dem-airfryer-schoten/63743511760730,Diese kleinen Schoten sollten viel öfter auf deinem Teller landen,2026-09-19,2026-09-20,2,2
63743511749001,2026-09-19T06:03:45+00:00,https://www.leckerschmecker.me/veganer-apple-crumble-fuer/63743511749001,Ein veganer Apple Crumble für alle,2026-09-19,2026-09-20,2,2
63743511760667,2026-09-19T06:46:00+00:00,https://www.leckerschmecker.me/french-onion-dip/63743511760667,Von diesem Dip mit karamellisierten Zwiebeln bekommst du nicht genug,2026-09-19,2026-09-19,1,1
63743511758864,2026-09-19T06:48:46+00:00,https://www.leckerschmecker.me/haehnchen-in-champignon-biersosse-gemuetliche/63743511758864,Dieses Hähnchen in Champignon-Biersoße ist perfekt für gemütliche Herbstabende,2026-09-19,2026-09-20,2,4
63743511664275,2026-09-19T06:48:47+00:00,https://www.leckerschmecker.me/kaesekuchen-schwarzwaelder-art-a-a-kuchen/63743511664275,Dem kann niemand widerstehen: Schwarzwälder Käsekuchen,2026-09-19,2026-09-20,2,3
63743511761666,2026-09-19T07:32:00+00:00,https://www.leckerschmecker.me/leberkaese-hawaii/63743511761666,Verliebe dich fruchtig-würzig neu in die Kombination von zwei Klassikern,2026-09-19,2026-09-19,1,1
63743511537874,2026-09-19T07:38:48+00:00,https://www.leckerschmecker.me/karamellisierte-knoblauchbutter-a-c-vergiss/63743511537874,Dein Butterbrot bekommt ein Upgrade: und es ist nicht Kräuterbutter,2026-09-19,2026-09-20,2,2
63743511499317,2026-09-19T08:12:35+00:00,https://www.leckerschmecker.me/feta-brot-airfryer-a-c-einfach/63743511499317,Schnell gemacht: unser Feta-Brot aus dem Airfryer,2026-09-19,2026-09-20,2,2
63743511748127,2026-09-19T08:14:00+00:00,https://www.leckerschmecker.me/kubanische-huehnersuppe/63743511748127,Kubanische Hühnersuppe für die Seele,2026-09-19,2026-09-20,2,1
63743511654007,2026-09-19T08:48:31+00:00,https://www.leckerschmecker.me/bienenstich-tiramisu-a-a-mandeln/63743511654007,"Mandeln, Mascarpone, Magie: So gelingt ein Bienenstich-Tiramisu",2026-09-19,2026-09-20,2,2
63743511591973,2026-09-19T08:48:32+00:00,https://www.leckerschmecker.me/apfel-curd-a-b-pfel/63743511591973,Erdbeermarmelade war gestern! Im Herbst frühstücken wir Apfel-Curd,2026-09-19,2026-09-20,2,3
63743511760846,2026-09-19T09:27:00+00:00,https://www.leckerschmecker.me/vegane-one-pot-reispfanne-mit-brokkoli/63743511760846,Eine Pfanne voller Geschmack: Dieses vegane Reisgericht musst du probieren,2026-09-19,2026-09-20,2,1
63743511760836,2026-09-19T10:12:00+00:00,https://www.leckerschmecker.me/haehnchensalat-mit-ahornsirup-senf-dressing/63743511760836,"Einmal süß, einmal würzig: Dieser Hähnchensalat kann beides",2026-09-19,2026-09-19,1,1
63743511595886,2026-09-19T10:42:38+00:00,https://www.leckerschmecker.me/gartengemuese-eintopf-a-c-topf/63743511595886,Ein Topf voll Gemüseglück,2026-09-19,2026-09-20,2,2
63743511594762,2026-09-19T10:42:39+00:00,https://www.leckerschmecker.me/haehnchen-mit-brezelkruste-honig-senf-sosse-a-b-kombination/63743511594762,"Hähnchen mal anders: Die perfekte Kombination aus süß, würzig und knusprig",2026-09-19,2026-09-20,2,3
63743511506972,2026-09-19T11:20:33+00:00,https://www.leckerschmecker.me/letscho-topf-a-c-hackfleisch/63743511506972,Letscho-Topf mit Hackfleisch ist unser liebstes Familiengericht,2026-09-19,2026-09-21,3,2
63743511588495,2026-09-19T11:20:34+00:00,https://www.leckerschmecker.me/ofen-spaetzle-mit-birne-kuerbis-fenchel-a-a-warm/63743511588495,"Warm, würzig, käsig: So schmeckt der Herbst",2026-09-19,2026-09-21,3,2
63743511568966,2026-09-19T11:20:35+00:00,https://www.leckerschmecker.me/butter-knoblauch-pasta-a-b-fuer/63743511568966,"Für alle, die es aromatisch und intensiv lieben: Butter-Knoblauch-Pasta",2026-09-19,2026-09-21,3,2
63743511394802,2026-09-19T11:20:36+00:00,https://www.leckerschmecker.me/fruehstuecksmuffins-mit-haferflocken-a-d-joghurt/63743511394802,Frühstücksmuffins mit Haferflocken: Starte energiegeladen in den Tag,2026-09-19,2026-09-19,1,2
63743511399638,2026-09-19T11:20:36+00:00,https://www.leckerschmecker.me/pasta-mollicata-a-a-italienischer/63743511399638,Italienischer Nudelklassiker: Pasta mollicata,2026-09-19,2026-09-21,3,2
63743511760523,2026-09-19T11:37:00+00:00,https://www.leckerschmecker.me/apple-pie-aus-dem-airfryer/63743511760523,Lass den Airfryer deinen Apple Pie backen,2026-09-19,2026-09-20,2,1
63743511759475,2026-09-19T12:51:38+00:00,https://www.leckerschmecker.me/vanille-streuselbroetchen-mit-pflaumenmarmelade-gemuetlicher/63743511759475,Diese Gebäckschätze machen jeden Tag etwas gemütlicher,2026-09-19,2026-09-21,3,3
63743511759189,2026-09-19T12:51:40+00:00,https://www.leckerschmecker.me/champignon-kaese-strudel-ofengericht/63743511759189,Champignon-Käse-Strudel: herbstliches Ofengericht mit Blätterteig,2026-09-19,2026-09-21,3,3
63743511760150,2026-09-19T13:28:32+00:00,https://www.leckerschmecker.me/apfel-birnen-flammkuchen-unwiderstehlich/63743511760150,Apfel-Birnen-Flammkuchen: So unwiderstehlich schmeckt der Herbst,2026-09-19,2026-09-21,3,2
63743511760315,2026-09-19T13:28:33+00:00,https://www.leckerschmecker.me/zucchini-nudeln-pasta/63743511760315,Zucchini-Nudeln: Pasta-Gefühl ganz ohne Nudelwasser,2026-09-19,2026-09-21,3,2
63743511760795,2026-09-19T13:28:34+00:00,https://www.leckerschmecker.me/revithia-me-spanaki-griechischer-spinat-kichererbsen-eintopf-klein/63743511760795,"Kichererbsen, Spinat und ein klein bisschen Sonne: Dieser griechische Eintopf hat es in sich",2026-09-19,2026-09-21,3,2
63743511376086,2026-09-19T13:48:57+00:00,https://www.leckerschmecker.me/kohlrabi-auflauf-b-i/63743511376086,Kohlrabi-Auflauf: schnelles und einfaches Rezept für den Ofen,2026-09-19,2026-09-21,3,1
63743511760779,2026-09-19T13:57:00+00:00,https://www.leckerschmecker.me/italienischer-kuerbiskuchen-mit-amaretti/63743511760779,Ein Kürbis geht auf Reisen: italienischer Kürbiskuchen mit Amaretti,2026-09-19,2026-09-20,2,1
63743511759763,2026-09-19T14:14:45+00:00,https://www.leckerschmecker.me/leberkaese-auflauf-mit-schupfnudeln-und-sauerkraut-wirtshaus/63743511759763,"Wirtshaus-Feeling aus der Auflaufform: Leberkäse, Schupfnudeln und Sauerkraut vereint",2026-09-19,2026-09-21,3,2
63743511497234,2026-09-19T14:14:47+00:00,https://www.leckerschmecker.me/kohlrabi-haehnchen-pfanne-a-d-cremige/63743511497234,Diese cremige Kohlrabi-Hähnchen-Pfanne bringt alle an einen Tisch,2026-09-19,2026-09-21,3,2
63743511760850,2026-09-19T14:36:00+00:00,https://www.leckerschmecker.me/kuerbis-haehnchen-pfanne/63743511760850,"Hähnchen-Pfanne für den Herbst: mit Kürbis, Kräutern und Feta",2026-09-19,2026-09-20,2,1
63743511653570,2026-09-19T15:21:23+00:00,https://www.leckerschmecker.me/cozido-a-portuguesa-portugiesischer-eintopf-a-a/63743511653570,Cozido à portuguesa: Koche einen Topf voller Portugal,2026-09-19,2026-09-21,3,1
63743511509696,2026-09-19T15:22:42+00:00,https://www.leckerschmecker.me/bratwurst-mit-zwiebelsosse-a-c/63743511509696,Leckere Hausmannskost: Bratwurst mit Zwiebelsoße zum Abendessen,2026-09-19,2026-09-21,3,1
63743511589709,2026-09-19T15:25:20+00:00,https://www.leckerschmecker.me/cowboybutter-nudeln-a-d/63743511589709,Cowboybutter: So wird aus Butter pures Pastaglück,2026-09-19,2026-09-21,3,1
63743511455069,2026-09-19T15:31:29+00:00,https://www.leckerschmecker.me/ofen-kuerbissuppe-a-f/63743511455069,So bringst du deine Kürbissuppe auf ein neues Level,2026-09-19,2026-09-21,3,1
63743511583538,2026-09-19T15:32:24+00:00,https://www.leckerschmecker.me/pumpkin-spice-overnight-oats-a-a/63743511583538,Die gemütlichsten Overnight Oats im Herbst,2026-09-19,2026-09-21,3,1
63743511760794,2026-09-19T15:43:00+00:00,https://www.leckerschmecker.me/leberkaese-spiesse/63743511760794,Diese Snack-Spieße gehören beim eigenen Oktoberfest ab sofort dazu,2026-09-19,2026-09-20,2,1
63743511760723,2026-09-19T16:11:00+00:00,https://www.leckerschmecker.me/pak-choi-nudelsuppe/63743511760723,Mit diesem Suppenrezept machst du Schluss mit Instant-Nudeln,2026-09-19,2026-09-21,3,1
63743511761521,2026-09-19T17:27:00+00:00,https://www.leckerschmecker.me/strozzapreti-diavolo-mit-chorizo/63743511761521,Voll auf die Geschmackszwölf: Strozzapreti Diavolo mit Chorizo,2026-09-19,2026-09-20,2,1
63743511759641,2026-09-19T18:45:00+00:00,https://www.leckerschmecker.me/herbstrezepte-mit-pfifferlingen/63743511759641,Diese Rezepte mit Pfifferlingen bringen dich so richtig in Herbststimmung,2026-09-20,2026-09-20,1,1
63743511504668,2026-09-19T18:47:48+00:00,https://www.leckerschmecker.me/ofenseelachs-mit-mediterraner-kruste-a-a-fuer/63743511504668,Ofenseelachs mit mediterraner Kruste: ein Highlight für dein Abendessen,2026-09-20,2026-09-21,2,3
63743511749101,2026-09-20T04:06:49+00:00,https://www.leckerschmecker.me/amerikanische-gurken-sandwiches-frischkaese/63743511749101,Gurke und Frischkäse: So genial sind diese amerikanischen Sandwiches,2026-09-20,2026-09-21,2,3
63743511761246,2026-09-20T05:02:00+00:00,https://www.leckerschmecker.me/pflaumen-scones/63743511761246,Drisch aus dem Ofen schmecken diese Pflaumen-Scones himmlisch,2026-09-20,2026-09-20,1,1
63743511760836,2026-09-20T05:32:46+00:00,https://www.leckerschmecker.me/haehnchensalat-mit-ahornsirup-senf-dressing-suess/63743511760836,"Einmal süß, einmal würzig: Dieser Hähnchensalat kann beides",2026-09-20,2026-09-21,2,2
63743511760667,2026-09-20T05:32:47+00:00,https://www.leckerschmecker.me/french-onion-dip-karamellisierten/63743511760667,Von diesem Dip mit karamellisierten Zwiebeln bekommst du nicht genug,2026-09-20,2026-09-21,2,2
63743511761666,2026-09-20T05:32:47+00:00,https://www.leckerschmecker.me/leberkaese-hawaii-verliebe/63743511761666,Verliebe dich fruchtig-würzig neu in die Kombination von zwei Klassikern,2026-09-20,2026-09-21,2,2
63743511760295,2026-09-20T05:32:48+00:00,https://www.leckerschmecker.me/lemon-cheesecake-bowl-kaesekuchen/63743511760295,Lemon Cheesecake Bowl: Käsekuchen-Geschmack ohne Ofen und Wartezeit,2026-09-20,2026-09-21,2,2
63743511761427,2026-09-20T05:48:00+00:00,https://www.leckerschmecker.me/schoko-minz-aufstrich/63743511761427,Frische trifft Schokolade: ein Aufstrich mit Überraschungseffekt,2026-09-20,2026-09-20,1,1
63743511534079,2026-09-20T06:28:54+00:00,https://www.leckerschmecker.me/ueberbackene-kartoffelroesti-a-c/63743511534079,Überbackene Kartoffelrösti: Mach aus einer Beilage ein Hauptgericht,2026-09-20,2026-09-20,1,1
63743511761432,2026-09-20T06:34:00+00:00,https://www.leckerschmecker.me/orangen-cranberry-scones/63743511761432,"Diese Frühstücksbrötchen sind fruchtig, nussig, süß",2026-09-20,2026-09-20,1,1
63743511340808,2026-09-20T06:35:49+00:00,https://www.leckerschmecker.me/rosenkohlauflauf-kartoffeln-moehren-a-c/63743511340808,Rosenkohlauflauf mit Kartoffeln und Möhren: Den könnten wir jede Woche essen,2026-09-20,2026-09-21,2,1
63743511513142,2026-09-20T06:36:03+00:00,https://www.leckerschmecker.me/brauhausgulasch-a-c/63743511513142,Brauhausgulasch ist ein echter Klassiker der Hausmannskost,2026-09-20,2026-09-21,2,1
63743511490226,2026-09-20T06:36:35+00:00,https://www.leckerschmecker.me/pudding-quark-kuchen-mandarinen-a-c/63743511490226,Unser Pudding-Quark-Kuchen mit Streuseln und Mandarinen schmeckt himmlisch,2026-09-20,2026-09-21,2,1
63743511420117,2026-09-20T06:38:47+00:00,https://www.leckerschmecker.me/quark-muffins-mit-kirschen-a-t/63743511420117,Backe fluffige Quark-Muffins mit Kirschen: So einfach geht&#8217;s,2026-09-20,2026-09-21,2,1
63743511459709,2026-09-20T06:39:09+00:00,https://www.leckerschmecker.me/gebackener-weisskohl-mit-parmesansosse-a-f/63743511459709,Gebackener Weißkohl mit Parmesansoße: herbstliche Wohlfühlküche,2026-09-20,2026-09-21,2,1
63743511448581,2026-09-20T06:42:20+00:00,https://www.leckerschmecker.me/haehnchengulasch-a-n/63743511448581,Koche dir ein leckeres Hähnchengulasch,2026-09-20,2026-09-21,2,1
63743511440431,2026-09-20T06:42:35+00:00,https://www.leckerschmecker.me/knusprige-gnocchi-aus-dem-airfryer-a-m/63743511440431,Knusprige Gnocchi aus dem Airfryer: perfekt zum Snacken,2026-09-20,2026-09-21,2,1
63743511592879,2026-09-20T06:52:19+00:00,https://www.leckerschmecker.me/luebecker-marzipantorte-vom-blech-a-b/63743511592879,Süßer Klassiker neu gedacht: Lübecker Marzipankuchen vom Blech,2026-09-20,2026-09-21,2,1
63743511761461,2026-09-20T06:53:47+00:00,https://www.leckerschmecker.me/cabanossi-eintopf-herzhaftes/63743511761461,Cabanossi-Eintopf: herzhaftes Essen für gemütliche Tage,2026-09-20,2026-09-21,2,2
63743511760271,2026-09-20T06:53:48+00:00,https://www.leckerschmecker.me/leberkaese-cordon-bleu-sicher/63743511760271,So hast du Leberkäse ganz sicher noch nie gegessen,2026-09-20,2026-09-21,2,2
63743511761584,2026-09-20T07:26:00+00:00,https://www.leckerschmecker.me/veganer-frischkaese-aus-tofu/63743511761584,Besser als gekauft? Diesen veganen Aufstrich-Allrounder brauchst du im Kühlschrank,2026-09-20,2026-09-20,1,1
63743511761054,2026-09-20T08:17:00+00:00,https://www.leckerschmecker.me/perlen-couscous-salat-mit-kuerbis/63743511761054,Perlen-Couscous-Salat mit Kürbis: Wenn der Herbst ein Salat wäre,2026-09-20,2026-09-20,1,1
63743511585938,2026-09-20T08:18:38+00:00,https://www.leckerschmecker.me/pumpkin-spice-marmelade-a-a-geniesst/63743511585938,Mit dieser Marmelade genießt du den Herbst auf deinem Frühstücksbrot,2026-09-20,2026-09-21,2,2
63743511394802,2026-09-20T08:47:30+00:00,https://www.leckerschmecker.me/fruehstuecksmuffins-mit-haferflocken-a-d-energie/63743511394802,Frühstücksmuffins mit Haferflocken: Starte energiegeladen in den Tag,2026-09-20,2026-09-21,2,3
63743511760671,2026-09-20T08:47:31+00:00,https://www.leckerschmecker.me/knoblauch-kaesepizza-mit-feta-kaese/63743511760671,Warum Knoblauch und Käse der beste Pizzabelag ist,2026-09-20,2026-09-21,2,2
63743511760938,2026-09-20T09:23:00+00:00,https://www.leckerschmecker.me/kuerbis-graupotto-mit-gorgonzola/63743511760938,So cremig hast du Graupen noch nie gegessen: Kürbis-Graupotto mit Gorgonzola,2026-09-20,2026-09-20,1,1
63743511761675,2026-09-20T10:17:00+00:00,https://www.leckerschmecker.me/airfryer-maultaschen-mit-knusperkruste/63743511761675,Airfryer-Maultaschen: So werden sie außen knusprig und innen saftig,2026-09-20,2026-09-20,1,1
63743511399162,2026-09-20T11:31:53+00:00,https://www.leckerschmecker.me/ungarische-kartoffel-nudeln-a-b/63743511399162,Leckere Resteverwertung: So kochst du ungarische Kartoffel-Nudeln,2026-09-20,2026-09-22,3,1
63743511761277,2026-09-20T11:39:00+00:00,https://www.leckerschmecker.me/leberkaese-aus-dem-airfryer/63743511761277,Leberkäse aus dem Airfryer: schnell und knusprig,2026-09-20,2026-09-20,1,1
63743511478242,2026-09-20T12:39:35+00:00,https://www.leckerschmecker.me/zimtschnecken-vom-blech-a-c-brunch/63743511478242,Besser als in der Bäckerei: Zimtschnecken vom Blech,2026-09-20,2026-09-22,3,3
63743511759641,2026-09-20T13:36:35+00:00,https://www.leckerschmecker.me/herbstrezepte-mit-pfifferlingen-rezepte/63743511759641,Diese Rezepte mit Pfifferlingen bringen dich so richtig in Herbststimmung,2026-09-20,2026-09-22,3,2
63743511761521,2026-09-20T13:36:36+00:00,https://www.leckerschmecker.me/strozzapreti-diavolo-mit-chorizo-voll/63743511761521,Voll auf die Geschmackszwölf: Strozzapreti Diavolo mit Chorizo,2026-09-20,2026-09-22,3,2
63743511760794,2026-09-20T13:36:37+00:00,https://www.leckerschmecker.me/leberkaese-spiesse-snack/63743511760794,Diese Snack-Spieße gehören beim eigenen Oktoberfest ab sofort dazu,2026-09-20,2026-09-22,3,2
63743511760779,2026-09-20T13:36:38+00:00,https://www.leckerschmecker.me/italienischer-kuerbiskuchen-mit-amaretti-kuerbis/63743511760779,Ein Kürbis geht auf Reisen: italienischer Kürbiskuchen mit Amaretti,2026-09-20,2026-09-22,3,2
63743511760523,2026-09-20T13:36:39+00:00,https://www.leckerschmecker.me/apple-pie-aus-dem-airfryer-lass/63743511760523,Lass den Airfryer deinen Apple Pie backen,2026-09-20,2026-09-22,3,2
63743511761546,2026-09-20T13:56:00+00:00,https://www.leckerschmecker.me/malva-pudding/63743511761546,"Malva Pudding: Der südafrikanische Kuchen, der dich warm umarmt",2026-09-20,2026-09-21,2,1
63743511591525,2026-09-20T13:56:42+00:00,https://www.leckerschmecker.me/kuerbis-brombeer-baked-oats-a-a/63743511591525,Ein gemütlicheres Frühstück im Herbst gibt es nicht,2026-09-20,2026-09-22,3,1
63743511459329,2026-09-20T13:56:56+00:00,https://www.leckerschmecker.me/spitzkohlpfanne-mit-hackfleisch-a-d/63743511459329,Diese Spitzkohlpfanne mit Hackfleisch ist ideal für ein schnelles Abendessen,2026-09-20,2026-09-22,3,1
63743511351323,2026-09-20T13:57:08+00:00,https://www.leckerschmecker.me/nudelauflauf-mit-feta-und-spinat-c-e/63743511351323,Nudelauflauf mit Feta und Spinat: Ofengericht für den Feierabend,2026-09-20,2026-09-22,3,1
63743511342422,2026-09-20T13:57:23+00:00,https://www.leckerschmecker.me/prasselkuchen-rezept-a-a/63743511342422,DDR-Kultkuchen mit Blätterteig und Marmelade: Prasselkuchen-Rezept,2026-09-20,2026-09-22,3,1
63743511391090,2026-09-20T13:57:43+00:00,https://www.leckerschmecker.me/chicken-cacciatore-a-u/63743511391090,Chicken Cacciatore: Probiere die geschmorte italienische Hähnchenbrust,2026-09-20,2026-09-22,3,1
63743511418819,2026-09-20T13:58:01+00:00,https://www.leckerschmecker.me/kirmeskuchen-a-x/63743511418819,Viel Rummel um diesen leckeren Kirmeskuchen: Rezept zum Nachbacken,2026-09-20,2026-09-22,3,1
63743511441941,2026-09-20T13:58:28+00:00,https://www.leckerschmecker.me/frikadellen-aus-dem-airfryer-a-m/63743511441941,So machst du Frikadellen im Airfryer,2026-09-20,2026-09-22,3,1
63743511759797,2026-09-20T14:03:39+00:00,https://www.leckerschmecker.me/spaghetti-alla-puveriello-perfekt/63743511759797,Spaghetti alla Puveriello: Warum diese Pasta perfekt für den Feierabend ist,2026-09-20,2026-09-21,2,3
63743511495352,2026-09-20T14:03:40+00:00,https://www.leckerschmecker.me/kohlrabi-schnitzel-a-e-mach/63743511495352,Kohlrabi-Schnitzel: Mach aus einem Klassiker eine Veggie-Variante,2026-09-20,2026-09-22,3,2
63743511436623,2026-09-20T14:03:41+00:00,https://www.leckerschmecker.me/herbstliches-ofengemuese-mit-feta-a-t-kalten/63743511436623,Herbstliches Ofengemüse mit Feta: Gemüsegenuss an kalten Tagen,2026-09-20,2026-09-22,3,3
63743511452013,2026-09-20T14:03:41+00:00,https://www.leckerschmecker.me/ofensalat-mit-roter-bete-und-kuerbis-a-i-winter/63743511452013,Dieser Ofensalat mit gebackener Roter Bete und Kürbis ist ein Herbst-Favorit,2026-09-20,2026-09-22,3,3
63743511487575,2026-09-20T14:03:42+00:00,https://www.leckerschmecker.me/quark-streuselkuchen-vom-blech-a-e-einfacher/63743511487575,Quark-Streuselkuchen: einfacher Kuchengenuss vom Blech,2026-09-20,2026-09-22,3,2
63743511761527,2026-09-20T14:39:00+00:00,https://www.leckerschmecker.me/karamell-swirls-mit-pekannuessen/63743511761527,"Wer Karamell liebt, kommt an diesen Swirls nicht vorbei",2026-09-20,2026-09-21,2,1
63743511594762,2026-09-20T14:54:45+00:00,https://www.leckerschmecker.me/haehnchen-mit-brezelkruste-honig-senf-sosse-a-b-suess/63743511594762,"Hähnchen mal anders: Die perfekte Kombination aus süß, würzig und knusprig",2026-09-20,2026-09-22,3,4
63743511757994,2026-09-20T15:27:54+00:00,https://www.leckerschmecker.me/franzoesisches-zwiebel-champignon-haehnchen-weisst/63743511757994,Französisches Zwiebel-Champignon-Hähnchen für ein gemütliches Abendessen,2026-09-20,2026-09-22,3,5
63743511761441,2026-09-20T15:47:00+00:00,https://www.leckerschmecker.me/tiroler-groestl/63743511761441,So lecker haben Reste noch nie geschmeckt,2026-09-20,2026-09-22,3,1
63743511761657,2026-09-20T16:13:00+00:00,https://www.leckerschmecker.me/weisse-bohnen-feta-dip/63743511761657,Weiße Bohnen und Feta? Schmecken am besten als Dip,2026-09-20,2026-09-21,2,1
63743511761522,2026-09-20T17:33:00+00:00,https://www.leckerschmecker.me/kuerbis-salbei-lasagne/63743511761522,Hier kommt dein neues Lieblingsofengericht im Herbst,2026-09-20,2026-09-22,3,1
63743511760218,2026-09-20T18:09:44+00:00,https://www.leckerschmecker.me/apfel-marzipan-kaesekuchen-gemuetlichkeit/63743511760218,Gemütlichkeit schmeckt ab sofort nach Apfel-Marzipan-Käsekuchen,2026-09-21,2026-09-22,2,2
63743511542576,2026-09-20T18:24:52+00:00,https://www.leckerschmecker.me/spanische-knoblauchsuppe-a-a/63743511542576,Die spanische Knoblauchsuppe Sopa de Ajo musst du probieren,2026-09-21,2026-09-22,2,1
63743511595886,2026-09-20T18:40:44+00:00,https://www.leckerschmecker.me/gartengemuese-eintopf-a-c-voll/63743511595886,Ein Topf voll Gemüseglück,2026-09-21,2026-09-22,2,3
63743511748025,2026-09-20T18:47:00+00:00,https://www.leckerschmecker.me/schokoladen-martini/63743511748025,Trink wie Elizabeth Taylor mit unserem Schokoladen-Martini,2026-09-21,2026-09-21,1,1
63743511653749,2026-09-21T04:05:48+00:00,https://www.leckerschmecker.me/nudel-lachs-auflauf-mit-brokkoli-a-a-auflaeufe/63743511653749,Ofenliebling: Nudel-Lachs-Auflauf mit Brokkoli,2026-09-21,2026-09-22,2,6
63743511759516,2026-09-21T04:05:50+00:00,https://www.leckerschmecker.me/lemon-curd-muffins-zitronig/63743511759516,So saftig und zitronig: Lemon-Curd-Muffins zum Nachbacken,2026-09-21,2026-09-22,2,3
63743511699905,2026-09-21T04:05:51+00:00,https://www.leckerschmecker.me/pizza-chips-a-b-ofen/63743511699905,Pizza im Miniformat: Die knusprigen Ofen-Chips sind mit einem Haps im Mund,2026-09-21,2026-09-22,2,6
63743511760977,2026-09-21T04:05:51+00:00,https://www.leckerschmecker.me/veganer-kuerbis-mango-gugelhupf-herbst/63743511760977,Veganer Kürbis-Mango-Gugelhupf: So lecker wird der Herbst,2026-09-21,2026-09-22,2,3
63743511399298,2026-09-21T04:55:44+00:00,https://www.leckerschmecker.me/bananen-muffinsa-a-a/63743511399298,Frühstücksidee: schnelle Bananen-Muffins,2026-09-21,2026-09-22,2,1
63743511761744,2026-09-21T05:02:00+00:00,https://www.leckerschmecker.me/schoko-orangen-french-toast/63743511761744,Dieses French Toast ist der pure Luxus,2026-09-21,2026-09-21,1,1
63743511760938,2026-09-21T05:25:42+00:00,https://www.leckerschmecker.me/kuerbis-graupotto-mit-gorgonzola-cremig/63743511760938,So cremig hast du Graupen noch nie gegessen: Kürbis-Graupotto mit Gorgonzola,2026-09-21,2026-09-22,2,2
63743511761054,2026-09-21T05:25:43+00:00,https://www.leckerschmecker.me/perlen-couscous-salat-mit-kuerbis-herbst/63743511761054,Perlen-Couscous-Salat mit Kürbis: Wenn der Herbst ein Salat wäre,2026-09-21,2026-09-22,2,2
63743511761584,2026-09-21T05:25:44+00:00,https://www.leckerschmecker.me/veganer-frischkaese-aus-tofu-gekauft/63743511761584,Besser als gekauft? Diesen veganen Aufstrich-Allrounder brauchst du im Kühlschrank,2026-09-21,2026-09-22,2,2
63743511761246,2026-09-21T05:25:45+00:00,https://www.leckerschmecker.me/pflaumen-scones-drisch/63743511761246,Drisch aus dem Ofen schmecken diese Pflaumen-Scones himmlisch,2026-09-21,2026-09-22,2,2
63743511761427,2026-09-21T05:25:45+00:00,https://www.leckerschmecker.me/schoko-minz-aufstrich-frische/63743511761427,Frische trifft Schokolade: ein Aufstrich mit Überraschungseffekt,2026-09-21,2026-09-22,2,2
63743511761664,2026-09-21T05:43:00+00:00,https://www.leckerschmecker.me/auberginen-shakshuka/63743511761664,Mit diesem Frühstücksklassiker setzt du unscheinbare Aubergine groß in Szene,2026-09-21,2026-09-21,1,1
63743511761675,2026-09-21T06:09:48+00:00,https://www.leckerschmecker.me/airfryer-maultaschen-mit-knusperkruste-aussen/63743511761675,Airfryer-Maultaschen: So werden sie außen knusprig und innen saftig,2026-09-21,2026-09-22,2,2
63743511761432,2026-09-21T06:09:49+00:00,https://www.leckerschmecker.me/orangen-cranberry-scones-fruehstuecksbroetchen/63743511761432,"Diese Frühstücksbrötchen sind fruchtig, nussig, süß",2026-09-21,2026-09-22,2,2
63743511363221,2026-09-21T06:10:51+00:00,https://www.leckerschmecker.me/ruehrei-muffins-mit-schinken-b-l/63743511363221,Starte mit diesen Rührei-Muffins mit Schinken in den Tag,2026-09-21,2026-09-22,2,1
63743511591765,2026-09-21T06:18:41+00:00,https://www.leckerschmecker.me/apfel-zimt-auflauf-a-a/63743511591765,Hier kommt ein goldener Herbsttag direkt aus dem Ofen,2026-09-21,2026-09-22,2,1
63743511445194,2026-09-21T06:29:55+00:00,https://www.leckerschmecker.me/trauben-kaese-salat-a-c/63743511445194,Dieser Trauben-Käse-Salat schmeckt nicht nur Käse-Liebhabern,2026-09-21,2026-09-22,2,1
63743511761785,2026-09-21T06:36:00+00:00,https://www.leckerschmecker.me/apfel-erdnussbutter-muffins/63743511761785,"Schnelle Frühstücksmuffins mit Apfel, Erdnussbutter und Zimt",2026-09-21,2026-09-21,1,1
63743511437830,2026-09-21T06:37:10+00:00,https://www.leckerschmecker.me/eier-in-heissluftfritteuse-kochen-a-t/63743511437830,Eier in der Heißluftfritteuse kochen: schnell und einfach,2026-09-21,2026-09-22,2,1
63743511534079,2026-09-21T06:58:57+00:00,https://www.leckerschmecker.me/ueberbackene-kartoffelroesti-a-c-berbackene/63743511534079,Überbackene Kartoffelrösti: Mach aus einer Beilage ein Hauptgericht,2026-09-21,2026-09-22,2,2
63743511760850,2026-09-21T06:58:58+00:00,https://www.leckerschmecker.me/kuerbis-haehnchen-pfanne-fuer/63743511760850,"Hähnchen-Pfanne für den Herbst: mit Kürbis, Kräutern und Feta",2026-09-21,2026-09-22,2,2
63743511443149,2026-09-21T07:02:12+00:00,https://www.leckerschmecker.me/shepherds-pie-mit-blumenkohl-a-f/63743511443149,Shepherd’s Pie mit Blumenkohl: herbstlicher Ofengenuss,2026-09-21,2026-09-22,2,1
63743511748650,2026-09-21T07:21:00+00:00,https://www.leckerschmecker.me/apple-cider-donuts/63743511748650,Apple Cider Donuts: So holst du dir den Herbst nach Hause,2026-09-21,2026-09-21,1,1
63743511761623,2026-09-21T08:14:00+00:00,https://www.leckerschmecker.me/suesskartoffelfritten-sandwich/63743511761623,Pommes im Brötchen? Dieses Süßkartoffelfritten-Sandwich ist Wohlfühlessen vom Feinsten,2026-09-21,2026-09-21,1,1
63743511589029,2026-09-21T08:21:02+00:00,https://www.leckerschmecker.me/pumpkin-spice-chiapudding-a-a/63743511589029,Pumpkin Spice in deinem Frühstück verspricht gemütliche Herbstmorgen,2026-09-21,2026-09-22,2,1
63743511761277,2026-09-21T08:56:33+00:00,https://www.leckerschmecker.me/leberkaese-aus-dem-airfryer-schnell/63743511761277,Leberkäse aus dem Airfryer: schnell und knusprig,2026-09-21,2026-09-21,1,2
63743511422114,2026-09-21T09:19:19+00:00,https://www.leckerschmecker.me/huhn-mit-pflaumen-a-d/63743511422114,Dieses Ofengericht kombiniert süß und deftig,2026-09-21,2026-09-22,2,1
63743511757870,2026-09-21T09:29:00+00:00,https://www.leckerschmecker.me/mabon-erntedank-feiern/63743511757870,Erntezeit ist Genusszeit: So feierst du den Herbstanfang mit saisonalen Gerichten,2026-09-21,2026-09-21,1,1
63743511762190,2026-09-21T10:05:00+00:00,https://www.leckerschmecker.me/feigen-gorgonzola-burger/63743511762190,Feigen-Gorgonzola-Burger: Fast-Food deluxe,2026-09-21,2026-09-21,1,1
63743511629601,2026-09-21T11:01:47+00:00,https://www.leckerschmecker.me/roesti-hackfleisch-auflauf-a-b/63743511629601,Kartoffeln und Hackfleisch sind der Garant für deftiges Auflaufglück,2026-09-21,2026-09-23,3,1
63743511532957,2026-09-21T11:04:20+00:00,https://www.leckerschmecker.me/sachertorte-vom-blech-a-b/63743511532957,Diesen Wiener Klassiker musst du probieren: Sachertorte vom Blech,2026-09-21,2026-09-23,3,1
63743511748504,2026-09-21T11:21:00+00:00,https://www.leckerschmecker.me/karamellisierte-schalotten-pasta/63743511748504,Karamellisierte Schalotten-Pasta für gemütliche Abende,2026-09-21,2026-09-21,1,1
63743511399638,2026-09-21T11:25:40+00:00,https://www.leckerschmecker.me/pasta-mollicata-a-a-nudelklassiker/63743511399638,Italienischer Nudelklassiker: Pasta mollicata,2026-09-21,2026-09-23,3,3
63743511568966,2026-09-21T11:25:41+00:00,https://www.leckerschmecker.me/butter-knoblauch-pasta-a-b-aromatisch/63743511568966,"Für alle, die es aromatisch und intensiv lieben: Butter-Knoblauch-Pasta",2026-09-21,2026-09-23,3,3
63743511748127,2026-09-21T11:25:43+00:00,https://www.leckerschmecker.me/kubanische-huehnersuppe-fuer/63743511748127,Kubanische Hühnersuppe für die Seele,2026-09-21,2026-09-22,2,2
63743511585487,2026-09-21T12:03:05+00:00,https://www.leckerschmecker.me/gnocchi-hackfleisch-eintopf-a-a/63743511585487,"Würzig, wärmend, wunderbar: Diesen Eintopf willst du immer wieder essen",2026-09-21,2026-09-23,3,1
63743511445157,2026-09-21T12:17:24+00:00,https://www.leckerschmecker.me/kokos-kuerbissuppe-mit-orangensaft-a-i/63743511445157,Cremige Kokos-Kürbissuppe mit Orangensaft: herbstlicher Genuss,2026-09-21,2026-09-23,3,1
63743511421174,2026-09-21T12:19:59+00:00,https://www.leckerschmecker.me/mediterraner-gemueseauflauf-a-p/63743511421174,"Mediterraner Gemüseauflauf mit Zucchini, Kartoffeln und Mozzarella",2026-09-21,2026-09-23,3,1
63743511602246,2026-09-21T12:27:09+00:00,https://www.leckerschmecker.me/kuerbis-lasagne-a-a/63743511602246,Diese Kürbis-Lasagne ist Ofenglück pur,2026-09-21,2026-09-23,3,1
63743511581536,2026-09-21T12:43:00+00:00,https://www.leckerschmecker.me/nudelpfanne-mit-kuerbis-und-champignons-a-b/63743511581536,Dieses Gericht macht Lust auf Herbst,2026-09-21,2026-09-23,3,1
63743511509696,2026-09-21T12:53:40+00:00,https://www.leckerschmecker.me/bratwurst-mit-zwiebelsosse-a-c-leckere/63743511509696,Leckere Hausmannskost: Bratwurst mit Zwiebelsoße zum Abendessen,2026-09-21,2026-09-23,3,2
63743511759763,2026-09-21T12:53:41+00:00,https://www.leckerschmecker.me/leberkaese-auflauf-mit-schupfnudeln-und-sauerkraut-feeling/63743511759763,"Wirtshaus-Feeling aus der Auflaufform: Leberkäse, Schupfnudeln und Sauerkraut vereint",2026-09-21,2026-09-22,2,3
63743511486326,2026-09-21T13:13:29+00:00,https://www.leckerschmecker.me/mandarinen-quarkauflauf-a-c/63743511486326,Ein luftig-süßer Mandarinen-Quarkauflauf hebt die Laune an grauen Tagen,2026-09-21,2026-09-23,3,1
63743511482313,2026-09-21T13:26:14+00:00,https://www.leckerschmecker.me/nutellakuchen-a-d/63743511482313,Dieser Kuchen macht einfach nur glücklich,2026-09-21,2026-09-23,3,1
63743511508028,2026-09-21T13:30:11+00:00,https://www.leckerschmecker.me/spaetzle-grundrezept-a-b/63743511508028,So kochst du schwäbische Spätzle nach Originalrezept,2026-09-21,2026-09-23,3,1
63743511748025,2026-09-21T13:38:36+00:00,https://www.leckerschmecker.me/schokoladen-martini-trink/63743511748025,Trink wie Elizabeth Taylor mit unserem Schokoladen-Martini,2026-09-21,2026-09-23,3,2
63743511761657,2026-09-21T13:38:37+00:00,https://www.leckerschmecker.me/weisse-bohnen-feta-dip-schmecken/63743511761657,Weiße Bohnen und Feta? Schmecken am besten als Dip,2026-09-21,2026-09-23,3,2
63743511761527,2026-09-21T13:38:38+00:00,https://www.leckerschmecker.me/karamell-swirls-mit-pekannuessen-liebt/63743511761527,"Wer Karamell liebt, kommt an diesen Swirls nicht vorbei",2026-09-21,2026-09-23,3,2
63743511761546,2026-09-21T13:38:39+00:00,https://www.leckerschmecker.me/malva-pudding-suedafrikanische/63743511761546,"Malva Pudding: Der südafrikanische Kuchen, der dich warm umarmt",2026-09-21,2026-09-23,3,2
63743511437898,2026-09-21T13:55:42+00:00,https://www.leckerschmecker.me/kuerbis-gulasch-a-l/63743511437898,Kürbis-Gulasch: wärmt von innen und macht glücklich,2026-09-21,2026-09-23,3,1
63743511761610,2026-09-21T13:56:00+00:00,https://www.leckerschmecker.me/honig-zimt-kuchen-kastenform/63743511761610,"Ein Kuchen, der den Herbst einleitet: lecker mit Zimt und Honig",2026-09-21,2026-09-22,2,1
63743511583538,2026-09-21T14:07:46+00:00,https://www.leckerschmecker.me/pumpkin-spice-overnight-oats-a-a-gemuetlichsten/63743511583538,Die gemütlichsten Overnight Oats im Herbst,2026-09-21,2026-09-23,3,2
63743511588495,2026-09-21T14:07:47+00:00,https://www.leckerschmecker.me/ofen-spaetzle-mit-birne-kuerbis-fenchel-a-a-wuerzig/63743511588495,"Warm, würzig, käsig: So schmeckt der Herbst",2026-09-21,2026-09-23,3,3
63743511251069,2026-09-21T14:13:21+00:00,https://www.leckerschmecker.me/sos-kuchen-a-q/63743511251069,SOS-Kuchen: kommt bei spontanem Besuch wie gerufen,2026-09-21,2026-09-23,3,1
63743511436708,2026-09-21T14:20:02+00:00,https://www.leckerschmecker.me/indisches-kuerbis-curry-a-l/63743511436708,Indisches Kürbis-Curry: perfekt für Herbsttage,2026-09-21,2026-09-23,3,1
63743511762404,2026-09-21T14:43:00+00:00,https://www.leckerschmecker.me/krustenbraten-aus-dem-airfryer/63743511762404,Mit heißer Luft zur krossen Kruste: So machst du einen Krustenbraten aus dem Airfryer,2026-09-21,2026-09-23,3,1
63743511606731,2026-09-21T14:47:57+00:00,https://www.leckerschmecker.me/pflaumen-marzipan-hefezopf-a-b/63743511606731,"Pflaumen, Marzipan und Hefeteig: Ein Gebäck, das zum Naschen einlädt",2026-09-21,2026-09-23,3,2
63743511760271,2026-09-21T14:50:44+00:00,https://www.leckerschmecker.me/leberkaese-cordon-bleu-gegessen/63743511760271,So hast du Leberkäse ganz sicher noch nie gegessen,2026-09-21,2026-09-23,3,3
63743511762537,2026-09-21T15:24:00+00:00,https://www.leckerschmecker.me/schnelle-kokos-huehnersuppe/63743511762537,Mach der Erkältung den Garaus! Das geht mit dieser schnellen Hühnersuppe,2026-09-21,2026-09-22,2,1
63743511760991,2026-09-21T15:38:48+00:00,https://www.leckerschmecker.me/focaccia-mit-thymian-und-bergkaese-knuspriger/63743511760991,"Knuspriger Rand, fluffige Mitte: Focaccia mit Thymian und Bergkäse",2026-09-21,2026-09-23,3,2
63743511762574,2026-09-21T16:02:00+00:00,https://www.leckerschmecker.me/kuerbis-ratatouille/63743511762574,"Bonjour, Kürbis! Französischer Klassiker mit Herbst-Upgrade",2026-09-21,2026-09-22,2,1
63743511762844,2026-09-21T17:18:00+00:00,https://www.leckerschmecker.me/bierkaese-spaetzle/63743511762844,Diese Bierkäse-Spätzle mit Röstzwiebeln bringen Oktoberfeststimmung in die Pfanne,2026-09-21,2026-09-23,3,1
63743511761506,2026-09-21T18:41:00+00:00,https://www.leckerschmecker.me/kuerbis-lasagne-mit-ziegenkaese/63743511761506,Hokkaido trifft Ziegenfrischkäse: Lasagne für den Herbsteinzug,2026-09-21,2026-09-22,2,1
63743511762549,2026-09-21T19:05:00+00:00,https://www.leckerschmecker.me/midnight-margarita/63743511762549,Midnight Margarita: Limette in die Kokosnuss!,2026-09-21,2026-09-22,2,1
63743511592879,2026-09-22T04:03:53+00:00,https://www.leckerschmecker.me/luebecker-marzipantorte-vom-blech-a-b-suesser/63743511592879,Süßer Klassiker neu gedacht: Lübecker Marzipankuchen vom Blech,2026-09-22,2026-09-23,2,2
63743511761461,2026-09-22T04:03:54+00:00,https://www.leckerschmecker.me/cabanossi-eintopf-essen/63743511761461,Cabanossi-Eintopf: herzhaftes Essen für gemütliche Tage,2026-09-22,2026-09-23,2,3
63743511759189,2026-09-22T04:03:55+00:00,https://www.leckerschmecker.me/champignon-kaese-strudel-blaetterteig/63743511759189,Champignon-Käse-Strudel: herbstliches Ofengericht mit Blätterteig,2026-09-22,2026-09-23,2,4
63743511762635,2026-09-22T05:03:00+00:00,https://www.leckerschmecker.me/pumpkin-spice-baked-oats/63743511762635,Herbst aus dem Ofen: Dieser Haferflockenauflauf hat es in sich,2026-09-22,2026-09-22,1,1
63743511748504,2026-09-22T05:33:42+00:00,https://www.leckerschmecker.me/karamellisierte-schalotten-pasta-fuer/63743511748504,Karamellisierte Schalotten-Pasta für gemütliche Abende,2026-09-22,2026-09-23,2,2
63743511757870,2026-09-22T05:33:44+00:00,https://www.leckerschmecker.me/mabon-erntedank-feiern-erntezeit/63743511757870,Erntezeit ist Genusszeit: So feierst du den Herbstanfang mit saisonalen Gerichten,2026-09-22,2026-09-23,2,2
63743511762190,2026-09-22T05:33:44+00:00,https://www.leckerschmecker.me/feigen-gorgonzola-burger-fast/63743511762190,Feigen-Gorgonzola-Burger: Fast-Food deluxe,2026-09-22,2026-09-23,2,2
63743511761623,2026-09-22T05:33:45+00:00,https://www.leckerschmecker.me/suesskartoffelfritten-sandwich-pommes/63743511761623,Pommes im Brötchen? Dieses Süßkartoffelfritten-Sandwich ist Wohlfühlessen vom Feinsten,2026-09-22,2026-09-23,2,2
63743511761664,2026-09-22T05:33:46+00:00,https://www.leckerschmecker.me/auberginen-shakshuka-fruehstuecksklassiker/63743511761664,Mit diesem Frühstücksklassiker setzt du unscheinbare Aubergine groß in Szene,2026-09-22,2026-09-23,2,2
63743511762869,2026-09-22T05:39:00+00:00,https://www.leckerschmecker.me/high-protein-olivenstangen/63743511762869,Protein trifft Olive: Der herzhafte Snack mit Knusperfaktor,2026-09-22,2026-09-23,2,1
63743511498003,2026-09-22T05:45:40+00:00,https://www.leckerschmecker.me/spaetzle-pilz-auflauf-a-e/63743511498003,Rustikales Ofengericht mit viel Käse: Spätzle-Pilz-Auflauf,2026-09-22,2026-09-23,2,2
63743511495297,2026-09-22T06:15:49+00:00,https://www.leckerschmecker.me/avocado-feta-dip-a-d/63743511495297,Avocado-Feta-Dip: schnell gemacht und superlecker,2026-09-22,2026-09-23,2,1
63743511748650,2026-09-22T06:17:44+00:00,https://www.leckerschmecker.me/apple-cider-donuts-holst/63743511748650,Apple Cider Donuts: So holst du dir den Herbst nach Hause,2026-09-22,2026-09-23,2,2
63743511761785,2026-09-22T06:17:45+00:00,https://www.leckerschmecker.me/apfel-erdnussbutter-muffins-schnelle/63743511761785,"Schnelle Frühstücksmuffins mit Apfel, Erdnussbutter und Zimt",2026-09-22,2026-09-23,2,2
63743511761744,2026-09-22T06:17:46+00:00,https://www.leckerschmecker.me/schoko-orangen-french-toast-pure/63743511761744,Dieses French Toast ist der pure Luxus,2026-09-22,2026-09-23,2,2
63743511441542,2026-09-22T06:22:48+00:00,https://www.leckerschmecker.me/grilled-cheese-sandwich-balsamico-zwiebeln-a-o/63743511441542,Für Käsefans: Grilled-Cheese-Sandwich mit karamellisierten Zwiebeln,2026-09-22,2026-09-22,1,1
63743511762849,2026-09-22T06:31:00+00:00,https://www.leckerschmecker.me/polenta-waffeln-mit-pilzragout-und-ei/63743511762849,Polenta-Waffeln mit Pilzragout und Ei machen das Frühstück richtig herzhaft,2026-09-22,2026-09-22,1,1
63743511536189,2026-09-22T06:46:53+00:00,https://www.leckerschmecker.me/kohlrabi-curry-a-c/63743511536189,Kohlrabi-Curry: würzig und lecker,2026-09-22,2026-09-23,2,1
63743511760671,2026-09-22T06:54:50+00:00,https://www.leckerschmecker.me/knoblauch-kaesepizza-mit-feta-beste/63743511760671,Warum Knoblauch und Käse der beste Pizzabelag ist,2026-09-22,2026-09-23,2,3
63743511376086,2026-09-22T06:54:51+00:00,https://www.leckerschmecker.me/kohlrabi-auflauf-b-i-schnelles/63743511376086,Kohlrabi-Auflauf: schnelles und einfaches Rezept für den Ofen,2026-09-22,2026-09-23,2,2
63743511708014,2026-09-22T07:12:40+00:00,https://www.leckerschmecker.me/apple-pie-overnight-quinoa-a-a/63743511708014,Omas Apfelkuchen trifft Superfood-Frühstück: Apple Pie Overnight Quinoa,2026-09-22,2026-09-23,2,1
63743511591381,2026-09-22T07:15:40+00:00,https://www.leckerschmecker.me/pumpkin-pie-joghurt-bowl-a-a/63743511591381,Herbst-Fans aufgepasst: Diese zimtig-würzige Joghurt-Bowl ist für euch,2026-09-22,2026-09-23,2,1
63743511762534,2026-09-22T07:22:00+00:00,https://www.leckerschmecker.me/pumpkin-spice-kaiserschmarrn/63743511762534,Was nach einem langen Herbstspaziergang nicht fehlen darf? Pumpkin-Spice-Kaiserschmarrn!,2026-09-22,2026-09-22,1,1
63743511585938,2026-09-22T07:32:41+00:00,https://www.leckerschmecker.me/pumpkin-spice-marmelade-a-a-herbst/63743511585938,Mit dieser Marmelade genießt du den Herbst auf deinem Frühstücksbrot,2026-09-22,2026-09-23,2,3
63743511490226,2026-09-22T07:32:42+00:00,https://www.leckerschmecker.me/pudding-quark-kuchen-mandarinen-a-c-streuseln/63743511490226,Unser Pudding-Quark-Kuchen mit Streuseln und Mandarinen schmeckt himmlisch,2026-09-22,2026-09-23,2,2
63743511513142,2026-09-22T07:32:43+00:00,https://www.leckerschmecker.me/brauhausgulasch-a-c-echter/63743511513142,Brauhausgulasch ist ein echter Klassiker der Hausmannskost,2026-09-22,2026-09-23,2,2
63743511761666,2026-09-22T07:32:43+00:00,https://www.leckerschmecker.me/leberkaese-hawaii-fruchtig/63743511761666,Verliebe dich fruchtig-würzig neu in die Kombination von zwei Klassikern,2026-09-22,2026-09-23,2,3
63743511762393,2026-09-22T08:23:00+00:00,https://www.leckerschmecker.me/leberkaese-grilled-cheese-sandwich/63743511762393,"Leberkäse, geschmolzener Gouda und würzige Zwiebeln: Das macht glücklich",2026-09-22,2026-09-23,2,1
63743511761277,2026-09-22T08:51:37+00:00,https://www.leckerschmecker.me/leberkaese-aus-dem-airfryer-knusprig/63743511761277,Leberkäse aus dem Airfryer: schnell und knusprig,2026-09-22,2026-09-23,2,3
63743511759797,2026-09-22T08:51:38+00:00,https://www.leckerschmecker.me/spaghetti-alla-puveriello-fuer/63743511759797,Spaghetti alla Puveriello: Warum diese Pasta perfekt für den Feierabend ist,2026-09-22,2026-09-23,2,4
63743511763153,2026-09-22T09:27:00+00:00,https://www.leckerschmecker.me/brokkolisalat-mit-aepfeln-walnuessen-und-cranberrys/63743511763153,"Knackig, fruchtig, nussig: Dieser Brokkolisalat passt perfekt zum Herbst",2026-09-22,2026-09-22,1,1
63743511526130,2026-09-22T09:44:10+00:00,https://www.leckerschmecker.me/moehrengemuese-mit-curry-und-petersilie-a-a/63743511526130,Leckere Beilage: Möhrengemüse mit Curry und Petersilie,2026-09-22,2026-09-23,2,1
63743511762737,2026-09-22T10:08:00+00:00,https://www.leckerschmecker.me/haehnchen-hackbaellchen-mit-kuerbis-orzo/63743511762737,Mit diesem Gericht läutest du den Herbst ein,2026-09-22,2026-09-22,1,1
63743511498195,2026-09-22T10:19:18+00:00,https://www.leckerschmecker.me/haehncheneintopf-mit-brokkoli-und-kichererbsen-a-d/63743511498195,"Hähnchen, Brokkoli und Kichererbsen kommen zu einem wärmenden Eintopf zusammen",2026-09-22,2026-09-24,3,1
63743511760218,2026-09-22T10:52:37+00:00,https://www.leckerschmecker.me/apfel-marzipan-kaesekuchen-schmeckt/63743511760218,Gemütlichkeit schmeckt ab sofort nach Apfel-Marzipan-Käsekuchen,2026-09-22,2026-09-24,3,3
63743511757994,2026-09-22T10:52:39+00:00,https://www.leckerschmecker.me/franzoesisches-zwiebel-champignon-haehnchen-welt/63743511757994,Französisches Zwiebel-Champignon-Hähnchen für ein gemütliches Abendessen,2026-09-22,2026-09-24,3,6
63743511589438,2026-09-22T10:57:35+00:00,https://www.leckerschmecker.me/oktoberfest-rezepte-zum-nachkochen-a-a/63743511589438,O&#8217;zapft is! Hole dir mit diesen Rezepten das Oktoberfest nach Hause,2026-09-22,2026-09-24,3,1
63743511611892,2026-09-22T10:59:38+00:00,https://www.leckerschmecker.me/gefuellter-kuerbis-aus-dem-airfryer-a-a/63743511611892,Heute wandert der Kürbis in den Airfryer: und zwar im Ganzen,2026-09-22,2026-09-24,3,1
63743511594130,2026-09-22T11:08:25+00:00,https://www.leckerschmecker.me/schweinefilet-im-speckmantel-a-a/63743511594130,Schweinefilet im Speckmantel: rustikales Gericht,2026-09-22,2026-09-24,3,1
63743511762498,2026-09-22T11:12:00+00:00,https://www.leckerschmecker.me/pumpkin-spice-donuts/63743511762498,Diese kleinen Goldstücke machen den Herbst richtig gemütlich,2026-09-22,2026-09-22,1,1
63743511441941,2026-09-22T11:32:37+00:00,https://www.leckerschmecker.me/frikadellen-aus-dem-airfryer-a-m-machst/63743511441941,So machst du Frikadellen im Airfryer,2026-09-22,2026-09-24,3,2
63743511685930,2026-09-22T11:45:10+00:00,https://www.leckerschmecker.me/rhabarber-croffles-am-stiel-a-a/63743511685930,Rhabarber-Croffles am Stiel: Trend-Food für den Frühstückstisch,2026-09-22,2026-09-24,3,1
63743511695814,2026-09-22T11:47:10+00:00,https://www.leckerschmecker.me/norwegische-lefse-mit-zimtbutter-a-a/63743511695814,Pfannkuchen auf Skandinavisch: Diese norwegischen Lefse sorgen für ein süßes Frühstücksglück,2026-09-22,2026-09-24,3,1
63743511695986,2026-09-22T11:48:49+00:00,https://www.leckerschmecker.me/kartoffelsalat-mit-roestzwiebeln-und-chorizo-a-a/63743511695986,"Viel Geschmack, null Mayo: Rezept für einen Kartoffelsalat mit Röstzwiebeln und Chorizo",2026-09-22,2026-09-24,3,1
63743511435545,2026-09-22T11:53:08+00:00,https://www.leckerschmecker.me/feigenkuchen-mit-streuseln-a-b/63743511435545,Feigenkuchen mit Streuseln: herbstliche Gemütlichkeit aus der Backstube,2026-09-22,2026-09-24,3,1
63743511452851,2026-09-22T12:40:49+00:00,https://www.leckerschmecker.me/golabki-polnische-kohlrouladen-a-d/63743511452851,Klassiker: Diese polnischen Kohlrouladen machen satt und glücklich,2026-09-22,2026-09-24,3,1
63743511675157,2026-09-22T12:51:51+00:00,https://www.leckerschmecker.me/kartoffel-kohlrabi-gratin-a-c/63743511675157,"Ein Gratin, ein Königreich für ein Gratin",2026-09-22,2026-09-24,3,2
63743511450807,2026-09-22T12:52:08+00:00,https://www.leckerschmecker.me/kohlrabi-aus-der-heissluftfritteuse-a-k/63743511450807,Ab sofort essen wir Kohlrabi nur noch so,2026-09-22,2026-09-24,3,1
63743511525312,2026-09-22T12:52:58+00:00,https://www.leckerschmecker.me/kohlrabi-kartoffelpuffer-a-b/63743511525312,Knusprige Gemüseküche: So lecker sind Kohlrabi-Kartoffelpuffer,2026-09-22,2026-09-24,3,1
63743511761522,2026-09-22T12:57:26+00:00,https://www.leckerschmecker.me/kuerbis-salbei-lasagne-neues/63743511761522,Hier kommt dein neues Lieblingsofengericht im Herbst,2026-09-22,2026-09-23,2,2
63743511390669,2026-09-22T13:28:03+00:00,https://www.leckerschmecker.me/nutella-tassenkuchen-a-b/63743511390669,Schneller Nutella-Tassenkuchen: süße Versuchung für zwischendurch,2026-09-22,2026-09-24,3,1
63743511443936,2026-09-22T13:31:48+00:00,https://www.leckerschmecker.me/rezept-fuer-wiener-saftgulasch-a-a/63743511443936,Rezept für Wiener Saftgulasch: Hausmannskost-Klassiker,2026-09-22,2026-09-24,3,1
63743511762549,2026-09-22T13:38:32+00:00,https://www.leckerschmecker.me/midnight-margarita-limette/63743511762549,Midnight Margarita: Limette in die Kokosnuss!,2026-09-22,2026-09-24,3,2
63743511761506,2026-09-22T13:38:34+00:00,https://www.leckerschmecker.me/kuerbis-lasagne-mit-ziegenkaese-hokkaido/63743511761506,Hokkaido trifft Ziegenfrischkäse: Lasagne für den Herbsteinzug,2026-09-22,2026-09-24,3,2
63743511762537,2026-09-22T13:38:35+00:00,https://www.leckerschmecker.me/schnelle-kokos-huehnersuppe-mach/63743511762537,Mach der Erkältung den Garaus! Das geht mit dieser schnellen Hühnersuppe,2026-09-22,2026-09-24,3,2
63743511763425,2026-09-22T13:52:00+00:00,https://www.leckerschmecker.me/mandel-birnen-kuchen-mit-brezelstreuseln/63743511763425,Streusel dir einen! Backe diesen fruchtigen Kuchen mit überraschendem Knusperfaktor,2026-09-22,2026-09-23,2,1
63743511761441,2026-09-22T14:12:39+00:00,https://www.leckerschmecker.me/tiroler-groestl-lecker/63743511761441,So lecker haben Reste noch nie geschmeckt,2026-09-22,2026-09-24,3,2
63743511584290,2026-09-22T14:17:26+00:00,https://www.leckerschmecker.me/rahmkohlrabi-a-c/63743511584290,"Cremig, cremiger, Rahmkohlrabi",2026-09-22,2026-09-24,3,1
63743511655074,2026-09-22T14:21:01+00:00,https://www.leckerschmecker.me/kohlrabi-kartoffel-eintopf-a-a/63743511655074,Kohlrabi-Kartoffel-Eintopf: ein Highlight für Kohlrabi-Fans,2026-09-22,2026-09-24,3,1
63743511762632,2026-09-22T14:44:00+00:00,https://www.leckerschmecker.me/pflaumenmus-blaetterteigstangen-aus-dem-airfryer/63743511762632,Herbstlich-süßes Blitzgebäck: Pflaumenmus-Blätterteigstangen aus dem Airfryer,2026-09-22,2026-09-24,3,1
63743511480264,2026-09-22T15:02:56+00:00,https://www.leckerschmecker.me/nutella-marmorkuchen-a-c/63743511480264,Du magst es extra schokoladig? Backe einen Nutella-Marmorkuchen!,2026-09-22,2026-09-24,3,1
63743511762811,2026-09-22T15:31:00+00:00,https://www.leckerschmecker.me/mango-naked-cake/63743511762811,Mango Naked Cake zeigt seine fruchtigen Schichten ganz offen,2026-09-22,2026-09-23,2,1
63743511761610,2026-09-22T16:03:42+00:00,https://www.leckerschmecker.me/honig-zimt-kuchen-kastenform-herbst/63743511761610,"Ein Kuchen, der den Herbst einleitet: lecker mit Zimt und Honig",2026-09-22,2026-09-24,3,2
63743511762633,2026-09-22T16:07:00+00:00,https://www.leckerschmecker.me/beyti-kebab/63743511762633,Von diesen Kebab-Taschen bekommst du nicht genug,2026-09-22,2026-09-23,2,1
63743511586811,2026-09-22T16:08:35+00:00,https://www.leckerschmecker.me/feldsalat-mit-karamellisierten-birnen-a-b/63743511586811,Dieser herbstliche Salat begeistert,2026-09-22,2026-09-24,3,1
63743511481855,2026-09-22T16:41:07+00:00,https://www.leckerschmecker.me/nudeln-in-haehnchen-lauch-sosse-a-c/63743511481855,Perfekt für den Feierabend: Probiere diese schnellen Nudeln in Hähnchen-Lauch-Soße,2026-09-22,2026-09-24,3,1
63743511409096,2026-09-22T16:52:57+00:00,https://www.leckerschmecker.me/pisco-sour-rezept-a-b/63743511409096,Pisco Sour: peruanisches Nationalgetränk mit säuerlicher Note,2026-09-22,2026-09-24,3,1
63743511762438,2026-09-22T17:12:00+00:00,https://www.leckerschmecker.me/gochujang-gulasch/63743511762438,"Gochujang trifft Gulasch: Die schärfste Entscheidung, die du heute treffen kannst",2026-09-22,2026-09-23,2,1
63743511763224,2026-09-22T18:39:00+00:00,https://www.leckerschmecker.me/fisch-curry-mit-kuerbis/63743511763224,Dieses cremige Fisch-Curry mit Kürbis steht in nur 35 Minuten auf dem Tisch,2026-09-23,2026-09-23,1,1
63743511763068,2026-09-22T19:07:00+00:00,https://www.leckerschmecker.me/apfel-spritz/63743511763068,Apfel-Spritz: Dieser Herbst wird prickelnd,2026-09-23,2026-09-24,2,1
63743511645923,2026-09-22T20:32:01+00:00,https://www.leckerschmecker.me/nutella-haferflocken-schnitten-a-b/63743511645923,"Wenn sich Haferflocken und Nutella treffen, sind alle glücklich",2026-09-23,2026-09-23,1,1
63743511760850,2026-09-23T04:12:50+00:00,https://www.leckerschmecker.me/kuerbis-haehnchen-pfanne-herbst/63743511760850,"Hähnchen-Pfanne für den Herbst: mit Kürbis, Kräutern und Feta",2026-09-23,2026-09-24,2,3
63743511761521,2026-09-23T04:12:51+00:00,https://www.leckerschmecker.me/strozzapreti-diavolo-mit-chorizo-geschmackszwoelf/63743511761521,Voll auf die Geschmackszwölf: Strozzapreti Diavolo mit Chorizo,2026-09-23,2026-09-24,2,3
63743511748959,2026-09-23T05:01:00+00:00,https://www.leckerschmecker.me/pumpkin-pie-pancakes-zimtbutter/63743511748959,Pumpkin-Pie-Pancakes mit Zimtbutter: Herbstgenuss zum Frühstück,2026-09-23,2026-09-23,1,1
63743511428237,2026-09-23T05:32:26+00:00,https://www.leckerschmecker.me/fruehstuecksbrei-mit-karamellisierten-aepfeln-a-b/63743511428237,Frühstücksbrei mit karamellisierten Äpfeln: warmer Start in den Tag,2026-09-23,2026-09-24,2,1
63743511762498,2026-09-23T05:35:41+00:00,https://www.leckerschmecker.me/pumpkin-spice-donuts-goldstuecke/63743511762498,Diese kleinen Goldstücke machen den Herbst richtig gemütlich,2026-09-23,2026-09-24,2,2
63743511762737,2026-09-23T05:35:42+00:00,https://www.leckerschmecker.me/haehnchen-hackbaellchen-mit-kuerbis-orzo-gericht/63743511762737,Mit diesem Gericht läutest du den Herbst ein,2026-09-23,2026-09-24,2,2
63743511763153,2026-09-23T05:35:43+00:00,https://www.leckerschmecker.me/brokkolisalat-mit-aepfeln-walnuessen-und-cranberrys-knackig/63743511763153,"Knackig, fruchtig, nussig: Dieser Brokkolisalat passt perfekt zum Herbst",2026-09-23,2026-09-24,2,2
63743511762534,2026-09-23T05:35:44+00:00,https://www.leckerschmecker.me/pumpkin-spice-kaiserschmarrn-langen/63743511762534,Was nach einem langen Herbstspaziergang nicht fehlen darf? Pumpkin-Spice-Kaiserschmarrn!,2026-09-23,2026-09-24,2,2
63743511762849,2026-09-23T05:35:45+00:00,https://www.leckerschmecker.me/polenta-waffeln-mit-pilzragout-und-ei-fruehstueck/63743511762849,Polenta-Waffeln mit Pilzragout und Ei machen das Frühstück richtig herzhaft,2026-09-23,2026-09-24,2,2
63743511762690,2026-09-23T05:43:00+00:00,https://www.leckerschmecker.me/kichererbsen-tahini-sandwich-aufstrich/63743511762690,Cremiger Kichererbsen-Tahini-Sandwich-Aufstrich statt Fertighummus,2026-09-23,2026-09-24,2,1
63743511762635,2026-09-23T06:03:47+00:00,https://www.leckerschmecker.me/pumpkin-spice-baked-oats-herbst/63743511762635,Herbst aus dem Ofen: Dieser Haferflockenauflauf hat es in sich,2026-09-23,2026-09-24,2,2
63743511329593,2026-09-23T06:07:57+00:00,https://www.leckerschmecker.me/nutella-toastroellchen-a-e/63743511329593,Es gibt Nutella-Toaströllchen mit Zimt zum Frühstück,2026-09-23,2026-09-24,2,1
63743511763215,2026-09-23T06:39:00+00:00,https://www.leckerschmecker.me/toast-churros/63743511763215,Turros: So wird Toastbrot zum süßen Knuspersnack,2026-09-23,2026-09-23,1,1
63743511759763,2026-09-23T06:46:43+00:00,https://www.leckerschmecker.me/leberkaese-auflauf-mit-schupfnudeln-und-sauerkraut-auflaufform/63743511759763,"Wirtshaus-Feeling aus der Auflaufform: Leberkäse, Schupfnudeln und Sauerkraut vereint",2026-09-23,2026-09-24,2,4
63743511748127,2026-09-23T06:46:44+00:00,https://www.leckerschmecker.me/kubanische-huehnersuppe-seele/63743511748127,Kubanische Hühnersuppe für die Seele,2026-09-23,2026-09-24,2,3
63743511531738,2026-09-23T06:58:31+00:00,https://www.leckerschmecker.me/nutella-baked-oats-a-b/63743511531738,Statt Nutella-Brot gibt&#8217;s bei uns das hier zum Frühstück,2026-09-23,2026-09-24,2,1
63743511699905,2026-09-23T07:25:34+00:00,https://www.leckerschmecker.me/pizza-chips-a-b-geniale/63743511699905,Pizza im Miniformat: Die knusprigen Ofen-Chips sind mit einem Haps im Mund,2026-09-23,2026-09-24,2,7
63743511763138,2026-09-23T07:26:00+00:00,https://www.leckerschmecker.me/leberkaese-blaetterteigstangen/63743511763138,Leberkäse im Knuspermantel ist der Hit auf jedem Oktoberfest-Buffet,2026-09-23,2026-09-23,1,1
63743511497840,2026-09-23T07:35:56+00:00,https://www.leckerschmecker.me/schoko-orangen-chia-pudding-a-a/63743511497840,Schokolade und Orange gehören einfach zusammen: Dieses Frühstück beweist es,2026-09-23,2026-09-24,2,1
63743511759516,2026-09-23T08:01:33+00:00,https://www.leckerschmecker.me/lemon-curd-muffins-nachbacken/63743511759516,So saftig und zitronig: Lemon-Curd-Muffins zum Nachbacken,2026-09-23,2026-09-24,2,4
63743511763623,2026-09-23T08:25:00+00:00,https://www.leckerschmecker.me/hummus-mit-karamellisierten-champignons/63743511763623,So hast du Hummus noch nie gegessen,2026-09-23,2026-09-23,1,1
63743511441542,2026-09-23T08:43:31+00:00,https://www.leckerschmecker.me/grilled-cheese-sandwich-balsamico-zwiebeln-a-o-fuer/63743511441542,Für Käsefans: Grilled-Cheese-Sandwich mit karamellisierten Zwiebeln,2026-09-23,2026-09-24,2,2
63743511762574,2026-09-23T08:43:32+00:00,https://www.leckerschmecker.me/kuerbis-ratatouille-bonjour/63743511762574,"Bonjour, Kürbis! Französischer Klassiker mit Herbst-Upgrade",2026-09-23,2026-09-23,1,2
63743511645385,2026-09-23T08:55:37+00:00,https://www.leckerschmecker.me/kohlrabi-slaw-a-b/63743511645385,Der beste Freund eines Kohlrabis ist cremige Soße,2026-09-23,2026-09-24,2,1
63743511588245,2026-09-23T08:56:08+00:00,https://www.leckerschmecker.me/birnenmus-rezept-a-b/63743511588245,Nostalgie im Einmachglas: So schmeckt Birnenmus,2026-09-23,2026-09-24,2,1
63743511762694,2026-09-23T09:33:00+00:00,https://www.leckerschmecker.me/leberkaese-brezel-salat/63743511762694,So wird aus Leberkäse und Brezeln ein unwiderstehlicher Salat,2026-09-23,2026-09-23,1,1
63743511749085,2026-09-23T10:09:00+00:00,https://www.leckerschmecker.me/kanadische-butter-tarts/63743511749085,Kanadische Butter Tarts: Perfekt für gemütliche Tage zuhause,2026-09-23,2026-09-25,3,1
63743511526130,2026-09-23T10:57:31+00:00,https://www.leckerschmecker.me/moehrengemuese-mit-curry-und-petersilie-a-a-leckerste/63743511526130,Leckere Beilage: Möhrengemüse mit Curry und Petersilie,2026-09-23,2026-09-25,3,2
63743511421174,2026-09-23T10:57:32+00:00,https://www.leckerschmecker.me/mediterraner-gemueseauflauf-a-p-zucchini/63743511421174,"Mediterraner Gemüseauflauf mit Zucchini, Kartoffeln und Mozzarella",2026-09-23,2026-09-25,3,2
63743511763370,2026-09-23T11:14:00+00:00,https://www.leckerschmecker.me/kuerbis-feta-taschen-aus-dem-airfryer/63743511763370,Blätterteigtaschen mit Kürbis und Feta aus dem Airfryer,2026-09-23,2026-09-23,1,1
63743511712937,2026-09-23T11:25:19+00:00,https://www.leckerschmecker.me/blumenkohlsteaks-aus-dem-airfryer-a-a/63743511712937,So würzig hast du Blumenkohl noch nie gegessen,2026-09-23,2026-09-25,3,1
63743511482313,2026-09-23T11:27:32+00:00,https://www.leckerschmecker.me/nutellakuchen-a-d-einfach/63743511482313,Dieser Kuchen macht einfach nur glücklich,2026-09-23,2026-09-25,3,2
63743511486326,2026-09-23T11:27:33+00:00,https://www.leckerschmecker.me/mandarinen-quarkauflauf-a-c-ofen/63743511486326,Ein luftig-süßer Mandarinen-Quarkauflauf hebt die Laune an grauen Tagen,2026-09-23,2026-09-25,3,2
63743511602246,2026-09-23T11:27:34+00:00,https://www.leckerschmecker.me/kuerbis-lasagne-a-a-vegetarische/63743511602246,Diese Kürbis-Lasagne ist Ofenglück pur,2026-09-23,2026-09-24,2,2
63743511691973,2026-09-23T11:30:53+00:00,https://www.leckerschmecker.me/vegane-kartoffelpuffer-mit-apfelmus-a-a/63743511691973,Klassiker ohne Ei: vegane Kartoffelpuffer mit Apfelmus,2026-09-23,2026-09-25,3,1
63743511327217,2026-09-23T11:43:58+00:00,https://www.leckerschmecker.me/banoffee-pie-a-a/63743511327217,Der neue Star am Kuchenhimmel: Banoffee Pie,2026-09-23,2026-09-24,2,1
63743511426501,2026-09-23T11:48:32+00:00,https://www.leckerschmecker.me/pflaumen-einkochen-a-c/63743511426501,Pflaumen einkochen: So bewahrst du den Sommer im Glas,2026-09-23,2026-09-25,3,1
63743511425412,2026-09-23T11:57:10+00:00,https://www.leckerschmecker.me/toskanische-bohnensuppe-a-h/63743511425412,Toskanische Bohnensuppe: rustikale Zutaten und köstlicher Geschmack,2026-09-23,2026-09-25,3,1
63743511485495,2026-09-23T12:14:40+00:00,https://www.leckerschmecker.me/spaetzle-hack-pfanne-mit-lauch-und-kaese-a-f/63743511485495,"Wenn ein Gericht den Namen Wohlfühlessen verdient, ist es dieses",2026-09-23,2026-09-25,3,1
63743511632163,2026-09-23T12:16:09+00:00,https://www.leckerschmecker.me/huettenkaese-lauch-auflauf-a-a/63743511632163,Ofenglück an kalten Tagen zum Wohlfühlen,2026-09-23,2026-09-25,3,1
63743511484247,2026-09-23T12:16:20+00:00,https://www.leckerschmecker.me/ueberbackener-lauch-kaese-a-c/63743511484247,Überbackener Lauch mit extra viel Käse: einfaches Ofengericht,2026-09-23,2026-09-25,3,1
63743511653904,2026-09-23T12:18:10+00:00,https://www.leckerschmecker.me/kohlrabi-kartoffel-eintopf-mit-wuerstchen-a-b/63743511653904,Ein wohlig-wärmende Umarmung in Eintopfform,2026-09-23,2026-09-25,3,1
63743511630811,2026-09-23T12:42:27+00:00,https://www.leckerschmecker.me/veganes-champignon-lauch-gulasch-temperaturen-a-b/63743511630811,Veganes Champignon-Lauch-Gulasch: Macht auch Fleischfans glücklich,2026-09-23,2026-09-24,2,1
63743511527488,2026-09-23T12:57:31+00:00,https://www.leckerschmecker.me/vichy-karotten-a-c/63743511527488,Der Klassiker unter den Beilagen: Vichy-Karotten,2026-09-23,2026-09-25,3,1
63743511607975,2026-09-23T13:00:41+00:00,https://www.leckerschmecker.me/zimtkuchen-mit-pflaumenfuellung-a-a/63743511607975,"Ein Kuchen, der nach Herbst duftet: Zimt und Pflaumen vereint",2026-09-23,2026-09-25,3,1
63743511763224,2026-09-23T13:19:33+00:00,https://www.leckerschmecker.me/fisch-curry-mit-kuerbis-cremige/63743511763224,Dieses cremige Fisch-Curry mit Kürbis steht in nur 35 Minuten auf dem Tisch,2026-09-23,2026-09-25,3,2
63743511762633,2026-09-23T13:19:35+00:00,https://www.leckerschmecker.me/beyti-kebab-taschen/63743511762633,Von diesen Kebab-Taschen bekommst du nicht genug,2026-09-23,2026-09-25,3,2
63743511762811,2026-09-23T13:19:36+00:00,https://www.leckerschmecker.me/mango-naked-cake-zeigt/63743511762811,Mango Naked Cake zeigt seine fruchtigen Schichten ganz offen,2026-09-23,2026-09-25,3,2
63743511763425,2026-09-23T13:19:36+00:00,https://www.leckerschmecker.me/mandel-birnen-kuchen-mit-brezelstreuseln-streusel/63743511763425,Streusel dir einen! Backe diesen fruchtigen Kuchen mit überraschendem Knusperfaktor,2026-09-23,2026-09-25,3,2
63743511763837,2026-09-23T13:43:00+00:00,https://www.leckerschmecker.me/kuerbis-streuselbrot/63743511763837,Schon beim Aufbacken versetzt dieser Kuchen die ganze Wohnung in Herbststimmung,2026-09-23,2026-09-24,2,1
63743511523909,2026-09-23T13:54:26+00:00,https://www.leckerschmecker.me/kohlrabi-flammkuchen-a-b/63743511523909,Knusprige Gemüseküche: Flammkuchen mit Kohlrabi und Bergkäse,2026-09-23,2026-09-25,3,1
63743511595482,2026-09-23T14:09:35+00:00,https://www.leckerschmecker.me/fenchelgratin-a-b/63743511595482,"Warm, sahnig und mit extra viel Gemüse: Dieses Gratin schmeckt im Herbst besonders gut",2026-09-23,2026-09-25,3,1
63743511429005,2026-09-23T14:10:04+00:00,https://www.leckerschmecker.me/zimtschneckenkuchen-a-i/63743511429005,Backe mit diesem Kuchen eine riesige Zimtschnecke,2026-09-23,2026-09-25,3,1
63743511760991,2026-09-23T14:17:39+00:00,https://www.leckerschmecker.me/focaccia-mit-thymian-und-bergkaese-rand/63743511760991,"Knuspriger Rand, fluffige Mitte: Focaccia mit Thymian und Bergkäse",2026-09-23,2026-09-25,3,3
63743511762404,2026-09-23T14:17:41+00:00,https://www.leckerschmecker.me/krustenbraten-aus-dem-airfryer-heisser/63743511762404,Mit heißer Luft zur krossen Kruste: So machst du einen Krustenbraten aus dem Airfryer,2026-09-23,2026-09-25,3,2
63743511763208,2026-09-23T14:47:00+00:00,https://www.leckerschmecker.me/chakapuli/63743511763208,"Einmal Georgien und zurück: Chakapuli, das würzig-frische Lammgericht",2026-09-23,2026-09-24,2,1
63743511763577,2026-09-23T15:26:00+00:00,https://www.leckerschmecker.me/deal-der-woche-tefal-brotbackautomat/63743511763577,Brot backen war noch nie so einfach: Tefal Brotbackautomat Pain &amp; Délices bringt die Bäckerei zu dir nach Hause,2026-09-23,2026-09-25,3,1
63743511762844,2026-09-23T15:37:35+00:00,https://www.leckerschmecker.me/bierkaese-spaetzle-roestzwiebeln/63743511762844,Diese Bierkäse-Spätzle mit Röstzwiebeln bringen Oktoberfeststimmung in die Pfanne,2026-09-23,2026-09-25,3,2
63743511763328,2026-09-23T16:05:00+00:00,https://www.leckerschmecker.me/pilz-pizza-cashew-creme/63743511763328,Mit diesem Rezept bringst du den Herbst in Pizzaform,2026-09-23,2026-09-24,2,1
63743511762438,2026-09-23T16:12:41+00:00,https://www.leckerschmecker.me/gochujang-gulasch-trifft/63743511762438,"Gochujang trifft Gulasch: Die schärfste Entscheidung, die du heute treffen kannst",2026-09-23,2026-09-25,3,2
63743511763675,2026-09-23T17:31:00+00:00,https://www.leckerschmecker.me/breznknoedel-auflauf/63743511763675,Dieser Breznknödel-Auflauf macht aus alten Brezn echtes Wohlfühlessen – besonders zur Oktoberfestzeit,2026-09-23,2026-09-25,3,1
63743511763573,2026-09-23T18:37:00+00:00,https://www.leckerschmecker.me/zwiebelkuchen-mit-birnen-und-pancetta/63743511763573,Dieser herzhafte Kuchen bringt dich vor Freude zum Weinen,2026-09-23,2026-09-24,2,1
63743511346058,2026-09-23T19:08:35+00:00,https://www.leckerschmecker.me/granatapfel-spritz-a-b/63743511346058,Granatapfel-Spritz: prickelnd-fruchtige Erfrischung,2026-09-24,2026-09-25,2,1
63743511762540,2026-09-23T19:09:00+00:00,https://www.leckerschmecker.me/ahorn-apfel-tequila/63743511762540,Dieser Cocktail macht stürmische Herbsttage richtig gemütlich,2026-09-24,2026-09-24,1,1
63743511376086,2026-09-24T04:12:47+00:00,https://www.leckerschmecker.me/kohlrabi-auflauf-b-i-einfaches/63743511376086,Kohlrabi-Auflauf: schnelles und einfaches Rezept für den Ofen,2026-09-24,2026-09-25,2,3
63743511761461,2026-09-24T04:12:48+00:00,https://www.leckerschmecker.me/cabanossi-eintopf-fuer/63743511761461,Cabanossi-Eintopf: herzhaftes Essen für gemütliche Tage,2026-09-24,2026-09-25,2,4
63743511762873,2026-09-24T05:07:00+00:00,https://www.leckerschmecker.me/vegane-weisswurst/63743511762873,Vegane Weißwurst: Wiesn-Revolution oder kulinarisches Sakrileg?,2026-09-24,2026-09-24,1,1
63743511763370,2026-09-24T05:31:40+00:00,https://www.leckerschmecker.me/kuerbis-feta-taschen-aus-dem-airfryer-blaetterteigtaschen/63743511763370,Blätterteigtaschen mit Kürbis und Feta aus dem Airfryer,2026-09-24,2026-09-25,2,2
63743511763623,2026-09-24T05:31:41+00:00,https://www.leckerschmecker.me/hummus-mit-karamellisierten-champignons-gegessen/63743511763623,So hast du Hummus noch nie gegessen,2026-09-24,2026-09-25,2,2
63743511763138,2026-09-24T05:31:42+00:00,https://www.leckerschmecker.me/leberkaese-blaetterteigstangen-knuspermantel/63743511763138,Leberkäse im Knuspermantel ist der Hit auf jedem Oktoberfest-Buffet,2026-09-24,2026-09-25,2,2
63743511763215,2026-09-24T05:31:43+00:00,https://www.leckerschmecker.me/toast-churros-turros/63743511763215,Turros: So wird Toastbrot zum süßen Knuspersnack,2026-09-24,2026-09-25,2,2
63743511748959,2026-09-24T05:31:44+00:00,https://www.leckerschmecker.me/pumpkin-pie-pancakes-zimtbutter-herbstgenuss/63743511748959,Pumpkin-Pie-Pancakes mit Zimtbutter: Herbstgenuss zum Frühstück,2026-09-24,2026-09-25,2,2
63743511763236,2026-09-24T05:46:00+00:00,https://www.leckerschmecker.me/bananen-ingwer-muffins/63743511763236,Diese kleinen Goldstücke überzeugen mit aromatischer Tiefe zum Frühstück,2026-09-24,2026-09-24,1,1
63743511763839,2026-09-24T06:34:00+00:00,https://www.leckerschmecker.me/kuerbispueree-aus-der-mikrowelle/63743511763839,Kürbispüree aus der Mikrowelle: So gelingt es in wenigen Minuten,2026-09-24,2026-09-24,1,1
63743511762574,2026-09-24T06:46:41+00:00,https://www.leckerschmecker.me/kuerbis-ratatouille-franzoesischer/63743511762574,"Bonjour, Kürbis! Französischer Klassiker mit Herbst-Upgrade",2026-09-24,2026-09-25,2,3
63743511761522,2026-09-24T06:46:42+00:00,https://www.leckerschmecker.me/kuerbis-salbei-lasagne-lieblingsofengericht/63743511761522,Hier kommt dein neues Lieblingsofengericht im Herbst,2026-09-24,2026-09-25,2,3
63743511762393,2026-09-24T07:19:40+00:00,https://www.leckerschmecker.me/leberkaese-grilled-cheese-sandwich-geschmolzener/63743511762393,"Leberkäse, geschmolzener Gouda und würzige Zwiebeln: Das macht glücklich",2026-09-24,2026-09-25,2,2
63743511490226,2026-09-24T07:19:41+00:00,https://www.leckerschmecker.me/pudding-quark-kuchen-mandarinen-a-c-schmeckt/63743511490226,Unser Pudding-Quark-Kuchen mit Streuseln und Mandarinen schmeckt himmlisch,2026-09-24,2026-09-25,2,3
63743511763291,2026-09-24T07:28:00+00:00,https://www.leckerschmecker.me/solskinnsboller/63743511763291,Diese Solskinnsboller bringen skandinavische Gemütlichkeit nach Hause,2026-09-24,2026-09-24,1,1
63743511684171,2026-09-24T08:09:05+00:00,https://www.leckerschmecker.me/leberkaesesalat-a-b/63743511684171,Leberkäsesalat: Feiere Oktoberfest zu Hause,2026-09-24,2026-09-24,1,1
63743511482230,2026-09-24T08:26:14+00:00,https://www.leckerschmecker.me/guinness-eintopf-mit-rind-a-b/63743511482230,Hol dir den Herbst auf den Teller: mit Guinness-Eintopf,2026-09-24,2026-09-25,2,1
63743511763806,2026-09-24T08:29:00+00:00,https://www.leckerschmecker.me/kuerbis-mascarpone-trifle/63743511763806,Kürbis kann auch Dessert,2026-09-24,2026-09-24,1,1
63743511762694,2026-09-24T08:48:28+00:00,https://www.leckerschmecker.me/leberkaese-brezel-salat-brezeln/63743511762694,So wird aus Leberkäse und Brezeln ein unwiderstehlicher Salat,2026-09-24,2026-09-25,2,2
63743511645923,2026-09-24T08:48:29+00:00,https://www.leckerschmecker.me/nutella-haferflocken-schnitten-a-b-treffen/63743511645923,"Wenn sich Haferflocken und Nutella treffen, sind alle glücklich",2026-09-24,2026-09-25,2,2
63743511500124,2026-09-24T09:07:08+00:00,https://www.leckerschmecker.me/spaghetti-mit-lauch-sahnesosse-a-a/63743511500124,"Spaghetti mit Lauch-Sahnesoße: cremig, lecker und mit feiner Zitronennote",2026-09-24,2026-09-25,2,1
63743511412452,2026-09-24T09:10:33+00:00,https://www.leckerschmecker.me/unterschied-zwischen-pflaumen-und-zwetschgen-a-c/63743511412452,Gibt es einen Unterschied zwischen Pflaumen und Zwetschgen?,2026-09-24,2026-09-25,2,1
63743511490377,2026-09-24T09:18:20+00:00,https://www.leckerschmecker.me/zimt-streuselkuchen-vom-blech-a-b/63743511490377,Für die Kaffeetafel: Backe einen Zimt-Streuselkuchen vom Blech,2026-09-24,2026-09-25,2,1
63743511763348,2026-09-24T09:35:00+00:00,https://www.leckerschmecker.me/zitronen-mohn-tassenkuchen/63743511763348,Noch ein Tässchen Kuchen gefällig?,2026-09-24,2026-09-24,1,1
63743511763330,2026-09-24T10:13:00+00:00,https://www.leckerschmecker.me/spicy-lachs-bowl/63743511763330,Großer Hunger und wenig Zeit? Diese würzige Lachs-Bowl ist deine Rettung,2026-09-24,2026-09-24,1,1
63743511596751,2026-09-24T10:17:33+00:00,https://www.leckerschmecker.me/maultaschen-wirsing-auflauf-a-a/63743511596751,Dieser Maultaschen-Auflauf versöhnt dich mit dem Tag,2026-09-24,2026-09-26,3,1
63743511630811,2026-09-24T10:48:30+00:00,https://www.leckerschmecker.me/veganes-champignon-lauch-gulasch-temperaturen-a-b-fleischfans/63743511630811,Veganes Champignon-Lauch-Gulasch: Macht auch Fleischfans glücklich,2026-09-24,2026-09-26,3,2
63743511480264,2026-09-24T10:48:31+00:00,https://www.leckerschmecker.me/nutella-marmorkuchen-a-c-extra/63743511480264,Du magst es extra schokoladig? Backe einen Nutella-Marmorkuchen!,2026-09-24,2026-09-26,3,2
63743511448205,2026-09-24T11:06:12+00:00,https://www.leckerschmecker.me/hagebutten-gugelhupf-a-e/63743511448205,Unser Hagebutten-Gugelhupf sollte in keiner Herbstbäckerei fehlen,2026-09-24,2026-09-26,3,1
63743511763411,2026-09-24T11:17:00+00:00,https://www.leckerschmecker.me/brezel-bowl-airfryer/63743511763411,Geniale Brezel-Bowl: So wird aus drei TK-Brezeln ein Oktoberfest-Hit,2026-09-24,2026-09-26,3,1
63743511443936,2026-09-24T11:21:31+00:00,https://www.leckerschmecker.me/rezept-fuer-wiener-saftgulasch-a-a-rezept/63743511443936,Rezept für Wiener Saftgulasch: Hausmannskost-Klassiker,2026-09-24,2026-09-26,3,2
63743511695814,2026-09-24T11:21:32+00:00,https://www.leckerschmecker.me/norwegische-lefse-mit-zimtbutter-a-a-einfache/63743511695814,Pfannkuchen auf Skandinavisch: Diese norwegischen Lefse sorgen für ein süßes Frühstücksglück,2026-09-24,2026-09-24,1,2
63743511713401,2026-09-24T11:27:42+00:00,https://www.leckerschmecker.me/churro-cupcakes-a-a/63743511713401,Besser geht es nicht: Diese Churro-Cupcakes mit Zimtkruste und Frosting musst du probieren,2026-09-24,2026-09-26,3,1
63743511719060,2026-09-24T11:29:57+00:00,https://www.leckerschmecker.me/veganer-doener-a-a/63743511719060,Den besten veganen Döner gibt es bei dir zu Hause,2026-09-24,2026-09-26,3,1
63743511701843,2026-09-24T11:32:35+00:00,https://www.leckerschmecker.me/zitronen-garnelen-mit-bohnen-aifryer-a-a/63743511701843,Perfekt für einen gesunden Lunch: Zitronen-Garnelen mit Bohnen aus dem Airfryer,2026-09-24,2026-09-26,3,1
63743511389971,2026-09-24T12:39:02+00:00,https://www.leckerschmecker.me/spaghettiauflauf-a-d/63743511389971,Spaghettiauflauf mit Speck und Käse: Ofengericht für die ganze Familie,2026-09-24,2026-09-26,3,1
63743511299724,2026-09-24T12:44:25+00:00,https://www.leckerschmecker.me/zimtcreme-mit-apfelmus-a-b/63743511299724,Himmlisches Blitzdessert: Zimtcreme mit Apfelmus,2026-09-24,2026-09-26,3,1
63743511506814,2026-09-24T12:55:39+00:00,https://www.leckerschmecker.me/lauch-curry-kichererbsen-a-b/63743511506814,Koche ein schnelles Lauch-Curry mit Kichererbsen,2026-09-24,2026-09-26,3,1
63743511608158,2026-09-24T12:55:44+00:00,https://www.leckerschmecker.me/rote-linsensuppe-mit-lauch-a-b/63743511608158,Rote Linsensuppe mit Lauch: Hochgenuss für Suppenfans,2026-09-24,2026-09-26,3,1
63743511429555,2026-09-24T13:06:43+00:00,https://www.leckerschmecker.me/reis-hackfleisch-auflauf-a-f/63743511429555,Schnelle Auflauf mit Reis und Hackfleisch für die ganze Familie,2026-09-24,2026-09-26,3,1
63743511549729,2026-09-24T13:09:36+00:00,https://www.leckerschmecker.me/gyros-kartoffel-auflauf-a-b/63743511549729,Zwei Favoriten in einem Auflauf: Gyros und Kartoffeln,2026-09-24,2026-09-26,3,1
63743511595327,2026-09-24T13:21:14+00:00,https://www.leckerschmecker.me/apple-crumble-im-glas-a-b/63743511595327,Apple Crumble im Glas: herbstlicher Desserttraum,2026-09-24,2026-09-26,3,1
63743511488062,2026-09-24T13:29:36+00:00,https://www.leckerschmecker.me/ofenlachs-mit-zitrone-und-kraeutern-saftig/63743511488062,Dieser Ofenlachs mit Zitrone und Kräutern ist ein Küchen-Liebling,2026-09-24,2026-09-26,3,1
63743511485864,2026-09-24T13:31:20+00:00,https://www.leckerschmecker.me/bananen-quark-auflauf-a-b/63743511485864,Bananen-Quark-Auflauf: Ofengericht zu Frühstück,2026-09-24,2026-09-26,3,1
63743511762540,2026-09-24T13:38:34+00:00,https://www.leckerschmecker.me/ahorn-apfel-tequila-cocktail/63743511762540,Dieser Cocktail macht stürmische Herbsttage richtig gemütlich,2026-09-24,2026-09-26,3,2
63743511763573,2026-09-24T13:38:35+00:00,https://www.leckerschmecker.me/zwiebelkuchen-mit-birnen-und-pancetta-herzhafte/63743511763573,Dieser herzhafte Kuchen bringt dich vor Freude zum Weinen,2026-09-24,2026-09-26,3,2
63743511763328,2026-09-24T13:38:36+00:00,https://www.leckerschmecker.me/pilz-pizza-cashew-creme-rezept/63743511763328,Mit diesem Rezept bringst du den Herbst in Pizzaform,2026-09-24,2026-09-26,3,2
63743511763208,2026-09-24T13:38:37+00:00,https://www.leckerschmecker.me/chakapuli-georgien/63743511763208,"Einmal Georgien und zurück: Chakapuli, das würzig-frische Lammgericht",2026-09-24,2026-09-26,3,2
63743511763837,2026-09-24T13:38:38+00:00,https://www.leckerschmecker.me/kuerbis-streuselbrot-aufbacken/63743511763837,Schon beim Aufbacken versetzt dieser Kuchen die ganze Wohnung in Herbststimmung,2026-09-24,2026-09-26,3,2
63743511764537,2026-09-24T13:58:00+00:00,https://www.leckerschmecker.me/gestuerzter-feigenkuchen-mit-rosmarin-und-honig/63743511764537,"Einmal wenden, bitte: gestürzter Feigenkuchen mit Honig und Rosmarin",2026-09-24,2026-09-25,2,1
63743511481855,2026-09-24T14:13:43+00:00,https://www.leckerschmecker.me/nudeln-in-haehnchen-lauch-sosse-a-c-perfekt/63743511481855,Perfekt für den Feierabend: Probiere diese schnellen Nudeln in Hähnchen-Lauch-Soße,2026-09-24,2026-09-26,3,2
63743511675157,2026-09-24T14:13:44+00:00,https://www.leckerschmecker.me/kartoffel-kohlrabi-gratin-a-c-koenigreich/63743511675157,"Ein Gratin, ein Königreich für ein Gratin",2026-09-24,2026-09-25,2,3
63743511494153,2026-09-24T14:33:53+00:00,https://www.leckerschmecker.me/rahmgulasch-a-c/63743511494153,Rahmgulasch: perfekt für Liebhaber cremiger Soßen,2026-09-24,2026-09-26,3,1
63743511591303,2026-09-24T14:36:58+00:00,https://www.leckerschmecker.me/kuerbis-salbei-spaetzle-a-a/63743511591303,Käsespätzle mit Kürbis und Salbei: pure Gemütlichkeit,2026-09-24,2026-09-26,3,1
63743511401209,2026-09-24T14:41:00+00:00,https://www.leckerschmecker.me/ueberbackene-kaesespaetzle-a-a/63743511401209,Überbackene Käsespätzle: Traditionsgericht mit Extra-Käse,2026-09-24,2026-09-26,3,1
63743511764102,2026-09-24T14:44:00+00:00,https://www.leckerschmecker.me/birnenstrudel-mit-vanillcreme/63743511764102,Äpfel mit Birnen vergleichen? Back lieber einen köstlichen Strudel mit Blätterteig und Mandeln daraus,2026-09-24,2026-09-25,2,1
63743511655074,2026-09-24T14:47:28+00:00,https://www.leckerschmecker.me/kohlrabi-kartoffel-eintopf-a-a-highlight/63743511655074,Kohlrabi-Kartoffel-Eintopf: ein Highlight für Kohlrabi-Fans,2026-09-24,2026-09-26,3,2
63743511505161,2026-09-24T14:47:48+00:00,https://www.leckerschmecker.me/spinat-spaetzleauflauf-mit-roestzwiebeln-a-c/63743511505161,Spinat-Spätzleauflauf mit Röstzwiebeln: Genuss pur aus dem Ofen,2026-09-24,2026-09-26,3,1
63743511762737,2026-09-24T15:25:35+00:00,https://www.leckerschmecker.me/haehnchen-hackbaellchen-mit-kuerbis-orzo-a-b/63743511762737,Mit diesem Gericht läutest du den Herbst ein,2026-09-24,2026-09-26,3,3
63743511762653,2026-09-24T15:36:00+00:00,https://www.leckerschmecker.me/caesar-pasta-salat/63743511762653,Knuspriger Caesar-Pasta-Salat: Nudeln ersetzen hier die Croûtons,2026-09-24,2026-09-26,3,1
63743511763669,2026-09-24T16:01:00+00:00,https://www.leckerschmecker.me/vegane-krautkrapfen-mit-zwiebelsosse/63743511763669,Vegane Krautkrapfen mit Zwiebelsoße sind schwäbisches Comfort Food ganz ohne Fleisch,2026-09-24,2026-09-25,2,1
63743511763137,2026-09-24T17:22:00+00:00,https://www.leckerschmecker.me/suesskartoffel-walnuss-tarte/63743511763137,Süß und würzig: ein Ofengericht voller Wohlfühlatmosphäre,2026-09-24,2026-09-26,3,1
63743511763391,2026-09-24T18:43:00+00:00,https://www.leckerschmecker.me/kuerbis-hackfleisch-quiche/63743511763391,Einfaches Rezept für Gäste: Kürbis-Hackfleisch-Quiche,2026-09-24,2026-09-25,2,1
63743511763793,2026-09-24T19:11:00+00:00,https://www.leckerschmecker.me/kuerbis-haehnchen-curry/63743511763793,Endlich wieder Kürbiszeit,2026-09-25,2026-09-25,1,1
63743511763068,2026-09-24T19:22:44+00:00,https://www.leckerschmecker.me/apfel-spritz-herbst/63743511763068,Apfel-Spritz: Dieser Herbst wird prickelnd,2026-09-25,2026-09-26,2,2
63743511761441,2026-09-24T19:22:45+00:00,https://www.leckerschmecker.me/tiroler-groestl-reste/63743511761441,So lecker haben Reste noch nie geschmeckt,2026-09-25,2026-09-26,2,3
63743511647432,2026-09-24T21:21:58+00:00,https://www.leckerschmecker.me/kohlrabi-gratin-a-b/63743511647432,Warum wir Kohlrabi am liebsten aus dem Ofen essen,2026-09-25,2026-09-26,2,1
63743511763864,2026-09-25T05:03:00+00:00,https://www.leckerschmecker.me/ahorn-pekan-porridge/63743511763864,Mit diesem Ahorn-Pekan-Porridge bleibt dein Morgen entspannt,2026-09-25,2026-09-25,1,1
63743511584892,2026-09-25T05:05:16+00:00,https://www.leckerschmecker.me/apfelpommes-mit-karamellsosse-a-c/63743511584892,Apfelpommes mit Karamellsoße: neuer Lieblingssnack,2026-09-25,2026-09-26,2,1
63743511763330,2026-09-25T05:35:40+00:00,https://www.leckerschmecker.me/spicy-lachs-bowl-hunger/63743511763330,Großer Hunger und wenig Zeit? Diese würzige Lachs-Bowl ist deine Rettung,2026-09-25,2026-09-26,2,2
63743511763348,2026-09-25T05:35:41+00:00,https://www.leckerschmecker.me/zitronen-mohn-tassenkuchen-taesschen/63743511763348,Noch ein Tässchen Kuchen gefällig?,2026-09-25,2026-09-26,2,2
63743511763806,2026-09-25T05:35:42+00:00,https://www.leckerschmecker.me/kuerbis-mascarpone-trifle-dessert/63743511763806,Kürbis kann auch Dessert,2026-09-25,2026-09-26,2,2
63743511762873,2026-09-25T05:35:43+00:00,https://www.leckerschmecker.me/vegane-weisswurst-wiesn/63743511762873,Vegane Weißwurst: Wiesn-Revolution oder kulinarisches Sakrileg?,2026-09-25,2026-09-26,2,2
63743511763236,2026-09-25T05:35:44+00:00,https://www.leckerschmecker.me/bananen-ingwer-muffins-goldstuecke/63743511763236,Diese kleinen Goldstücke überzeugen mit aromatischer Tiefe zum Frühstück,2026-09-25,2026-09-26,2,2
63743511763986,2026-09-25T05:43:00+00:00,https://www.leckerschmecker.me/birnenbutter/63743511763986,Butter ohne Butter: So lecker schmeckt dieser Aufstrich aus Birnen,2026-09-25,2026-09-25,1,1
63743511489118,2026-09-25T06:01:36+00:00,https://www.leckerschmecker.me/gefuellte-suesskartoffel-mit-bohnen-a-b/63743511489118,Gefüllte Süßkartoffel gefällig? Dieses Rezept ist köstlich,2026-09-25,2026-09-26,2,1
63743511763291,2026-09-25T06:06:42+00:00,https://www.leckerschmecker.me/solskinnsboller-bringen/63743511763291,Diese Solskinnsboller bringen skandinavische Gemütlichkeit nach Hause,2026-09-25,2026-09-26,2,2
63743511763839,2026-09-25T06:06:43+00:00,https://www.leckerschmecker.me/kuerbispueree-aus-der-mikrowelle-gelingt/63743511763839,Kürbispüree aus der Mikrowelle: So gelingt es in wenigen Minuten,2026-09-25,2026-09-26,2,2
63743511641704,2026-09-25T06:25:21+00:00,https://www.leckerschmecker.me/haehnchenbrust-in-kraeuter-sahnesosse-a-b/63743511641704,Hähnchenbrust in Kräuter-Sahnesoße: Feierabendgericht aus dem Ofen,2026-09-25,2026-09-26,2,1
63743511748986,2026-09-25T06:37:00+00:00,https://www.leckerschmecker.me/hot-honey-ziegenkase-dip/63743511748986,Hot-Honey-Ziegenkäse-Dip: nichts für schwache Nerven,2026-09-25,2026-09-25,1,1
63743511327217,2026-09-25T06:55:42+00:00,https://www.leckerschmecker.me/banoffee-pie-a-a-star/63743511327217,Der neue Star am Kuchenhimmel: Banoffee Pie,2026-09-25,2026-09-26,2,2
63743511602246,2026-09-25T06:55:44+00:00,https://www.leckerschmecker.me/kuerbis-lasagne-a-a-ofenglueck/63743511602246,Diese Kürbis-Lasagne ist Ofenglück pur,2026-09-25,2026-09-26,2,3
63743511764527,2026-09-25T07:32:00+00:00,https://www.leckerschmecker.me/focaccia-mit-karamellisierten-zwiebeln/63743511764527,Warum italienische Focaccia und karamellisierte Zwiebeln ein Perfect Match sind,2026-09-25,2026-09-25,1,1
63743511441542,2026-09-25T07:33:40+00:00,https://www.leckerschmecker.me/grilled-cheese-sandwich-balsamico-zwiebeln-a-o-kaesefans/63743511441542,Für Käsefans: Grilled-Cheese-Sandwich mit karamellisierten Zwiebeln,2026-09-25,2026-09-26,2,3
63743511245260,2026-09-25T07:53:03+00:00,https://www.leckerschmecker.me/kartoffelauflauf-mit-spiegeleiern-b-k/63743511245260,Zwei Lieblinge in einem Gericht: Kartoffelauflauf mit Spiegeleiern,2026-09-25,2026-09-26,2,1
63743511764037,2026-09-25T08:28:00+00:00,https://www.leckerschmecker.me/veganer-schoko-griessbrei/63743511764037,Schokolade zum Frühstück? Her mit einer Schüssel Schoko-Grießbrei!,2026-09-25,2026-09-25,1,1
63743511695814,2026-09-25T08:47:29+00:00,https://www.leckerschmecker.me/norwegische-lefse-mit-zimtbutter-a-a-rezept/63743511695814,Pfannkuchen auf Skandinavisch: Diese norwegischen Lefse sorgen für ein süßes Frühstücksglück,2026-09-25,2026-09-26,2,3
63743511684171,2026-09-25T08:47:30+00:00,https://www.leckerschmecker.me/leberkaesesalat-a-b-zuenftig/63743511684171,Leberkäsesalat: Feiere Oktoberfest zu Hause,2026-09-25,2026-09-26,2,2
63743511749044,2026-09-25T09:33:00+00:00,https://www.leckerschmecker.me/million-dollar-suppe/63743511749044,Fühl dich wie ein Millionär: Unsere geniale Million-Dollar-Suppe,2026-09-25,2026-09-25,1,1
63743511764024,2026-09-25T10:07:00+00:00,https://www.leckerschmecker.me/apfel-mousse/63743511764024,Apfel-Mousse im Glas: So einfach wird aus Äpfeln ein Traumdessert,2026-09-26,2026-09-26,1,1
63743511447352,2026-09-25T10:39:03+00:00,https://www.leckerschmecker.me/knoblauchbrot-aus-dem-airfryer-a-q/63743511447352,Unser neuer Lieblingssnack: Knoblauchbrot aus dem Airfryer,2026-09-26,2026-09-26,1,1
63743511599840,2026-09-25T10:41:33+00:00,https://www.leckerschmecker.me/kuerbis-haehnchen-chili-a-a/63743511599840,Dein neues Lieblings-Chili für gemütliche Herbsttage,2026-09-26,2026-09-27,2,1
63743511277238,2026-09-25T10:45:52+00:00,https://www.leckerschmecker.me/kaese-lauch-pasta-a-f/63743511277238,Schnelle Nudeln aus einem Topf: leckere Käse-Lauch-Pasta,2026-09-26,2026-09-27,2,1
63743511489637,2026-09-25T10:51:18+00:00,https://www.leckerschmecker.me/mexikanischer-bohneneintopf-frijoles-a-a/63743511489637,Frijoles: würziger Bohneneintopf aus Mexiko,2026-09-26,2026-09-27,2,1
63743511722081,2026-09-25T10:51:20+00:00,https://www.leckerschmecker.me/zucchini-leder-a-a/63743511722081,So genial hast du Zucchini noch nie haltbar gemacht,2026-09-26,2026-09-27,2,4
63743511762404,2026-09-25T10:52:32+00:00,https://www.leckerschmecker.me/krustenbraten-aus-dem-airfryer-luft/63743511762404,Mit heißer Luft zur krossen Kruste: So machst du einen Krustenbraten aus dem Airfryer,2026-09-26,2026-09-26,1,3
63743511762844,2026-09-25T10:52:32+00:00,https://www.leckerschmecker.me/bierkaese-spaetzle-bringen/63743511762844,Diese Bierkäse-Spätzle mit Röstzwiebeln bringen Oktoberfeststimmung in die Pfanne,2026-09-26,2026-09-27,2,3
63743511722584,2026-09-25T10:55:36+00:00,https://www.leckerschmecker.me/burrata-pesto-zucchini-roellchen-a-a/63743511722584,Die ideale Vorspeise: Burrata-Pesto-Zucchini-Röllchen,2026-09-26,2026-09-27,2,4
63743511688782,2026-09-25T10:58:18+00:00,https://www.leckerschmecker.me/omelett-stulle-aus-dem-airfryer-a-b/63743511688782,Für diese Omelett-Stulle aus dem Airfryer brauchst du nur wenige Zutaten,2026-09-26,2026-09-27,2,5
63743511538775,2026-09-25T11:04:16+00:00,https://www.leckerschmecker.me/quinoa-zucchini-eintopf-a-a/63743511538775,"Zauber diesen schnellen Eintopf, wenn der Hunger groß ist",2026-09-26,2026-09-27,2,1
63743511469190,2026-09-25T11:15:54+00:00,https://www.leckerschmecker.me/mediterraner-gemueseeintopf-a/63743511469190,Dieser mediterrane Gemüseeintopf wärmt dich herrlich an kalten Tagen,2026-09-26,2026-09-27,2,1
63743511524451,2026-09-25T11:16:34+00:00,https://www.leckerschmecker.me/gefuellter-kohlrabi-mit-hack-a-c/63743511524451,Kohlrabi-Fans aufgepasst: So füllst du das Knollengemüse am besten,2026-09-26,2026-09-27,2,1
63743511325442,2026-09-25T11:19:28+00:00,https://www.leckerschmecker.me/kohlrabi-kartoffel-suppe-a-d/63743511325442,Warum diese Kohlrabi-Kartoffel-Suppe rundum glücklich macht,2026-09-26,2026-09-27,2,1
63743511523909,2026-09-25T11:34:31+00:00,https://www.leckerschmecker.me/kohlrabi-flammkuchen-a-b-knusprige/63743511523909,Knusprige Gemüseküche: Flammkuchen mit Kohlrabi und Bergkäse,2026-09-26,2026-09-27,2,2
63743511485495,2026-09-25T11:34:33+00:00,https://www.leckerschmecker.me/spaetzle-hack-pfanne-mit-lauch-und-kaese-a-f-schnelle/63743511485495,"Wenn ein Gericht den Namen Wohlfühlessen verdient, ist es dieses",2026-09-26,2026-09-27,2,2
63743511632163,2026-09-25T11:34:34+00:00,https://www.leckerschmecker.me/huettenkaese-lauch-auflauf-a-a-ofenglueck/63743511632163,Ofenglück an kalten Tagen zum Wohlfühlen,2026-09-26,2026-09-27,2,2
63743511486326,2026-09-25T11:34:35+00:00,https://www.leckerschmecker.me/mandarinen-quarkauflauf-a-c-sorgen/63743511486326,Ein luftig-süßer Mandarinen-Quarkauflauf hebt die Laune an grauen Tagen,2026-09-26,2026-09-27,2,3
63743511421174,2026-09-25T11:34:36+00:00,https://www.leckerschmecker.me/mediterraner-gemueseauflauf-a-p-kartoffeln/63743511421174,"Mediterraner Gemüseauflauf mit Zucchini, Kartoffeln und Mozzarella",2026-09-26,2026-09-27,2,3
63743511376086,2026-09-25T12:53:25+00:00,https://www.leckerschmecker.me/kohlrabi-auflauf-b-i-rezept/63743511376086,Kohlrabi-Auflauf: schnelles und einfaches Rezept für den Ofen,2026-09-26,2026-09-27,2,4
63743511520390,2026-09-25T13:02:47+00:00,https://www.leckerschmecker.me/overnight-zimtschnecken-a-a/63743511520390,Overnight-Zimtschnecken sind perfekt für ein gemütliches Frühstück,2026-09-26,2026-09-27,2,1
63743511605996,2026-09-25T13:06:11+00:00,https://www.leckerschmecker.me/zimt-zucker-kuchen-a-a/63743511605996,Von diesem Zimt-Zucker-Kuchen willst du schon beim Backen naschen,2026-09-26,2026-09-27,2,1
63743511398966,2026-09-25T13:09:12+00:00,https://www.leckerschmecker.me/apfel-zimt-tiramisu-a-i/63743511398966,Herbstliches Apfel-Zimt-Tiramisu: Genuss im Glas,2026-09-26,2026-09-27,2,1
63743511590904,2026-09-25T13:14:41+00:00,https://www.leckerschmecker.me/wie-wird-federweisser-hergestellt-a-a/63743511590904,Von der Traube ins Glas: Wie wird Federweißer hergestellt?,2026-09-26,2026-09-27,2,1
63743511610628,2026-09-25T13:16:10+00:00,https://www.leckerschmecker.me/kuerbis-feta-orzo-a-a/63743511610628,Dieses Wohlfühlessen macht Bauch und Seele glücklich,2026-09-26,2026-09-27,2,1
63743511286061,2026-09-25T13:20:02+00:00,https://www.leckerschmecker.me/gebratene-nudeln-c-r/63743511286061,Schnelles Rezept: gebratene Asia-Nudeln wie im Restaurant,2026-09-26,2026-09-27,2,1
63743511763793,2026-09-25T13:21:37+00:00,https://www.leckerschmecker.me/kuerbis-haehnchen-curry-kuerbiszeit/63743511763793,Endlich wieder Kürbiszeit,2026-09-26,2026-09-27,2,2
63743511763391,2026-09-25T13:21:38+00:00,https://www.leckerschmecker.me/kuerbis-hackfleisch-quiche-einfaches/63743511763391,Einfaches Rezept für Gäste: Kürbis-Hackfleisch-Quiche,2026-09-26,2026-09-27,2,2
63743511763669,2026-09-25T13:21:39+00:00,https://www.leckerschmecker.me/vegane-krautkrapfen-mit-zwiebelsosse-schwaebisches/63743511763669,Vegane Krautkrapfen mit Zwiebelsoße sind schwäbisches Comfort Food ganz ohne Fleisch,2026-09-26,2026-09-27,2,2
63743511764102,2026-09-25T13:21:40+00:00,https://www.leckerschmecker.me/birnenstrudel-mit-vanillcreme-pfel/63743511764102,Äpfel mit Birnen vergleichen? Back lieber einen köstlichen Strudel mit Blätterteig und Mandeln daraus,2026-09-26,2026-09-27,2,2
63743511764537,2026-09-25T13:21:41+00:00,https://www.leckerschmecker.me/gestuerzter-feigenkuchen-mit-rosmarin-und-honig-wenden/63743511764537,"Einmal wenden, bitte: gestürzter Feigenkuchen mit Honig und Rosmarin",2026-09-26,2026-09-27,2,2
63743511593407,2026-09-25T13:35:55+00:00,https://www.leckerschmecker.me/kuerbis-apfelsuppe-a-a/63743511593407,Kürbis-Apfelsuppe: Diese Suppe vereint zwei Herbstlieblinge,2026-09-26,2026-09-26,1,1
63743511764706,2026-09-25T13:59:00+00:00,https://www.leckerschmecker.me/pumpkin-pie/63743511764706,Pumpkin Pie: Gehört nicht nur zum Thanksgiving-Tisch!,2026-09-26,2026-09-26,1,1
63743511482313,2026-09-25T14:09:39+00:00,https://www.leckerschmecker.me/nutellakuchen-a-d-gluecklich/63743511482313,Dieser Kuchen macht einfach nur glücklich,2026-09-26,2026-09-27,2,3
63743511763949,2026-09-25T14:32:00+00:00,https://www.leckerschmecker.me/bier-pickles/63743511763949,Entdecke dein neues Lieblingsrezept für eingelegte Gurken,2026-09-26,2026-09-26,1,1
63743511763940,2026-09-25T15:33:00+00:00,https://www.leckerschmecker.me/mohnpielen/63743511763940,Vergessene Küche wiederentdeckt: Mohnpielen ganz einfach selbst gemacht,2026-09-26,2026-09-26,1,1
63743511763675,2026-09-25T15:33:33+00:00,https://www.leckerschmecker.me/breznknoedel-auflauf-alten/63743511763675,Dieser Breznknödel-Auflauf macht aus alten Brezn echtes Wohlfühlessen – besonders zur Oktoberfestzeit,2026-09-26,2026-09-27,2,2
63743511765353,2026-09-25T16:09:00+00:00,https://www.leckerschmecker.me/herzhaft-suess-gefuellter-kuerbis/63743511765353,Feier eine herbstliche Aromenparty mit diesem gefülltem Kürbis aus dem Ofen,2026-09-26,2026-09-26,1,1
63743511763685,2026-09-25T17:31:00+00:00,https://www.leckerschmecker.me/maronen-pilz-orzo/63743511763685,Maronen-Pilz-Orzo ist cremiges Herbstessen aus nur einer Pfanne,2026-09-26,2026-09-26,1,1
63743511763724,2026-09-25T18:44:00+00:00,https://www.leckerschmecker.me/kuerbis-brie-strudel/63743511763724,"Kürbis, Käse und Blätterteig ergeben dieses knusprige Meisterwerk aus dem Ofen",2026-09-26,2026-09-27,2,1
63743511764134,2026-09-25T19:14:00+00:00,https://www.leckerschmecker.me/haehnchen-lauch-gratin/63743511764134,"Hähnchen, Lauch und ganz viel Liebe: Dieses Gratin ist soo lecker",2026-09-26,2026-09-26,1,1
63743511763923,2026-09-26T05:08:00+00:00,https://www.leckerschmecker.me/overnight-broetchen-mit-kuerbis-und-skyr/63743511763923,"Kürbis-Overnight-Brötchen: Der Herbstmorgen, auf den du gewartet hast",2026-09-26,2026-09-27,2,1
63743511749044,2026-09-26T05:35:40+00:00,https://www.leckerschmecker.me/million-dollar-suppe-fuehl/63743511749044,Fühl dich wie ein Millionär: Unsere geniale Million-Dollar-Suppe,2026-09-26,2026-09-27,2,2
63743511764037,2026-09-26T05:35:41+00:00,https://www.leckerschmecker.me/veganer-schoko-griessbrei-schokolade/63743511764037,Schokolade zum Frühstück? Her mit einer Schüssel Schoko-Grießbrei!,2026-09-26,2026-09-27,2,2
63743511764527,2026-09-26T05:35:43+00:00,https://www.leckerschmecker.me/focaccia-mit-karamellisierten-zwiebeln-italienische/63743511764527,Warum italienische Focaccia und karamellisierte Zwiebeln ein Perfect Match sind,2026-09-26,2026-09-27,2,2
63743511763864,2026-09-26T05:35:44+00:00,https://www.leckerschmecker.me/ahorn-pekan-porridge-bleibt/63743511763864,Mit diesem Ahorn-Pekan-Porridge bleibt dein Morgen entspannt,2026-09-26,2026-09-27,2,2
63743511763986,2026-09-26T05:35:45+00:00,https://www.leckerschmecker.me/birnenbutter-butter/63743511763986,Butter ohne Butter: So lecker schmeckt dieser Aufstrich aus Birnen,2026-09-26,2026-09-27,2,2
63743511764240,2026-09-26T05:41:00+00:00,https://www.leckerschmecker.me/vollkorn-milchreis-mit-blaubeeren-skyr/63743511764240,"„Reis“ dich zusammen: Jetzt wird’s cremig, fruchtig, lecker",2026-09-26,2026-09-26,1,1
63743511473793,2026-09-26T06:07:18+00:00,https://www.leckerschmecker.me/butter-chicken-suppe-a-c/63743511473793,Diese Butter-Chicken-Suppe ist perfekt für ein gemütliches Abendessen,2026-09-26,2026-09-27,2,1
63743511403745,2026-09-26T06:08:21+00:00,https://www.leckerschmecker.me/feta-kartoffeln-mit-ofengemuese-a-a/63743511403745,Leichtes Abendessen: Feta-Kartoffeln mit Ofengemüse vom Blech,2026-09-26,2026-09-27,2,1
63743511489549,2026-09-26T06:08:54+00:00,https://www.leckerschmecker.me/schokokuss-torte-a-d/63743511489549,Diese Schokokuss-Torte mit Quark verschönert jede Kaffeetafel,2026-09-26,2026-09-27,2,1
63743511472546,2026-09-26T06:09:28+00:00,https://www.leckerschmecker.me/faecherkartoffeln-mit-raclettekaese-a-b/63743511472546,Fächerkartoffeln mit Raclettekäse: So lecker waren Kartoffeln noch nie,2026-09-26,2026-09-27,2,1
63743511676012,2026-09-26T06:12:13+00:00,https://www.leckerschmecker.me/brezel-pizza-airfryer-a-a/63743511676012,Aus Lauge wird Liebe: Brezel-Pizza aus dem Airfryer,2026-09-26,2026-09-27,2,1
63743511748986,2026-09-26T06:13:41+00:00,https://www.leckerschmecker.me/hot-honey-ziegenkase-dip-ziegenkaese/63743511748986,Hot-Honey-Ziegenkäse-Dip: nichts für schwache Nerven,2026-09-26,2026-09-27,2,2
63743511763171,2026-09-26T06:13:41+00:00,https://www.leckerschmecker.me/halloumi-fries-mit-honig-chili-glasur-suesslich/63743511763171,Süßlich-scharfer Käse-Crunch aus deinem Airfryer,2026-09-26,2026-09-27,2,1
63743511482792,2026-09-26T06:14:33+00:00,https://www.leckerschmecker.me/huettenkaese-pizza-a-d/63743511482792,So schnell machst du eine Hüttenkäse-Pizza,2026-09-26,2026-09-27,2,1
63743511325495,2026-09-26T06:25:02+00:00,https://www.leckerschmecker.me/apfelkuechlein-a-g/63743511325495,Apfelküchlein wie von Oma: ein Stück Kindheit zum Vernaschen,2026-09-26,2026-09-27,2,1
63743511653989,2026-09-26T06:31:12+00:00,https://www.leckerschmecker.me/haehnchen-paprika-nudelpfanne-a-b/63743511653989,"Hähnchen, Paprika und Nudeln kommen hier zu einem schnellen Pfannengericht zusammen",2026-09-26,2026-09-27,2,2
63743511714951,2026-09-26T06:32:06+00:00,https://www.leckerschmecker.me/apfel-pommes-airfryer-a-a/63743511714951,Apfel-Pommes statt Kuchen: einfaches Rezept für Naschkatzen,2026-09-26,2026-09-27,2,1
63743511764757,2026-09-26T06:41:00+00:00,https://www.leckerschmecker.me/hagebutten-apfel-chutney/63743511764757,Sauer trifft süß und würzig: Hagebutten-Apfel-Chutney zum Selbermachen,2026-09-26,2026-09-26,1,1
63743511762694,2026-09-26T06:48:54+00:00,https://www.leckerschmecker.me/leberkaese-brezel-salat-unwiderstehlicher/63743511762694,So wird aus Leberkäse und Brezeln ein unwiderstehlicher Salat,2026-09-26,2026-09-27,2,3
63743511527488,2026-09-26T06:48:55+00:00,https://www.leckerschmecker.me/vichy-karotten-a-c-zurecht/63743511527488,Der Klassiker unter den Beilagen: Vichy-Karotten,2026-09-26,2026-09-27,2,2
63743511500124,2026-09-26T07:24:40+00:00,https://www.leckerschmecker.me/spaghetti-mit-lauch-sahnesosse-a-a-cremig/63743511500124,"Spaghetti mit Lauch-Sahnesoße: cremig, lecker und mit feiner Zitronennote",2026-09-26,2026-09-27,2,2
63743511482230,2026-09-26T07:24:41+00:00,https://www.leckerschmecker.me/guinness-eintopf-mit-rind-a-b-irische/63743511482230,Hol dir den Herbst auf den Teller: mit Guinness-Eintopf,2026-09-26,2026-09-27,2,2
63743511765117,2026-09-26T07:31:00+00:00,https://www.leckerschmecker.me/trauben-ricotta-schmarrn/63743511765117,Trauben-Ricotta-Schmarrn mit Walnüssen ist die fruchtige Antwort auf Kaiserschmarrn,2026-09-26,2026-09-26,1,1
63743511377908,2026-09-26T07:33:25+00:00,https://www.leckerschmecker.me/spinatspaetzle-auflauf-a-e/63743511377908,Spinatspätzle-Auflauf mit knuspriger Parmesankruste: Comfort Food deluxe,2026-09-26,2026-09-27,2,1
63743511764582,2026-09-26T08:32:00+00:00,https://www.leckerschmecker.me/marry-me-bohnen/63743511764582,"Eine Pfanne, wenige Handgriffe und schon hast du cremige Glückseligkeit vor dir",2026-09-26,2026-09-26,1,1
63743511675157,2026-09-26T08:56:32+00:00,https://www.leckerschmecker.me/kartoffel-kohlrabi-gratin-a-c-fuer/63743511675157,"Ein Gratin, ein Königreich für ein Gratin",2026-09-26,2026-09-27,2,4
63743511764084,2026-09-26T09:28:00+00:00,https://www.leckerschmecker.me/butter-birne-mit-bauchspeck/63743511764084,Butter-Birne mit Bauchspeck: überraschend lecker und schnell zubereitet,2026-09-26,2026-09-26,1,1
63743511538935,2026-09-26T09:46:14+00:00,https://www.leckerschmecker.me/kohlrabi-nuggets-a-d/63743511538935,So lecker schmecken Kohlrabi-Nuggets mit Zitronen-Dip,2026-09-26,2026-09-27,2,1
63743511764118,2026-09-26T10:08:00+00:00,https://www.leckerschmecker.me/karamell-walnuesse/63743511764118,Snack und Topping in einem: Von diesen Walnüssen bekommst du nicht genug,2026-09-26,2026-09-26,1,1
63743511494153,2026-09-26T10:50:31+00:00,https://www.leckerschmecker.me/rahmgulasch-a-c-perfekt/63743511494153,Rahmgulasch: perfekt für Liebhaber cremiger Soßen,2026-09-26,2026-09-27,2,2
63743511655074,2026-09-26T10:50:32+00:00,https://www.leckerschmecker.me/kohlrabi-kartoffel-eintopf-a-a-fuer/63743511655074,Kohlrabi-Kartoffel-Eintopf: ein Highlight für Kohlrabi-Fans,2026-09-26,2026-09-27,2,3
63743511765456,2026-09-26T11:19:00+00:00,https://www.leckerschmecker.me/orientalisch-gefuellte-paprika-airfryer/63743511765456,Aus dem Airfryer: eine köstliche Schote wie aus 1001 Nacht,2026-09-26,2026-09-26,1,1
63743511389971,2026-09-26T11:30:37+00:00,https://www.leckerschmecker.me/spaghettiauflauf-a-d-speck/63743511389971,Spaghettiauflauf mit Speck und Käse: Ofengericht für die ganze Familie,2026-09-26,2026-09-28,3,2
63743511443936,2026-09-26T11:30:39+00:00,https://www.leckerschmecker.me/rezept-fuer-wiener-saftgulasch-a-a-fuer/63743511443936,Rezept für Wiener Saftgulasch: Hausmannskost-Klassiker,2026-09-26,2026-09-26,1,3
63743511763411,2026-09-26T11:30:40+00:00,https://www.leckerschmecker.me/brezel-bowl-airfryer-geniale/63743511763411,Geniale Brezel-Bowl: So wird aus drei TK-Brezeln ein Oktoberfest-Hit,2026-09-26,2026-09-28,3,2
63743511762393,2026-09-26T11:30:41+00:00,https://www.leckerschmecker.me/leberkaese-grilled-cheese-sandwich-gouda/63743511762393,"Leberkäse, geschmolzener Gouda und würzige Zwiebeln: Das macht glücklich",2026-09-26,2026-09-28,3,3
63743511762404,2026-09-26T12:53:23+00:00,https://www.leckerschmecker.me/krustenbraten-aus-dem-airfryer-krossen/63743511762404,Mit heißer Luft zur krossen Kruste: So machst du einen Krustenbraten aus dem Airfryer,2026-09-26,2026-09-28,3,4
63743511763137,2026-09-26T12:53:24+00:00,https://www.leckerschmecker.me/suesskartoffel-walnuss-tarte-suess/63743511763137,Süß und würzig: ein Ofengericht voller Wohlfühlatmosphäre,2026-09-26,2026-09-28,3,2
63743511763685,2026-09-26T13:24:25+00:00,https://www.leckerschmecker.me/maronen-pilz-orzo-cremiges/63743511763685,Maronen-Pilz-Orzo ist cremiges Herbstessen aus nur einer Pfanne,2026-09-26,2026-09-28,3,2
63743511765353,2026-09-26T13:24:26+00:00,https://www.leckerschmecker.me/herzhaft-suess-gefuellter-kuerbis-feier/63743511765353,Feier eine herbstliche Aromenparty mit diesem gefülltem Kürbis aus dem Ofen,2026-09-26,2026-09-28,3,2
63743511763940,2026-09-26T13:24:27+00:00,https://www.leckerschmecker.me/mohnpielen-vergessene/63743511763940,Vergessene Küche wiederentdeckt: Mohnpielen ganz einfach selbst gemacht,2026-09-26,2026-09-28,3,2
63743511763949,2026-09-26T13:24:28+00:00,https://www.leckerschmecker.me/bier-pickles-entdecke/63743511763949,Entdecke dein neues Lieblingsrezept für eingelegte Gurken,2026-09-26,2026-09-27,2,2
63743511764706,2026-09-26T13:24:29+00:00,https://www.leckerschmecker.me/pumpkin-pie-gehoert/63743511764706,Pumpkin Pie: Gehört nicht nur zum Thanksgiving-Tisch!,2026-09-26,2026-09-28,3,2
63743511765394,2026-09-26T13:46:00+00:00,https://www.leckerschmecker.me/upside-down-apfelkuchen/63743511765394,Dieser Upside-Down-Apfelkuchen hat einen Schwipps,2026-09-26,2026-09-27,2,1
63743511591352,2026-09-26T14:00:59+00:00,https://www.leckerschmecker.me/apfel-bienenstich-a-d/63743511591352,Auch Kuchenklassiker müssen sich manchmal neu erfinden,2026-09-26,2026-09-28,3,1
63743511588757,2026-09-26T14:01:17+00:00,https://www.leckerschmecker.me/zitronen-rosmarin-suppe-mit-bohnen-a-a/63743511588757,Ein Löffel voll Sonne: Diese Suppe schmeckt das ganze Jahr,2026-09-26,2026-09-28,3,1
63743511499763,2026-09-26T14:01:38+00:00,https://www.leckerschmecker.me/ruehrei-mit-huettenkaese-a-c/63743511499763,So gut schmeckt ein Rührei mit Hüttenkäse,2026-09-26,2026-09-28,3,1
63743511764696,2026-09-26T14:28:00+00:00,https://www.leckerschmecker.me/veganer-sloppy-joe/63743511764696,"Dieser Burger beweist, dass es nicht immer ein Patty braucht",2026-09-26,2026-09-27,2,1
63743511490377,2026-09-26T15:22:36+00:00,https://www.leckerschmecker.me/zimt-streuselkuchen-vom-blech-a-b-fuer/63743511490377,Für die Kaffeetafel: Backe einen Zimt-Streuselkuchen vom Blech,2026-09-26,2026-09-27,2,2
63743511764632,2026-09-26T15:35:00+00:00,https://www.leckerschmecker.me/chicken-pozole/63743511764632,Mexikanische Hühnersuppe mit Avocado und Mais,2026-09-26,2026-09-27,2,1
63743511764286,2026-09-26T16:01:00+00:00,https://www.leckerschmecker.me/maronen-linsen-ragout/63743511764286,Dieses Maronen-Linsen-Ragout ist veganes Comfort Food für kühle Abende,2026-09-26,2026-09-28,3,1
63743511764482,2026-09-26T17:34:00+00:00,https://www.leckerschmecker.me/kohlrabi-hackfleisch-pfanne-mit-kartoffeln/63743511764482,"Kohlrabi-Hackfleisch-Pfanne mit Kartoffeln: das beste Gericht, wenn es schnell gehen soll",2026-09-26,2026-09-28,3,1
63743511764278,2026-09-26T18:21:00+00:00,https://www.leckerschmecker.me/haehnchen-kastanien-pfanne/63743511764278,Diese Hähnchen-Kastanien-Pfanne mit Rosmarin schmeckt nach goldenem Herbst,2026-09-27,2026-09-27,1,1
63743511424980,2026-09-26T18:36:28+00:00,https://www.leckerschmecker.me/geschmorte-haehnchenkeulen-mit-apfel-a-d/63743511424980,Geschmorte Hähnchenkeulen mit Apfel: macht Appetit auf den Herbst,2026-09-27,2026-09-28,2,1
63743511763291,2026-09-26T18:42:42+00:00,https://www.leckerschmecker.me/solskinnsboller-skandinavische/63743511763291,Diese Solskinnsboller bringen skandinavische Gemütlichkeit nach Hause,2026-09-27,2026-09-28,2,3
63743511749185,2026-09-26T19:04:00+00:00,https://www.leckerschmecker.me/pumpkin-pie-martini/63743511749185,Unser Lieblingsdessert ist dieses Jahr flüssig,2026-09-27,2026-09-27,1,1
63743511339868,2026-09-26T19:32:53+00:00,https://www.leckerschmecker.me/apfel-mocktail-a-a/63743511339868,Beim Apfel-Mocktail mit Ahornsirup ist drink &amp; drive ausdrücklich erlaubt,2026-09-27,2026-09-28,2,1
63743511437124,2026-09-26T19:48:20+00:00,https://www.leckerschmecker.me/gebackener-rosenkohl-mit-speck-und-senfsosse-a-y/63743511437124,Gebackener Rosenkohl mit Speck und Senfsoße: deftiger Genuss,2026-09-27,2026-09-28,2,1
63743511407490,2026-09-26T20:04:40+00:00,https://www.leckerschmecker.me/wrap-pizza-mit-huettenkaese-a-t/63743511407490,Diese schnelle Wrap-Pizza mit Hüttenkäse ist nach 10 Minuten im Ofen,2026-09-27,2026-09-28,2,1
63743511764304,2026-09-27T05:01:00+00:00,https://www.leckerschmecker.me/brioche-grilled-cheese/63743511764304,Brioche-Grilled-Cheese mit Rührei macht Frühstück besonders käsig,2026-09-27,2026-09-27,1,1
63743511765456,2026-09-27T05:20:37+00:00,https://www.leckerschmecker.me/orientalisch-gefuellte-paprika-airfryer-koestliche/63743511765456,Aus dem Airfryer: eine köstliche Schote wie aus 1001 Nacht,2026-09-27,2026-09-28,2,2
63743511764118,2026-09-27T05:20:38+00:00,https://www.leckerschmecker.me/karamell-walnuesse-snack/63743511764118,Snack und Topping in einem: Von diesen Walnüssen bekommst du nicht genug,2026-09-27,2026-09-28,2,2
63743511764084,2026-09-27T05:20:39+00:00,https://www.leckerschmecker.me/butter-birne-mit-bauchspeck-ueberraschend/63743511764084,Butter-Birne mit Bauchspeck: überraschend lecker und schnell zubereitet,2026-09-27,2026-09-28,2,2
63743511764757,2026-09-27T05:20:40+00:00,https://www.leckerschmecker.me/hagebutten-apfel-chutney-sauer/63743511764757,Sauer trifft süß und würzig: Hagebutten-Apfel-Chutney zum Selbermachen,2026-09-27,2026-09-28,2,2
63743511764240,2026-09-27T05:20:41+00:00,https://www.leckerschmecker.me/vollkorn-milchreis-mit-blaubeeren-skyr-reis/63743511764240,"„Reis“ dich zusammen: Jetzt wird’s cremig, fruchtig, lecker",2026-09-27,2026-09-28,2,2
63743511764528,2026-09-27T05:38:00+00:00,https://www.leckerschmecker.me/marmeladen-croissants-mit-haselnuessen/63743511764528,Einfach aufrollen und genießen: Blitz-Croissants mit Marmelade und Haselnüssen,2026-09-27,2026-09-27,1,1
63743511764582,2026-09-27T06:09:41+00:00,https://www.leckerschmecker.me/marry-me-bohnen-pfanne/63743511764582,"Eine Pfanne, wenige Handgriffe und schon hast du cremige Glückseligkeit vor dir",2026-09-27,2026-09-28,2,2
63743511765117,2026-09-27T06:09:42+00:00,https://www.leckerschmecker.me/trauben-ricotta-schmarrn-walnuessen/63743511765117,Trauben-Ricotta-Schmarrn mit Walnüssen ist die fruchtige Antwort auf Kaiserschmarrn,2026-09-27,2026-09-28,2,2
63743511764676,2026-09-27T06:30:00+00:00,https://www.leckerschmecker.me/hagebuttentee/63743511764676,Mit diesem Tee vertreibst du deine nächste Erkältung,2026-09-27,2026-09-27,1,1
63743511593407,2026-09-27T06:56:43+00:00,https://www.leckerschmecker.me/kuerbis-apfelsuppe-a-a-suppe/63743511593407,Kürbis-Apfelsuppe: Diese Suppe vereint zwei Herbstlieblinge,2026-09-27,2026-09-28,2,2
63743511505161,2026-09-27T06:56:45+00:00,https://www.leckerschmecker.me/spinat-spaetzleauflauf-mit-roestzwiebeln-a-c-genuss/63743511505161,Spinat-Spätzleauflauf mit Röstzwiebeln: Genuss pur aus dem Ofen,2026-09-27,2026-09-28,2,2
63743511599710,2026-09-27T07:04:42+00:00,https://www.leckerschmecker.me/schwedischer-apfelkuchen-vom-blech-a-b/63743511599710,Genieße ein Stück schwedischen Apfelkuchen vom Blech,2026-09-27,2026-09-28,2,1
63743511654185,2026-09-27T07:04:56+00:00,https://www.leckerschmecker.me/kohlrabi-schnitzel-airfryer-a-a/63743511654185,Kohlrabi-Schnitzel aus dem Airfryer: So genial lecker kann Gemüse schmecken,2026-09-27,2026-09-28,2,1
63743511651986,2026-09-27T07:05:13+00:00,https://www.leckerschmecker.me/ueberbackener-kohlrabi-kaese-dip-a-a/63743511651986,Du wirst garantiert nicht aufhören können zu dippen,2026-09-27,2026-09-28,2,1
63743511513706,2026-09-27T07:06:03+00:00,https://www.leckerschmecker.me/apfelrolle-a-c/63743511513706,Roll dich ins Glück: süße Apfel-Zimt-Füllung und Biskuit,2026-09-27,2026-09-28,2,1
63743511391966,2026-09-27T07:06:15+00:00,https://www.leckerschmecker.me/kohlrabisuppe-mit-hackfleisch-a-d/63743511391966,Genussrezept: cremige Kohlrabisuppe mit Hackfleisch und Schmand,2026-09-27,2026-09-28,2,1
63743511562142,2026-09-27T07:06:44+00:00,https://www.leckerschmecker.me/haferflocken-kaiserschmarrn-a-c/63743511562142,Warum du unbedingt einen Haferflocken-Kaiserschmarrn zum Frühstück essen solltest,2026-09-27,2026-09-28,2,1
63743511435839,2026-09-27T07:11:54+00:00,https://www.leckerschmecker.me/apfel-zwiebel-aufstrich-a-b/63743511435839,Apfel-Zwiebel-Aufstrich: herzhaft-fruchtige Kombination,2026-09-27,2026-09-28,2,1
63743511763623,2026-09-27T07:13:39+00:00,https://www.leckerschmecker.me/hummus-mit-karamellisierten-champignons-a-a/63743511763623,So hast du Hummus noch nie gegessen,2026-09-27,2026-09-28,2,3
63743511611756,2026-09-27T07:14:42+00:00,https://www.leckerschmecker.me/bratkartoffel-maronen-pfanne-a-a/63743511611756,Ist dieses Pfannengericht dein neuer Herbst-Liebling?,2026-09-27,2026-09-28,2,1
63743511586205,2026-09-27T07:14:56+00:00,https://www.leckerschmecker.me/feta-olivencreme-mit-paprika-a-d/63743511586205,Mit dieser Creme wird jedes Brot zum Highlight,2026-09-27,2026-09-28,2,2
63743511648090,2026-09-27T07:23:37+00:00,https://www.leckerschmecker.me/haselnuss-schokoladenkuchen-a-a/63743511648090,Besser als jede Tafel Nussschokolade: Backe einen Haselnuss-Schokoladenkuchen,2026-09-27,2026-09-27,1,1
63743511641704,2026-09-27T07:23:43+00:00,https://www.leckerschmecker.me/haehnchenbrust-in-kraeuter-sahnesosse-a-b-feierabendgericht/63743511641704,Hähnchenbrust in Kräuter-Sahnesoße: Feierabendgericht aus dem Ofen,2026-09-27,2026-09-28,2,2
63743511763068,2026-09-27T07:23:43+00:00,https://www.leckerschmecker.me/apfel-spritz-prickelnd/63743511763068,Apfel-Spritz: Dieser Herbst wird prickelnd,2026-09-27,2026-09-28,2,3
63743511608255,2026-09-27T07:24:05+00:00,https://www.leckerschmecker.me/apfel-marzipan-marmelade-a-a/63743511608255,Frühstückshighlight: Apfel-Marzipan-Marmelade,2026-09-27,2026-09-27,1,1
63743511764638,2026-09-27T07:29:00+00:00,https://www.leckerschmecker.me/kuerbis-cheesecake-pralinen/63743511764638,Kürbis küsst Schokolade: Pralinen für gemütliche Tage,2026-09-27,2026-09-27,1,1
63743511447352,2026-09-27T08:16:33+00:00,https://www.leckerschmecker.me/knoblauchbrot-aus-dem-airfryer-a-q-snacke/63743511447352,Unser neuer Lieblingssnack: Knoblauchbrot aus dem Airfryer,2026-09-27,2026-09-28,2,2
63743511764024,2026-09-27T08:16:34+00:00,https://www.leckerschmecker.me/apfel-mousse-glas/63743511764024,Apfel-Mousse im Glas: So einfach wird aus Äpfeln ein Traumdessert,2026-09-27,2026-09-28,2,2
63743511684171,2026-09-27T08:16:35+00:00,https://www.leckerschmecker.me/leberkaesesalat-a-b-deftig/63743511684171,Leberkäsesalat: Feiere Oktoberfest zu Hause,2026-09-27,2026-09-28,2,3
63743511485864,2026-09-27T08:16:36+00:00,https://www.leckerschmecker.me/bananen-quark-auflauf-a-b-ofengericht/63743511485864,Bananen-Quark-Auflauf: Ofengericht zu Frühstück,2026-09-27,2026-09-28,2,2
63743511764600,2026-09-27T08:22:00+00:00,https://www.leckerschmecker.me/egusi-suppe/63743511764600,Westafrikanische Egusi-Suppe – ein Eintopf mit Seele und Geschichte,2026-09-27,2026-09-27,1,1
63743511667290,2026-09-27T08:37:58+00:00,https://www.leckerschmecker.me/mini-lauch-quiches-a-a/63743511667290,Diese kleinen würzigen Schätze retten dich in allen Lebenslagen,2026-09-27,2026-09-28,2,1
63743511705563,2026-09-27T08:38:21+00:00,https://www.leckerschmecker.me/napoleon-dessert-im-glas-a-a/63743511705563,Napoleon-Dessert im Glas: Eine süße Krönung für jeden Anlass,2026-09-27,2026-09-28,2,1
63743511560131,2026-09-27T08:38:38+00:00,https://www.leckerschmecker.me/zucchinischnitten-mit-ei-und-bacon-a-c/63743511560131,Zucchinischnitten: Meal-Prep-Idee zum Mittagessen,2026-09-27,2026-09-28,2,1
63743511572048,2026-09-27T08:39:05+00:00,https://www.leckerschmecker.me/schokokuchen-mit-pudding-a-d/63743511572048,Backe noch heute diesen himmlischen Schokokuchen mit Pudding,2026-09-27,2026-09-28,2,1
63743511596580,2026-09-27T08:39:28+00:00,https://www.leckerschmecker.me/dithmarscher-kohlpfanne-a-c/63743511596580,Dithmarscher Kohlpfanne: norddeutsches Wohlfühlgericht,2026-09-27,2026-09-28,2,1
63743511310575,2026-09-27T08:47:19+00:00,https://www.leckerschmecker.me/flammkuchen-schnecken-a-j/63743511310575,Flammkuchen-Schnecken sind das perfekte Fingerfood für die WM-Party,2026-09-27,2026-09-28,2,1
63743511443936,2026-09-27T08:57:29+00:00,https://www.leckerschmecker.me/rezept-fuer-wiener-saftgulasch-a-a-gelingt/63743511443936,Rezept für Wiener Saftgulasch: Hausmannskost-Klassiker,2026-09-27,2026-09-28,2,4
63743511764134,2026-09-27T08:57:30+00:00,https://www.leckerschmecker.me/haehnchen-lauch-gratin-liebe/63743511764134,"Hähnchen, Lauch und ganz viel Liebe: Dieses Gratin ist soo lecker",2026-09-27,2026-09-28,2,2
63743511455075,2026-09-27T09:08:42+00:00,https://www.leckerschmecker.me/apfelchips-aus-der-heissluftfritteuse-a-i/63743511455075,Snacke süße Apfelchips aus dem Airfryer,2026-09-27,2026-09-28,2,1
63743511544050,2026-09-27T09:09:14+00:00,https://www.leckerschmecker.me/zitronen-knoblauch-haehnchen-a-c/63743511544050,Zitronen-Knoblauch-Hähnchen hat es in sich,2026-09-27,2026-09-27,1,1
63743511764946,2026-09-27T09:34:00+00:00,https://www.leckerschmecker.me/marry-me-chicken-suppe/63743511764946,Bei dieser Marry-Me-Chicken-Suppe liegt Liebe in der Luft (und Brühe),2026-09-27,2026-09-27,1,1
63743511764579,2026-09-27T10:11:00+00:00,https://www.leckerschmecker.me/pulled-potatoes-mit-kimchi-karotten/63743511764579,"Knusprige Kartoffeln, scharfes Kimchi: Dieses Ofengericht musst du probieren",2026-09-27,2026-09-27,1,1
63743511763675,2026-09-27T10:50:32+00:00,https://www.leckerschmecker.me/breznknoedel-auflauf-brezn/63743511763675,Dieser Breznknödel-Auflauf macht aus alten Brezn echtes Wohlfühlessen – besonders zur Oktoberfestzeit,2026-09-27,2026-09-28,2,3
63743511765122,2026-09-27T11:31:00+00:00,https://www.leckerschmecker.me/airfryer-zwiebelkuchen-rolls/63743511765122,Airfryer-Zwiebelkuchen-Rolls bringen Zwiebelkuchen in Schneckenform,2026-09-27,2026-09-28,2,1
63743511286061,2026-09-27T11:37:28+00:00,https://www.leckerschmecker.me/gebratene-nudeln-c-r-schnelles/63743511286061,Schnelles Rezept: gebratene Asia-Nudeln wie im Restaurant,2026-09-27,2026-09-29,3,2
63743511610628,2026-09-27T11:37:30+00:00,https://www.leckerschmecker.me/kuerbis-feta-orzo-a-a-wohlfuehlessen/63743511610628,Dieses Wohlfühlessen macht Bauch und Seele glücklich,2026-09-27,2026-09-29,3,2
63743511763793,2026-09-27T11:37:30+00:00,https://www.leckerschmecker.me/kuerbis-haehnchen-curry-herbstanfang/63743511763793,Endlich wieder Kürbiszeit,2026-09-27,2026-09-27,1,3
63743511749185,2026-09-27T13:20:30+00:00,https://www.leckerschmecker.me/pumpkin-pie-martini-lieblingsdessert/63743511749185,Unser Lieblingsdessert ist dieses Jahr flüssig,2026-09-27,2026-09-29,3,2
63743511764278,2026-09-27T13:20:31+00:00,https://www.leckerschmecker.me/haehnchen-kastanien-pfanne-rosmarin/63743511764278,Diese Hähnchen-Kastanien-Pfanne mit Rosmarin schmeckt nach goldenem Herbst,2026-09-27,2026-09-29,3,2
63743511764632,2026-09-27T13:20:32+00:00,https://www.leckerschmecker.me/chicken-pozole-mexikanische/63743511764632,Mexikanische Hühnersuppe mit Avocado und Mais,2026-09-27,2026-09-29,3,2
63743511764696,2026-09-27T13:20:33+00:00,https://www.leckerschmecker.me/veganer-sloppy-joe-burger/63743511764696,"Dieser Burger beweist, dass es nicht immer ein Patty braucht",2026-09-27,2026-09-29,3,2
63743511765394,2026-09-27T13:20:34+00:00,https://www.leckerschmecker.me/upside-down-apfelkuchen-schwipps/63743511765394,Dieser Upside-Down-Apfelkuchen hat einen Schwipps,2026-09-27,2026-09-29,3,2
63743511764734,2026-09-27T13:49:00+00:00,https://www.leckerschmecker.me/ruehrkuchen-mit-pflaumenmus/63743511764734,Einfach zusammengerührt: dein neuer Lieblingskuchen mit Pflaumenmus,2026-09-27,2026-09-29,3,1
63743511485495,2026-09-27T14:12:44+00:00,https://www.leckerschmecker.me/spaetzle-hack-pfanne-mit-lauch-und-kaese-a-f-antwort/63743511485495,"Wenn ein Gericht den Namen Wohlfühlessen verdient, ist es dieses",2026-09-27,2026-09-29,3,3
63743511632163,2026-09-27T14:12:45+00:00,https://www.leckerschmecker.me/huettenkaese-lauch-auflauf-a-a-kalten/63743511632163,Ofenglück an kalten Tagen zum Wohlfühlen,2026-09-27,2026-09-29,3,3
63743511489637,2026-09-27T14:12:46+00:00,https://www.leckerschmecker.me/mexikanischer-bohneneintopf-frijoles-a-a-mexiko/63743511489637,Frijoles: würziger Bohneneintopf aus Mexiko,2026-09-27,2026-09-29,3,2
63743511764845,2026-09-27T14:33:00+00:00,https://www.leckerschmecker.me/one-pot-haehnchen-couscous/63743511764845,Einfaches One-Pot-Gericht mit Hähnchen und Couscous,2026-09-27,2026-09-28,2,1
63743511482230,2026-09-27T14:47:29+00:00,https://www.leckerschmecker.me/guinness-eintopf-mit-rind-a-b-bier/63743511482230,Hol dir den Herbst auf den Teller: mit Guinness-Eintopf,2026-09-27,2026-09-29,3,3
63743511765879,2026-09-27T15:31:00+00:00,https://www.leckerschmecker.me/lauch-tarte-tatin/63743511765879,Lauch-Tarte-Tatin mit Ziegenkäse dreht den herzhaften Kuchen einfach um,2026-09-27,2026-09-28,2,1
63743511764583,2026-09-27T16:03:00+00:00,https://www.leckerschmecker.me/kartoffel-zwiebel-schmarrn/63743511764583,"Kartoffel-Zwiebel-Schmarrn: das vegane Pfannengericht, das dich warmhält",2026-09-27,2026-09-28,2,1
63743511419119,2026-09-27T16:40:45+00:00,https://www.leckerschmecker.me/napoleon-schnitten-a-b/63743511419119,Kuchen: So einfach machst du Napoleon-Schnitten mit Blätterteig,2026-09-27,2026-09-29,3,1
63743511765261,2026-09-27T17:27:00+00:00,https://www.leckerschmecker.me/schupfnudeln-mit-kuerbismarmelade/63743511765261,Nudeln mit Marmelade? Lass dich von einer herzhaft-süßen Zubereitung verzaubern,2026-09-27,2026-09-28,2,1
63743511765119,2026-09-27T18:31:00+00:00,https://www.leckerschmecker.me/kaspressknoedel-mit-kuerbis/63743511765119,Kaspressknödel mit Kürbis sind ein herbstliches Pfannengericht aus den Alpen,2026-09-27,2026-09-28,2,1
63743511729101,2026-09-27T19:09:00+00:00,https://www.leckerschmecker.me/sanddorn-fizz/63743511729101,Prickelnder Drink für sonnige Herbsttage: alkoholfreier Sanddorn-Fizz,2026-09-28,2026-09-28,1,1
63743511676012,2026-09-28T04:05:45+00:00,https://www.leckerschmecker.me/brezel-pizza-airfryer-a-a-lauge/63743511676012,Aus Lauge wird Liebe: Brezel-Pizza aus dem Airfryer,2026-09-28,2026-09-28,1,2
63743511714951,2026-09-28T04:05:47+00:00,https://www.leckerschmecker.me/apfel-pommes-airfryer-a-a-kuchen/63743511714951,Apfel-Pommes statt Kuchen: einfaches Rezept für Naschkatzen,2026-09-28,2026-09-29,2,2
63743511764490,2026-09-28T05:02:00+00:00,https://www.leckerschmecker.me/apfel-zimt-french-toast-auflauf/63743511764490,Hier kommt dein neues Lieblingsfrühstück aus dem Ofen,2026-09-28,2026-09-29,2,1
63743511764579,2026-09-28T05:25:38+00:00,https://www.leckerschmecker.me/pulled-potatoes-mit-kimchi-karotten-knusprige/63743511764579,"Knusprige Kartoffeln, scharfes Kimchi: Dieses Ofengericht musst du probieren",2026-09-28,2026-09-29,2,2
63743511764946,2026-09-28T05:25:39+00:00,https://www.leckerschmecker.me/marry-me-chicken-suppe-liegt/63743511764946,Bei dieser Marry-Me-Chicken-Suppe liegt Liebe in der Luft (und Brühe),2026-09-28,2026-09-29,2,2
63743511764600,2026-09-28T05:25:40+00:00,https://www.leckerschmecker.me/egusi-suppe-westafrikanische/63743511764600,Westafrikanische Egusi-Suppe – ein Eintopf mit Seele und Geschichte,2026-09-28,2026-09-29,2,2
63743511764676,2026-09-28T05:25:42+00:00,https://www.leckerschmecker.me/hagebuttentee-tee/63743511764676,Mit diesem Tee vertreibst du deine nächste Erkältung,2026-09-28,2026-09-29,2,2
63743511764528,2026-09-28T05:25:43+00:00,https://www.leckerschmecker.me/marmeladen-croissants-mit-haselnuessen-einfach/63743511764528,Einfach aufrollen und genießen: Blitz-Croissants mit Marmelade und Haselnüssen,2026-09-28,2026-09-29,2,2
63743511763806,2026-09-28T05:38:53+00:00,https://www.leckerschmecker.me/kuerbis-mascarpone-trifle-a-a/63743511763806,Kürbis kann auch Dessert,2026-09-28,2026-09-29,2,3
63743511765363,2026-09-28T05:43:00+00:00,https://www.leckerschmecker.me/birnen-kuerbis-marmelade/63743511765363,Birnen-Kürbis-Marmelade versüßt dir jeden grauen Herbstmorgen,2026-09-28,2026-09-28,1,1
63743511764304,2026-09-28T06:09:42+00:00,https://www.leckerschmecker.me/brioche-grilled-cheese-ruehrei/63743511764304,Brioche-Grilled-Cheese mit Rührei macht Frühstück besonders käsig,2026-09-28,2026-09-29,2,2
63743511764638,2026-09-28T06:09:42+00:00,https://www.leckerschmecker.me/kuerbis-cheesecake-pralinen-kuesst/63743511764638,Kürbis küsst Schokolade: Pralinen für gemütliche Tage,2026-09-28,2026-09-29,2,2
63743511765260,2026-09-28T06:36:00+00:00,https://www.leckerschmecker.me/rote-bete-walnuss-aufstrich/63743511765260,Nuss das denn sein? Ja – Rote-Bete-Walnuss-Aufstrich muss sein,2026-09-28,2026-09-28,1,1
63743511763793,2026-09-28T06:47:50+00:00,https://www.leckerschmecker.me/kuerbis-haehnchen-curry-september/63743511763793,Endlich wieder Kürbiszeit,2026-09-28,2026-09-29,2,4
63743511608255,2026-09-28T06:47:51+00:00,https://www.leckerschmecker.me/apfel-marzipan-marmelade-a-a-fruehstueckshighlight/63743511608255,Frühstückshighlight: Apfel-Marzipan-Marmelade,2026-09-28,2026-09-28,1,2
63743511276037,2026-09-28T07:14:20+00:00,https://www.leckerschmecker.me/apfelstrudel-porridge-a-b/63743511276037,Frühstücksgenuss mit Zimt: Apfelstrudel-Porridge,2026-09-28,2026-09-29,2,1
63743511765235,2026-09-28T07:21:00+00:00,https://www.leckerschmecker.me/thueringer-rostbratwurst-sandwich/63743511765235,"Deftig, knusprig, unwiderstehlich: So gelingt das perfekte Bratwurst-Sandwich",2026-09-28,2026-09-29,2,1
63743511500124,2026-09-28T07:37:39+00:00,https://www.leckerschmecker.me/spaghetti-mit-lauch-sahnesosse-a-a-frisch/63743511500124,"Spaghetti mit Lauch-Sahnesoße: cremig, lecker und mit feiner Zitronennote",2026-09-28,2026-09-29,2,3
63743511675157,2026-09-28T07:37:39+00:00,https://www.leckerschmecker.me/kartoffel-kohlrabi-gratin-a-c-ueberzeugt/63743511675157,"Ein Gratin, ein Königreich für ein Gratin",2026-09-28,2026-09-29,2,5
63743511494153,2026-09-28T08:06:31+00:00,https://www.leckerschmecker.me/rahmgulasch-a-c-fuer/63743511494153,Rahmgulasch: perfekt für Liebhaber cremiger Soßen,2026-09-28,2026-09-29,2,3
63743511655074,2026-09-28T08:06:32+00:00,https://www.leckerschmecker.me/kohlrabi-kartoffel-eintopf-a-a-fans/63743511655074,Kohlrabi-Kartoffel-Eintopf: ein Highlight für Kohlrabi-Fans,2026-09-28,2026-09-29,2,4
63743511766165,2026-09-28T08:14:00+00:00,https://www.leckerschmecker.me/tiramisu-brownies/63743511766165,Hier kommt ein cremig-schokoladiger Traum für Naschkatzen,2026-09-28,2026-09-28,1,1
63743511648090,2026-09-28T08:50:31+00:00,https://www.leckerschmecker.me/haselnuss-schokoladenkuchen-a-a-tafel/63743511648090,Besser als jede Tafel Nussschokolade: Backe einen Haselnuss-Schokoladenkuchen,2026-09-28,2026-09-29,2,2
63743511763949,2026-09-28T08:50:32+00:00,https://www.leckerschmecker.me/bier-pickles-neues/63743511763949,Entdecke dein neues Lieblingsrezept für eingelegte Gurken,2026-09-28,2026-09-29,2,3
63743511765220,2026-09-28T09:29:00+00:00,https://www.leckerschmecker.me/ueberbackene-kuerbis-zwiebelsuppe/63743511765220,Überbackene Kürbis-Zwiebelsuppe: der wärmste Start in den Herbst,2026-09-28,2026-09-28,1,1
63743511525852,2026-09-28T09:37:59+00:00,https://www.leckerschmecker.me/kohlrabi-stampf-a-b/63743511525852,Cremig und würzig: Probiere Kohlrabi-Kartoffel-Stampf mit Parmesan,2026-09-28,2026-09-29,2,1
63743511326426,2026-09-28T09:41:02+00:00,https://www.leckerschmecker.me/schnelle-asia-nudeln-mit-erdnusssosse-a-d/63743511326426,Asia-Nudeln mit Erdnusssoße: Mittagessen in Rekordzeit,2026-09-28,2026-09-29,2,1
63743511765490,2026-09-28T10:05:00+00:00,https://www.leckerschmecker.me/apfel-joghurt-parfait/63743511765490,Hier kommt ein aromatisches Multitalent im hübschen Look,2026-09-28,2026-09-28,1,1
63743511527941,2026-09-28T10:14:23+00:00,https://www.leckerschmecker.me/kohlrabi-carbonara-a-c/63743511527941,So gut schmeckt eine Carbonara mit Kohlrabi,2026-09-28,2026-09-29,2,1
63743511544050,2026-09-28T10:48:32+00:00,https://www.leckerschmecker.me/zitronen-knoblauch-haehnchen-a-c-gerichte/63743511544050,Zitronen-Knoblauch-Hähnchen hat es in sich,2026-09-28,2026-09-29,2,2
63743511490377,2026-09-28T10:48:33+00:00,https://www.leckerschmecker.me/zimt-streuselkuchen-vom-blech-a-b-kaffeetafel/63743511490377,Für die Kaffeetafel: Backe einen Zimt-Streuselkuchen vom Blech,2026-09-28,2026-09-29,2,3
63743511765169,2026-09-28T11:21:00+00:00,https://www.leckerschmecker.me/brezelauflauf-aus-dem-airfryer/63743511765169,Alte Brezeln übrig? Dieser käsige Airfryer-Auflauf rettet dein Abendessen,2026-09-28,2026-09-28,1,1
63743511719038,2026-09-28T11:22:29+00:00,https://www.leckerschmecker.me/xuxos-de-crema-a-a/63743511719038,Xuxos de Crema: spanisches Frühstücksgebäck mit Creme,2026-09-28,2026-09-30,3,1
63743511538935,2026-09-28T11:23:34+00:00,https://www.leckerschmecker.me/kohlrabi-nuggets-a-d-lecker/63743511538935,So lecker schmecken Kohlrabi-Nuggets mit Zitronen-Dip,2026-09-28,2026-09-30,3,2
63743511724682,2026-09-28T11:25:40+00:00,https://www.leckerschmecker.me/airfryer-hasselback-zucchini-a-a/63743511724682,Diese Airfryer-Hasselback-Zucchini mit Schinken-Käse-Füllung musst du probieren,2026-09-28,2026-09-30,3,6
63743511410928,2026-09-28T11:26:40+00:00,https://www.leckerschmecker.me/gemueselasagne-mit-kohlrabi-a-e/63743511410928,Diese Gemüselasagne mit Kohlrabi schmeckt unwiderstehlich,2026-09-28,2026-09-30,3,1
63743511495150,2026-09-28T11:39:25+00:00,https://www.leckerschmecker.me/laugenknoedel-a-b/63743511495150,Köstliche Laugenknödel: So hast du Laugengebäck noch nie weiterverarbeitet,2026-09-28,2026-09-30,3,1
63743511623055,2026-09-28T11:41:06+00:00,https://www.leckerschmecker.me/apfelcrumble-kuchen-a-a/63743511623055,Verbinde das beste aus zwei Welten und erschaffe eine Köstlichkeit,2026-09-28,2026-09-30,3,1
63743511724384,2026-09-28T11:41:28+00:00,https://www.leckerschmecker.me/veganer-semmelknoedel-gugelhupf-a-a/63743511724384,Dieser vegane Semmelknödel-Gugelhupf gelingt garantiert,2026-09-28,2026-09-29,2,3
63743511392909,2026-09-28T12:32:34+00:00,https://www.leckerschmecker.me/apfelmuskuchen-mit-pudding-a-v/63743511392909,"Apfelmuskuchen mit Pudding und Blätterteig ist der beste Apfelkuchen, den es gibt",2026-09-28,2026-09-30,3,1
63743511237023,2026-09-28T12:34:09+00:00,https://www.leckerschmecker.me/kartoffelauflauf-a-d/63743511237023,Kartoffelauflauf aus der Kastenform: herzhaft-lecker,2026-09-28,2026-09-30,3,1
63743511524193,2026-09-28T12:37:39+00:00,https://www.leckerschmecker.me/one-pot-pasta-mit-thunfisch-a-c/63743511524193,One-Pot-Pasta mit Thunfisch: die Rettung an stressigen Tagen,2026-09-28,2026-09-30,3,1
63743511470042,2026-09-28T12:40:43+00:00,https://www.leckerschmecker.me/apfelmuffins-aus-der-heissluftfritteuse-a-e/63743511470042,Apfelmuffins aus der Heißluftfritteuse: einfach und lecker,2026-09-28,2026-09-30,3,1
63743511594649,2026-09-28T12:42:05+00:00,https://www.leckerschmecker.me/gestuerzter-apfel-kuerbis-kuchen-a-a/63743511594649,Kürbis trifft Apfel: So einfach war fancy Backen noch nie,2026-09-28,2026-09-30,3,1
63743511468662,2026-09-28T12:44:38+00:00,https://www.leckerschmecker.me/rettichsalat-mit-apfel-und-moehren-a-a/63743511468662,Frischer Rettichsalat mit Apfel und Möhren: gesunder Sattmacher,2026-09-28,2026-09-30,3,1
63743511652673,2026-09-28T12:45:12+00:00,https://www.leckerschmecker.me/apfel-karotten-salat-mit-knusper-haenchen-a-a/63743511652673,"Power-Salat: Karotte, Apfel &amp; Knusper-Hähnchen",2026-09-28,2026-09-29,2,1
63743511729101,2026-09-28T13:29:32+00:00,https://www.leckerschmecker.me/sanddorn-fizz-prickelnder/63743511729101,Prickelnder Drink für sonnige Herbsttage: alkoholfreier Sanddorn-Fizz,2026-09-29,2026-09-30,2,2
63743511765261,2026-09-28T13:29:33+00:00,https://www.leckerschmecker.me/schupfnudeln-mit-kuerbismarmelade-nudeln/63743511765261,Nudeln mit Marmelade? Lass dich von einer herzhaft-süßen Zubereitung verzaubern,2026-09-29,2026-09-30,2,2
63743511765879,2026-09-28T13:29:34+00:00,https://www.leckerschmecker.me/lauch-tarte-tatin-ziegenkaese/63743511765879,Lauch-Tarte-Tatin mit Ziegenkäse dreht den herzhaften Kuchen einfach um,2026-09-29,2026-09-30,2,2
63743511764845,2026-09-28T13:29:35+00:00,https://www.leckerschmecker.me/one-pot-haehnchen-couscous-einfaches/63743511764845,Einfaches One-Pot-Gericht mit Hähnchen und Couscous,2026-09-29,2026-09-30,2,2
63743511765122,2026-09-28T13:29:36+00:00,https://www.leckerschmecker.me/airfryer-zwiebelkuchen-rolls-bringen/63743511765122,Airfryer-Zwiebelkuchen-Rolls bringen Zwiebelkuchen in Schneckenform,2026-09-29,2026-09-30,2,2
63743511431693,2026-09-28T13:56:22+00:00,https://www.leckerschmecker.me/apfel-karamell-cheesecake-im-glas-a-e/63743511431693,Serviere diesen Apfel-Karamell-Cheesecake im Glas zu Ostern,2026-09-29,2026-09-30,2,1
63743511591352,2026-09-28T14:08:39+00:00,https://www.leckerschmecker.me/apfel-bienenstich-a-d-kuchenklassiker/63743511591352,Auch Kuchenklassiker müssen sich manchmal neu erfinden,2026-09-29,2026-09-30,2,2
63743511749443,2026-09-28T14:43:00+00:00,https://www.leckerschmecker.me/schwarzer-knoblauch-schokoladen-cookies/63743511749443,Süß und salzig auf dem nächsten Level: Schwarzer-Knoblauch-Schokoladen-Cookies,2026-09-29,2026-09-29,1,1
63743511764482,2026-09-28T14:53:34+00:00,https://www.leckerschmecker.me/kohlrabi-hackfleisch-pfanne-mit-kartoffeln-beste/63743511764482,"Kohlrabi-Hackfleisch-Pfanne mit Kartoffeln: das beste Gericht, wenn es schnell gehen soll",2026-09-29,2026-09-30,2,2
63743511765640,2026-09-28T15:24:00+00:00,https://www.leckerschmecker.me/polnischer-kohlrabi-eintopf/63743511765640,Mit diesem polnischen Kohlrabi-Eintopf wird das Gemüse zum Wohlfühlgericht,2026-09-29,2026-09-30,2,1
63743511766784,2026-09-28T16:02:00+00:00,https://www.leckerschmecker.me/tofu-soba-nudeln/63743511766784,Tofu Soba Nudeln: cremige Nudelschüssel in gut 20 Minuten,2026-09-29,2026-09-29,1,1
63743511498429,2026-09-28T16:45:52+00:00,https://www.leckerschmecker.me/pasta-frittata-a-c/63743511498429,Zu viele Nudeln gekocht? Mach Pasta-Frittata daraus!,2026-09-29,2026-09-30,2,1
63743511765895,2026-09-28T17:18:00+00:00,https://www.leckerschmecker.me/trauben-quiche/63743511765895,Warum Weintrauben und Käse auch in einer Quiche perfekt zusammenpassen,2026-09-29,2026-09-29,1,1
63743511766229,2026-09-28T18:41:00+00:00,https://www.leckerschmecker.me/sojageschnetzeltes-mit-pilzrahmsosse/63743511766229,Feierabendküche zum Wohlfühlen: cremiges Sojageschnetzeltes mit Champignons,2026-09-29,2026-09-29,1,1
63743511765152,2026-09-28T19:09:00+00:00,https://www.leckerschmecker.me/apfel-karamell-martini/63743511765152,"Süß, spritzig, unwiderstehlich: So einfach gelingt der Apfel-Karamell-Martini",2026-09-29,2026-09-30,2,1
63743511765500,2026-09-29T04:59:00+00:00,https://www.leckerschmecker.me/schweizer-buerli-ohne-kneten/63743511765500,"Knusprig, fluffig, besser als vom Bäcker: Schweizer Bürli",2026-09-29,2026-09-30,2,1
63743511765169,2026-09-29T05:37:44+00:00,https://www.leckerschmecker.me/brezelauflauf-aus-dem-airfryer-alte/63743511765169,Alte Brezeln übrig? Dieser käsige Airfryer-Auflauf rettet dein Abendessen,2026-09-29,2026-09-30,2,2
63743511765490,2026-09-29T05:37:45+00:00,https://www.leckerschmecker.me/apfel-joghurt-parfait-aromatisches/63743511765490,Hier kommt ein aromatisches Multitalent im hübschen Look,2026-09-29,2026-09-30,2,2
63743511765220,2026-09-29T05:37:46+00:00,https://www.leckerschmecker.me/ueberbackene-kuerbis-zwiebelsuppe-berbackene/63743511765220,Überbackene Kürbis-Zwiebelsuppe: der wärmste Start in den Herbst,2026-09-29,2026-09-30,2,2
63743511765260,2026-09-29T05:37:46+00:00,https://www.leckerschmecker.me/rote-bete-walnuss-aufstrich-nuss/63743511765260,Nuss das denn sein? Ja – Rote-Bete-Walnuss-Aufstrich muss sein,2026-09-29,2026-09-30,2,2
63743511765363,2026-09-29T05:37:48+00:00,https://www.leckerschmecker.me/birnen-kuerbis-marmelade-versuesst/63743511765363,Birnen-Kürbis-Marmelade versüßt dir jeden grauen Herbstmorgen,2026-09-29,2026-09-30,2,2
63743511766328,2026-09-29T05:38:00+00:00,https://www.leckerschmecker.me/grilled-cheese-sandwich-mit-stampfkartoffeln/63743511766328,Kartoffeln verwandeln dein Grilled-Cheese-Sandwich in eine Hauptmahlzeit,2026-09-29,2026-09-29,1,1
63743511584093,2026-09-29T05:53:16+00:00,https://www.leckerschmecker.me/zwetschgenroester-originalrezept-a-b/63743511584093,Österreichs fruchtiger Klassiker: Originalrezept für Zwetschgenröster,2026-09-29,2026-09-30,2,1
63743511586108,2026-09-29T05:56:15+00:00,https://www.leckerschmecker.me/apfel-brombeer-marmelade-a-b/63743511586108,Wie Herbstsonne im Glas: Apfel-Brombeer-Marmelade macht gute Laune,2026-09-29,2026-09-30,2,1
63743511405442,2026-09-29T06:01:13+00:00,https://www.leckerschmecker.me/florentiner-apfelkuchen-a-j/63743511405442,Florentiner Apfelkuchen überzeugt mit knusprigem Mandelbelag,2026-09-29,2026-09-30,2,1
63743511504284,2026-09-29T06:06:44+00:00,https://www.leckerschmecker.me/ueberbackene-pfannkuchen-a-b/63743511504284,Leckere Frühstücksidee: überbackene Pfannkuchen,2026-09-29,2026-09-30,2,1
63743511766383,2026-09-29T06:37:00+00:00,https://www.leckerschmecker.me/kuerbis-bananenbrot/63743511766383,Dieses Brot schmeckt kürbissüß und bananastisch,2026-09-29,2026-09-29,1,1
63743511557027,2026-09-29T06:39:45+00:00,https://www.leckerschmecker.me/burrata-toasts-mit-apfel-und-honig-a-a/63743511557027,Frühstück für Genießer: Burrata-Toasts mit Apfel und Honig,2026-09-29,2026-09-30,2,1
63743511608255,2026-09-29T06:48:43+00:00,https://www.leckerschmecker.me/apfel-marzipan-marmelade-a-a-perfekt/63743511608255,Frühstückshighlight: Apfel-Marzipan-Marmelade,2026-09-29,2026-09-30,2,3
63743511764583,2026-09-29T06:48:44+00:00,https://www.leckerschmecker.me/kartoffel-zwiebel-schmarrn-vegane/63743511764583,"Kartoffel-Zwiebel-Schmarrn: das vegane Pfannengericht, das dich warmhält",2026-09-29,2026-09-30,2,2
63743511765170,2026-09-29T07:13:00+00:00,https://www.leckerschmecker.me/chinesische-rettich-pfannkuchen/63743511765170,Ein Multitalent für jede Situation? Mit diesen Pfannkuchen bist du gut gewappnet,2026-09-29,2026-09-29,1,1
63743511560131,2026-09-29T07:34:41+00:00,https://www.leckerschmecker.me/zucchinischnitten-mit-ei-und-bacon-a-c-meal/63743511560131,Zucchinischnitten: Meal-Prep-Idee zum Mittagessen,2026-09-29,2026-09-30,2,2
63743511705563,2026-09-29T07:34:42+00:00,https://www.leckerschmecker.me/napoleon-dessert-im-glas-a-a-suesse/63743511705563,Napoleon-Dessert im Glas: Eine süße Krönung für jeden Anlass,2026-09-29,2026-09-30,2,2
63743511764024,2026-09-29T07:34:43+00:00,https://www.leckerschmecker.me/apfel-mousse-einfach/63743511764024,Apfel-Mousse im Glas: So einfach wird aus Äpfeln ein Traumdessert,2026-09-29,2026-09-30,2,3
63743511654185,2026-09-29T07:34:44+00:00,https://www.leckerschmecker.me/kohlrabi-schnitzel-airfryer-a-a-genial/63743511654185,Kohlrabi-Schnitzel aus dem Airfryer: So genial lecker kann Gemüse schmecken,2026-09-29,2026-09-30,2,2
63743511764134,2026-09-29T08:08:36+00:00,https://www.leckerschmecker.me/haehnchen-lauch-gratin-soo/63743511764134,"Hähnchen, Lauch und ganz viel Liebe: Dieses Gratin ist soo lecker",2026-09-29,2026-09-30,2,3
63743511765919,2026-09-29T08:31:00+00:00,https://www.leckerschmecker.me/apfel-mohn-quarkknoedel/63743511765919,Diese Apfel-Mohn-Quarkknödel schmecken wie kleiner Kuchen aus dem Kochtopf,2026-09-29,2026-09-29,1,1
63743511584990,2026-09-29T08:31:05+00:00,https://www.leckerschmecker.me/birnen-marzipan-marmelade-a-a/63743511584990,Wenn Birne auf Marzipan trifft: Marmeladenglück pur,2026-09-29,2026-09-30,2,1
63743511766165,2026-09-29T08:40:31+00:00,https://www.leckerschmecker.me/tiramisu-brownies-cremig/63743511766165,Hier kommt ein cremig-schokoladiger Traum für Naschkatzen,2026-09-29,2026-09-30,2,2
63743511676012,2026-09-29T08:40:33+00:00,https://www.leckerschmecker.me/brezel-pizza-airfryer-a-a-liebe/63743511676012,Aus Lauge wird Liebe: Brezel-Pizza aus dem Airfryer,2026-09-29,2026-09-30,2,3
63743511452851,2026-09-29T09:15:17+00:00,https://www.leckerschmecker.me/golabki-polnische-kohlrouladen-a-e/63743511452851,Polnische Kohlrouladen schmecken allen am Tisch,2026-09-29,2026-09-30,2,2
63743511765312,2026-09-29T09:27:00+00:00,https://www.leckerschmecker.me/schoko-bananen-flammkuchen/63743511765312,Dieser Schoko-Bananen-Flammkuchen macht jedes Dessert überflüssig,2026-09-29,2026-09-29,1,1
63743511500378,2026-09-29T09:53:58+00:00,https://www.leckerschmecker.me/schmand-apfelkuchen-ohne-mehl-a-b/63743511500378,"Saftig, knusprig und ganz ohne Mehl: Schmand-Apfelkuchen",2026-09-29,2026-09-30,2,1
63743511766273,2026-09-29T10:03:00+00:00,https://www.leckerschmecker.me/gnocchi-gulasch/63743511766273,"Gnocchi-Gulasch: Das Beste, was die Herbstküche zu bieten hat",2026-09-29,2026-09-30,2,1
63743511652708,2026-09-29T10:45:05+00:00,https://www.leckerschmecker.me/apfel-zimt-nusskuchen-a-a/63743511652708,Apfel-Zimt-Nusskuchen: Schlemmen im Herbst,2026-09-29,2026-09-29,1,1
63743511649197,2026-09-29T10:47:02+00:00,https://www.leckerschmecker.me/reisbaellchen-aus-dem-airfryer-a-a/63743511649197,Reisbällchen aus dem Airfryer: knusprig und schnell vernascht,2026-09-29,2026-09-29,1,1
63743511765119,2026-09-29T10:51:34+00:00,https://www.leckerschmecker.me/kaspressknoedel-mit-kuerbis-herbstliches/63743511765119,Kaspressknödel mit Kürbis sind ein herbstliches Pfannengericht aus den Alpen,2026-09-29,2026-09-30,2,2
63743511526059,2026-09-29T10:54:06+00:00,https://www.leckerschmecker.me/apple-crumble-im-glas-a-a/63743511526059,Dein neues Lieblingsdessert im Glas,2026-09-29,2026-09-30,2,1
63743511651129,2026-09-29T11:02:28+00:00,https://www.leckerschmecker.me/arabische-linsensuppe-a-a/63743511651129,Shorbat Adas: köstliches Rezept für arabische Linsensuppe,2026-09-29,2026-09-30,2,1
63743511717640,2026-09-29T11:33:57+00:00,https://www.leckerschmecker.me/schupfnudeln-mit-gemuese-aus-dem-airfryer-a-a/63743511717640,Diese Schupfnudeln mit Gemüse aus dem Airfryer stehen in nur 30 Minuten auf dem Tisch,2026-09-30,2026-10-01,2,1
63743511764734,2026-09-29T11:34:35+00:00,https://www.leckerschmecker.me/ruehrkuchen-mit-pflaumenmus-einfach/63743511764734,Einfach zusammengerührt: dein neuer Lieblingskuchen mit Pflaumenmus,2026-09-30,2026-10-01,2,2
63743511684171,2026-09-29T11:34:36+00:00,https://www.leckerschmecker.me/leberkaesesalat-a-b-einfach/63743511684171,Leberkäsesalat: Feiere Oktoberfest zu Hause,2026-09-30,2026-10-01,2,4
63743511716623,2026-09-29T11:36:03+00:00,https://www.leckerschmecker.me/knoblauch-kartoffeln-airfryer-a-a/63743511716623,Knoblauch-Kartoffeln aus dem Airfryer: So lecker kann ein schneller Salat sein,2026-09-30,2026-10-01,2,1
63743511721255,2026-09-29T11:38:48+00:00,https://www.leckerschmecker.me/zucchini-schinken-roellchen-a-a/63743511721255,Wie kleine Rosen: Zucchini-Schinken-Röllchen,2026-09-30,2026-10-01,2,13
63743511515071,2026-09-29T11:49:58+00:00,https://www.leckerschmecker.me/kartoffeltaschen-frischkaese-spinatfuellung-a-b/63743511515071,Kartoffeltaschen mit Frischkäse-Spinatfüllung: Klassiker ganz leicht selbstgemacht,2026-09-30,2026-10-01,2,1
63743511660594,2026-09-29T12:39:15+00:00,https://www.leckerschmecker.me/apfeltarte-mit-kokosstreuseln-a-a/63743511660594,"Mit Knusper, Mohn und Kokos: der etwas andere Apfelkuchen",2026-09-30,2026-10-01,2,1
63743511444205,2026-09-29T12:50:25+00:00,https://www.leckerschmecker.me/kartoffelsuppe-mit-wuerstchen-a-h/63743511444205,Kartoffelsuppe mit Würstchen ist ein herzhafter Klassiker,2026-09-30,2026-10-01,2,1
63743511227115,2026-09-29T13:04:25+00:00,https://www.leckerschmecker.me/kartoffelpueree-auflauf-a-j/63743511227115,Kartoffelpüree-Auflauf mit Hackfleisch und Mozzarella: zum Verlieben lecker,2026-09-30,2026-10-01,2,1
63743511229581,2026-09-29T13:13:05+00:00,https://www.leckerschmecker.me/ofenkartoffeln-mit-kaese-speck-a-f/63743511229581,Herzhaft gefüllte Ofenkartoffeln mit Käse und Speck,2026-09-30,2026-10-01,2,1
63743511493663,2026-09-29T13:19:48+00:00,https://www.leckerschmecker.me/kartoffel-moehren-stampf-a-b/63743511493663,Kartoffel-Möhren-Stampf: So hat ihn schon Oma gemacht,2026-09-30,2026-10-01,2,1
63743511766229,2026-09-29T13:22:33+00:00,https://www.leckerschmecker.me/sojageschnetzeltes-mit-pilzrahmsosse-feierabendkueche/63743511766229,Feierabendküche zum Wohlfühlen: cremiges Sojageschnetzeltes mit Champignons,2026-09-30,2026-10-01,2,2
63743511765895,2026-09-29T13:22:34+00:00,https://www.leckerschmecker.me/trauben-quiche-weintrauben/63743511765895,Warum Weintrauben und Käse auch in einer Quiche perfekt zusammenpassen,2026-09-30,2026-10-01,2,2
63743511766784,2026-09-29T13:22:35+00:00,https://www.leckerschmecker.me/tofu-soba-nudeln-cremige/63743511766784,Tofu Soba Nudeln: cremige Nudelschüssel in gut 20 Minuten,2026-09-30,2026-10-01,2,2
63743511749443,2026-09-29T13:22:36+00:00,https://www.leckerschmecker.me/schwarzer-knoblauch-schokoladen-cookies-suess/63743511749443,Süß und salzig auf dem nächsten Level: Schwarzer-Knoblauch-Schokoladen-Cookies,2026-09-30,2026-10-01,2,2
63743511582148,2026-09-29T13:48:03+00:00,https://www.leckerschmecker.me/parmesanrinde-verwenden-a-c/63743511582148,"Praktische Zero-Waste-Küche: 7 Ideen, wie du Parmesanrinde in etwas Köstliches verwandelst",2026-09-30,2026-10-01,2,1
63743511486498,2026-09-29T13:50:54+00:00,https://www.leckerschmecker.me/kartoffelstampf-karamellisierte-zwiebeln-speck-a-a/63743511486498,Pure Wohlfühlküche: Kartoffelstampf mit karamellisierten Zwiebeln und Speck,2026-09-30,2026-10-01,2,1
63743511766164,2026-09-29T13:53:00+00:00,https://www.leckerschmecker.me/zitronen-mini-gugel-mit-joghurt/63743511766164,Kuchen im Mini-Format: Diese saftigen Zitronen-Mini-Gugel sind der Hingucker auf jeder Kaffeetafel,2026-09-30,2026-10-01,2,1
63743511485495,2026-09-29T14:10:39+00:00,https://www.leckerschmecker.me/spaetzle-hack-pfanne-mit-lauch-und-kaese-a-f-stressige/63743511485495,"Wenn ein Gericht den Namen Wohlfühlessen verdient, ist es dieses",2026-09-30,2026-10-01,2,4
63743511489637,2026-09-29T14:10:40+00:00,https://www.leckerschmecker.me/mexikanischer-bohneneintopf-frijoles-a-a-lieben/63743511489637,Frijoles: würziger Bohneneintopf aus Mexiko,2026-09-30,2026-10-01,2,3
63743511572048,2026-09-29T14:10:41+00:00,https://www.leckerschmecker.me/schokokuchen-mit-pudding-a-d-backe/63743511572048,Backe noch heute diesen himmlischen Schokokuchen mit Pudding,2026-09-30,2026-10-01,2,2
63743511765222,2026-09-29T14:39:00+00:00,https://www.leckerschmecker.me/pilz-kekse/63743511765222,Pilz-Kekse mit Schokolade: Da greift jeder gern zu,2026-09-30,2026-10-01,2,1
63743511765527,2026-09-29T15:31:00+00:00,https://www.leckerschmecker.me/kohlrabi-kartoffel-roesti-mit-geschnetzeltem/63743511765527,Wohlfühlessen aus der Pfanne: Kartoffel-Kohlrabi-Rösti mit Geschnetzeltem,2026-09-30,2026-09-30,1,1
63743511610628,2026-09-29T15:32:42+00:00,https://www.leckerschmecker.me/kuerbis-feta-orzo-a-a-bauch/63743511610628,Dieses Wohlfühlessen macht Bauch und Seele glücklich,2026-09-30,2026-10-01,2,3
63743511766218,2026-09-29T16:08:00+00:00,https://www.leckerschmecker.me/knusprige-kuerbis-gnocchi-aus-dem-airfryer/63743511766218,Veganer Herbst-Snack im Anmarsch: so gelingen knusprige Kürbis-Gnocchi im Airfryer,2026-09-30,2026-09-30,1,1
63743511764304,2026-09-29T16:42:43+00:00,https://www.leckerschmecker.me/brioche-grilled-cheese-fruehstueck/63743511764304,Brioche-Grilled-Cheese mit Rührei macht Frühstück besonders käsig,2026-09-30,2026-10-01,2,3
63743511765918,2026-09-29T17:12:00+00:00,https://www.leckerschmecker.me/kartoffel-maronen-gulasch/63743511765918,Kartoffel-Maronen-Gulasch ist veganes Herbstessen aus einem Topf,2026-09-30,2026-09-30,1,1
63743511762487,2026-09-29T18:39:00+00:00,https://www.leckerschmecker.me/rettertueten-supermarkt/63743511762487,Schnäppchen oder Fallobst? Rettertüten von beliebten Supermärkten im Test,2026-09-30,2026-09-30,1,1
63743511714951,2026-09-29T18:53:54+00:00,https://www.leckerschmecker.me/apfel-pommes-airfryer-a-a-einfaches/63743511714951,Apfel-Pommes statt Kuchen: einfaches Rezept für Naschkatzen,2026-09-30,2026-10-01,2,3
63743511766301,2026-09-29T19:06:00+00:00,https://www.leckerschmecker.me/brokkoli-huettenkaese-baellchen-airfryer/63743511766301,"Knusprig, käsig, köstlich: Brokkoli-Hüttenkäse-Bällchen aus dem Airfryer",2026-09-30,2026-10-01,2,1
63743511412048,2026-09-29T20:54:24+00:00,https://www.leckerschmecker.me/pfifferlingsgulasch-a-c/63743511412048,Pfifferlingsgulasch mit Knödeln: alpenländisches Wohlfühlgericht,2026-09-30,2026-10-01,2,1
63743511632163,2026-09-30T04:07:59+00:00,https://www.leckerschmecker.me/huettenkaese-lauch-auflauf-a-a-wohlfuehlen/63743511632163,Ofenglück an kalten Tagen zum Wohlfühlen,2026-09-30,2026-10-01,2,4
63743511412472,2026-09-30T05:12:04+00:00,https://www.leckerschmecker.me/pflaumenkuchen-aus-der-kastenform-b-b/63743511412472,Dieser Pflaumenkuchen aus der Kastenform ist blitzschnell zubereitet,2026-09-30,2026-10-01,2,4
63743511766762,2026-09-30T05:33:00+00:00,https://www.leckerschmecker.me/apfel-zimt-smoothie/63743511766762,"Apfel-Zimt-Smoothie: Frühstück für alle, die morgens lieber länger im Bett bleiben",2026-09-30,2026-09-30,1,1
63743511749029,2026-09-30T05:36:50+00:00,https://www.leckerschmecker.me/susser-karibischer-maisbrei-suesser/63743511749029,Süßer karibischer Maisbrei: Darum lieben wir das cremige Porridge,2026-09-30,2026-10-01,2,1
63743511765312,2026-09-30T05:36:51+00:00,https://www.leckerschmecker.me/schoko-bananen-flammkuchen-dessert/63743511765312,Dieser Schoko-Bananen-Flammkuchen macht jedes Dessert überflüssig,2026-09-30,2026-10-01,2,2
63743511765919,2026-09-30T05:36:52+00:00,https://www.leckerschmecker.me/apfel-mohn-quarkknoedel-schmecken/63743511765919,Diese Apfel-Mohn-Quarkknödel schmecken wie kleiner Kuchen aus dem Kochtopf,2026-09-30,2026-10-01,2,2
63743511765170,2026-09-30T05:36:53+00:00,https://www.leckerschmecker.me/chinesische-rettich-pfannkuchen-multitalent/63743511765170,Ein Multitalent für jede Situation? Mit diesen Pfannkuchen bist du gut gewappnet,2026-09-30,2026-10-01,2,2
63743511766328,2026-09-30T05:36:53+00:00,https://www.leckerschmecker.me/grilled-cheese-sandwich-mit-stampfkartoffeln-kartoffeln/63743511766328,Kartoffeln verwandeln dein Grilled-Cheese-Sandwich in eine Hauptmahlzeit,2026-09-30,2026-10-01,2,2
63743511766383,2026-09-30T06:08:48+00:00,https://www.leckerschmecker.me/kuerbis-bananenbrot-brot/63743511766383,Dieses Brot schmeckt kürbissüß und bananastisch,2026-09-30,2026-10-01,2,2
63743511581394,2026-09-30T06:23:37+00:00,https://www.leckerschmecker.me/cheddar-pie-mit-karamellisierten-zwiebeln-a-b/63743511581394,Käse und karamellisierte Zwiebeln machen den besten Pie,2026-09-30,2026-10-01,2,1
63743511766626,2026-09-30T06:33:00+00:00,https://www.leckerschmecker.me/honig-apfel-brie/63743511766626,Diese Kombination hebt Ofenkäsegenuss auf ein neues Level,2026-09-30,2026-09-30,1,1
63743511649197,2026-09-30T06:42:48+00:00,https://www.leckerschmecker.me/reisbaellchen-aus-dem-airfryer-a-a-einfachste/63743511649197,Reisbällchen aus dem Airfryer: knusprig und schnell vernascht,2026-09-30,2026-09-30,1,2
63743511724384,2026-09-30T06:42:49+00:00,https://www.leckerschmecker.me/veganer-semmelknoedel-gugelhupf-a-a-zerfallene/63743511724384,Dieser vegane Semmelknödel-Gugelhupf gelingt garantiert,2026-09-30,2026-10-01,2,4
63743511503776,2026-09-30T07:14:40+00:00,https://www.leckerschmecker.me/lauch-lachs-auflauf-a-b/63743511503776,Ofengericht mit Wumms: Lachs und Lauch in cremiger Soße,2026-09-30,2026-10-01,2,2
63743511767723,2026-09-30T07:17:00+00:00,https://www.leckerschmecker.me/holunderbeeren-balsamico/63743511767723,So lecker ist der Herbst: selbst gemachter Holunderbeeren-Balsamico,2026-09-30,2026-09-30,1,1
63743511648090,2026-09-30T07:38:42+00:00,https://www.leckerschmecker.me/haselnuss-schokoladenkuchen-a-a-nussschokolade/63743511648090,Besser als jede Tafel Nussschokolade: Backe einen Haselnuss-Schokoladenkuchen,2026-09-30,2026-10-01,2,3
63743511764490,2026-09-30T07:38:44+00:00,https://www.leckerschmecker.me/apfel-zimt-french-toast-auflauf-neues/63743511764490,Hier kommt dein neues Lieblingsfrühstück aus dem Ofen,2026-09-30,2026-10-01,2,2
63743511628185,2026-09-30T08:03:25+00:00,https://www.leckerschmecker.me/pilz-zwiebel-omelett-aus-dem-airfryer-a-a/63743511628185,Du willst dein Omelett nie mehr anders genießen,2026-09-30,2026-10-01,2,1
63743511527941,2026-09-30T08:13:34+00:00,https://www.leckerschmecker.me/kohlrabi-carbonara-a-c-lecker/63743511527941,So gut schmeckt eine Carbonara mit Kohlrabi,2026-09-30,2026-10-01,2,2
63743511544050,2026-09-30T08:13:35+00:00,https://www.leckerschmecker.me/zitronen-knoblauch-haehnchen-a-c-mode/63743511544050,Zitronen-Knoblauch-Hähnchen hat es in sich,2026-09-30,2026-10-01,2,3
63743511748232,2026-09-30T08:17:00+00:00,https://www.leckerschmecker.me/vegane-crab-cakes/63743511748232,Vegane Crab Cakes: So holst du dir den Küstengeschmack ganz pflanzlich nach Hause,2026-09-30,2026-09-30,1,1
63743511486295,2026-09-30T08:24:35+00:00,https://www.leckerschmecker.me/spaetzlepfanne-schinken-pilze-a-c/63743511486295,Koche eine schnelle Spätzlepfanne mit Schinken und Pilzen,2026-09-30,2026-10-01,2,1
63743511652708,2026-09-30T08:53:33+00:00,https://www.leckerschmecker.me/apfel-zimt-nusskuchen-a-a-schneller/63743511652708,Apfel-Zimt-Nusskuchen: Schlemmen im Herbst,2026-09-30,2026-10-01,2,2
63743511652673,2026-09-30T08:53:34+00:00,https://www.leckerschmecker.me/apfel-karotten-salat-mit-knusper-haenchen-a-a-power/63743511652673,"Power-Salat: Karotte, Apfel &amp; Knusper-Hähnchen",2026-09-30,2026-10-01,2,2
63743511766246,2026-09-30T09:24:00+00:00,https://www.leckerschmecker.me/kohlrabi-muffins/63743511766246,So lecker kann Gemüse sein: saftige Kohlrabi-Muffins mit Feta,2026-09-30,2026-09-30,1,1
63743511485696,2026-09-30T09:34:07+00:00,https://www.leckerschmecker.me/gedeckter-apfelkuchen-vom-blech-a-b/63743511485696,Immer eine gute Idee: gedeckter Apfelkuchen vom Blech,2026-09-30,2026-10-01,2,1
63743511640595,2026-09-30T09:39:49+00:00,https://www.leckerschmecker.me/apfel-kaesekuchen-vom-blech-a-b/63743511640595,Hochgenuss für echte Kuchenfans: Apfel-Käsekuchen vom Blech,2026-09-30,2026-10-01,2,1
63743511766920,2026-09-30T10:09:00+00:00,https://www.leckerschmecker.me/blaetterteig-pilze/63743511766920,Hier kommt das perfekte Fingerfood für Pilzfans,2026-09-30,2026-09-30,1,1
63743511766142,2026-09-30T11:27:00+00:00,https://www.leckerschmecker.me/apfel-mandel-muffins/63743511766142,Süße Muffins mit Knusper-Kruste,2026-10-01,2026-10-02,2,1
63743511468662,2026-09-30T11:31:36+00:00,https://www.leckerschmecker.me/rettichsalat-mit-apfel-und-moehren-a-a-frischer/63743511468662,Frischer Rettichsalat mit Apfel und Möhren: gesunder Sattmacher,2026-10-01,2026-10-02,2,2
63743511623055,2026-09-30T11:31:37+00:00,https://www.leckerschmecker.me/apfelcrumble-kuchen-a-a-verbinde/63743511623055,Verbinde das beste aus zwei Welten und erschaffe eine Köstlichkeit,2026-10-01,2026-10-02,2,2
63743511419100,2026-09-30T11:35:31+00:00,https://www.leckerschmecker.me/kaffeebohnenkekse-a-l/63743511419100,Kaffeebohnenkekse mit Kakao: unbedingt probieren,2026-10-01,2026-10-02,2,1
63743511497572,2026-09-30T11:50:01+00:00,https://www.leckerschmecker.me/kichererbsen-cookies-a-c/63743511497572,Von diesen Kichererbsen-Cookies kannst du nicht genug naschen,2026-10-01,2026-10-02,2,1
63743511601590,2026-09-30T11:55:28+00:00,https://www.leckerschmecker.me/pilz-maronen-ragout-a-a/63743511601590,"Cremig, nussig, wärmend: das perfekte Herbstgericht",2026-10-01,2026-10-02,2,1
63743511649825,2026-09-30T11:56:44+00:00,https://www.leckerschmecker.me/karottensuppe-a-a/63743511649825,Suppen-Revolution: Es gibt Karottensuppe mit knusprigem Stroh,2026-10-01,2026-10-02,2,1
63743511720751,2026-09-30T12:08:59+00:00,https://www.leckerschmecker.me/gefuellte-kartoffeln-mit-meeresfruechten-a-a/63743511720751,"Garnelen, Muscheln und Käse: So wird deine Ofenkartoffel zum Star auf dem Teller",2026-10-01,2026-10-02,2,1
63743511714723,2026-09-30T12:12:11+00:00,https://www.leckerschmecker.me/krabbensalat-mit-gurken-a-b/63743511714723,Dieser Krabbensalat mit Gurken ist leicht und lecker,2026-10-01,2026-10-02,2,2
63743511716271,2026-09-30T12:14:04+00:00,https://www.leckerschmecker.me/erdbeer-kefir-a-b/63743511716271,"Fruchtig, leicht und unkompliziert: Erdbeer-Kefir zum Frühstück",2026-10-01,2026-10-02,2,3
63743511762487,2026-09-30T13:19:36+00:00,https://www.leckerschmecker.me/rettertueten-supermarkt-schnaeppchen/63743511762487,Schnäppchen oder Fallobst? Rettertüten von beliebten Supermärkten im Test,2026-10-01,2026-10-02,2,2
63743511765527,2026-09-30T13:19:37+00:00,https://www.leckerschmecker.me/kohlrabi-kartoffel-roesti-mit-geschnetzeltem-wohlfuehlessen/63743511765527,Wohlfühlessen aus der Pfanne: Kartoffel-Kohlrabi-Rösti mit Geschnetzeltem,2026-10-01,2026-10-02,2,2
63743511766218,2026-09-30T13:19:37+00:00,https://www.leckerschmecker.me/knusprige-kuerbis-gnocchi-aus-dem-airfryer-veganer/63743511766218,Veganer Herbst-Snack im Anmarsch: so gelingen knusprige Kürbis-Gnocchi im Airfryer,2026-10-01,2026-10-02,2,2
63743511749228,2026-09-30T13:58:00+00:00,https://www.leckerschmecker.me/kuerbis-pekanuss-pie-vom-blech/63743511749228,Kürbis-Pekannuss-Pie vom Blech: Dafür kannst du dich echt erwärmen!,2026-10-01,2026-10-01,1,1
63743511498429,2026-09-30T14:16:49+00:00,https://www.leckerschmecker.me/pasta-frittata-a-c-nudeln/63743511498429,Zu viele Nudeln gekocht? Mach Pasta-Frittata daraus!,2026-10-01,2026-10-02,2,2
63743511765640,2026-09-30T14:16:50+00:00,https://www.leckerschmecker.me/polnischer-kohlrabi-eintopf-polnischen/63743511765640,Mit diesem polnischen Kohlrabi-Eintopf wird das Gemüse zum Wohlfühlgericht,2026-10-01,2026-10-01,1,2
63743511591352,2026-09-30T14:16:51+00:00,https://www.leckerschmecker.me/apfel-bienenstich-a-d-muessen/63743511591352,Auch Kuchenklassiker müssen sich manchmal neu erfinden,2026-10-01,2026-10-02,2,3
63743511764482,2026-09-30T14:16:51+00:00,https://www.leckerschmecker.me/kohlrabi-hackfleisch-pfanne-mit-kartoffeln-gericht/63743511764482,"Kohlrabi-Hackfleisch-Pfanne mit Kartoffeln: das beste Gericht, wenn es schnell gehen soll",2026-10-01,2026-10-02,2,3
63743511470042,2026-09-30T14:16:52+00:00,https://www.leckerschmecker.me/apfelmuffins-aus-der-heissluftfritteuse-a-e-schnell/63743511470042,Apfelmuffins aus der Heißluftfritteuse: einfach und lecker,2026-10-01,2026-10-02,2,2
63743511766845,2026-09-30T14:41:00+00:00,https://www.leckerschmecker.me/chocolate-chip-cookies/63743511766845,"Bakery Style Chocolate Chip Cookies: dick, weich und richtig groß",2026-10-01,2026-10-01,1,1
63743511767995,2026-09-30T15:31:00+00:00,https://www.leckerschmecker.me/deal-der-woche-severin-duo-waffeleisen/63743511767995,Dieses praktische Doppel-Waffeleisen findest du bei Amazon gerade um 41 Prozent reduziert,2026-10-01,2026-10-02,2,1
63743511765918,2026-09-30T16:07:47+00:00,https://www.leckerschmecker.me/kartoffel-maronen-gulasch-veganes/63743511765918,Kartoffel-Maronen-Gulasch ist veganes Herbstessen aus einem Topf,2026-10-01,2026-10-02,2,2
63743511767403,2026-09-30T16:13:00+00:00,https://www.leckerschmecker.me/geroesteter-miso-rettich/63743511767403,Diese Zubereitung lässt Rettich zum neuen Star auf dem Tisch werden,2026-10-01,2026-10-01,1,1
63743511572698,2026-09-30T17:16:57+00:00,https://www.leckerschmecker.me/parmesan-pilzsuppe-a-b/63743511572698,Parmesan und Pilze: Kann es ein köstlicheres Duo geben?,2026-10-01,2026-10-02,2,1
63743511767401,2026-09-30T17:17:00+00:00,https://www.leckerschmecker.me/surimi-croissants-airfryer/63743511767401,Surimi im Blätterteig: So einfach gelingt das raffinierte Fingerfood,2026-10-01,2026-10-01,1,1
63743511469537,2026-09-30T17:20:17+00:00,https://www.leckerschmecker.me/pilzeintopf-mit-weissen-bohnen-a-a/63743511469537,Cremig und sättigend: Dieser Eintopf gehört einfach in den Herbst,2026-10-01,2026-10-01,1,1
63743511767889,2026-09-30T18:31:00+00:00,https://www.leckerschmecker.me/kartoffel-pilz-galette/63743511767889,Kartoffel-Pilz-Galette verbindet knusprigen Teig mit herbstlicher Füllung,2026-10-01,2026-10-01,1,1
63743511767439,2026-09-30T19:11:00+00:00,https://www.leckerschmecker.me/ginpresso/63743511767439,Espresso trifft Gin: So mixt du den überraschenden Trend-Cocktail,2026-10-01,2026-10-01,1,1
63743511764583,2026-10-01T04:09:53+00:00,https://www.leckerschmecker.me/kartoffel-zwiebel-schmarrn-pfannengericht/63743511764583,"Kartoffel-Zwiebel-Schmarrn: das vegane Pfannengericht, das dich warmhält",2026-10-01,2026-10-02,2,3
63743511765490,2026-10-01T04:09:55+00:00,https://www.leckerschmecker.me/apfel-joghurt-parfait-multitalent/63743511765490,Hier kommt ein aromatisches Multitalent im hübschen Look,2026-10-01,2026-10-02,2,3
63743511765500,2026-10-01T04:09:55+00:00,https://www.leckerschmecker.me/schweizer-buerli-ohne-kneten-knusprig/63743511765500,"Knusprig, fluffig, besser als vom Bäcker: Schweizer Bürli",2026-10-01,2026-10-02,2,2
63743511675157,2026-10-01T04:09:56+00:00,https://www.leckerschmecker.me/kartoffel-kohlrabi-gratin-a-c-ebenen/63743511675157,"Ein Gratin, ein Königreich für ein Gratin",2026-10-01,2026-10-02,2,6
63743511767626,2026-10-01T05:01:00+00:00,https://www.leckerschmecker.me/marmorkuchen-bananenbrot/63743511767626,Braune Bananen übrig? Backe daraus dieses geniale Schoko-Bananenbrot,2026-10-01,2026-10-01,1,1
63743511766920,2026-10-01T05:24:41+00:00,https://www.leckerschmecker.me/blaetterteig-pilze-perfekte/63743511766920,Hier kommt das perfekte Fingerfood für Pilzfans,2026-10-01,2026-10-02,2,2
63743511766246,2026-10-01T05:24:43+00:00,https://www.leckerschmecker.me/kohlrabi-muffins-lecker/63743511766246,So lecker kann Gemüse sein: saftige Kohlrabi-Muffins mit Feta,2026-10-01,2026-10-02,2,2
63743511767723,2026-10-01T05:24:43+00:00,https://www.leckerschmecker.me/holunderbeeren-balsamico-lecker/63743511767723,So lecker ist der Herbst: selbst gemachter Holunderbeeren-Balsamico,2026-10-01,2026-10-02,2,2
63743511766626,2026-10-01T05:24:44+00:00,https://www.leckerschmecker.me/honig-apfel-brie-kombination/63743511766626,Diese Kombination hebt Ofenkäsegenuss auf ein neues Level,2026-10-01,2026-10-02,2,2
63743511766762,2026-10-01T05:24:45+00:00,https://www.leckerschmecker.me/apfel-zimt-smoothie-fruehstueck/63743511766762,"Apfel-Zimt-Smoothie: Frühstück für alle, die morgens lieber länger im Bett bleiben",2026-10-01,2026-10-02,2,2
63743511767544,2026-10-01T05:39:00+00:00,https://www.leckerschmecker.me/avocado-ei-aufstrich-mit-huettenkaese/63743511767544,Avocad-oho! Mit diesem würzigen Aufstrich wird der Tag gut,2026-10-01,2026-10-01,1,1
63743511748232,2026-10-01T06:14:52+00:00,https://www.leckerschmecker.me/vegane-crab-cakes-holst/63743511748232,Vegane Crab Cakes: So holst du dir den Küstengeschmack ganz pflanzlich nach Hause,2026-10-01,2026-10-02,2,2
63743511767463,2026-10-01T06:37:00+00:00,https://www.leckerschmecker.me/kartoffel-hummus/63743511767463,Verwandle Kartoffeln in einen Dip-Star,2026-10-01,2026-10-01,1,1
63743511765119,2026-10-01T06:47:55+00:00,https://www.leckerschmecker.me/kaspressknoedel-mit-kuerbis-pfannengericht/63743511765119,Kaspressknödel mit Kürbis sind ein herbstliches Pfannengericht aus den Alpen,2026-10-01,2026-10-02,2,3
63743511654185,2026-10-01T06:47:56+00:00,https://www.leckerschmecker.me/kohlrabi-schnitzel-airfryer-a-a-lecker/63743511654185,Kohlrabi-Schnitzel aus dem Airfryer: So genial lecker kann Gemüse schmecken,2026-10-01,2026-10-02,2,3
63743511767436,2026-10-01T07:13:00+00:00,https://www.leckerschmecker.me/creme-brulee-tiramisu/63743511767436,Das Dessert für deinen nächsten Wow-Moment am Tisch,2026-10-01,2026-10-01,1,1
63743511604246,2026-10-01T07:24:18+00:00,https://www.leckerschmecker.me/karottenkekse-a-a/63743511604246,Genieße diese herrlichen Kekse zum Start in den Tag,2026-10-01,2026-10-02,2,1
63743511705563,2026-10-01T07:29:48+00:00,https://www.leckerschmecker.me/napoleon-dessert-im-glas-a-a-kroenung/63743511705563,Napoleon-Dessert im Glas: Eine süße Krönung für jeden Anlass,2026-10-01,2026-10-02,2,3
63743511766273,2026-10-01T08:15:36+00:00,https://www.leckerschmecker.me/gnocchi-gulasch-beste/63743511766273,"Gnocchi-Gulasch: Das Beste, was die Herbstküche zu bieten hat",2026-10-01,2026-10-02,2,2
63743511768129,2026-10-01T08:19:00+00:00,https://www.leckerschmecker.me/ueberbackene-birne-mit-ziegenkaese/63743511768129,"Süße Birne, würziger Käse: Ofenliebe auf den ersten Biss",2026-10-01,2026-10-01,1,1
63743511767664,2026-10-01T08:22:00+00:00,https://www.leckerschmecker.me/wasabi-mayo/63743511767664,"Verpasse deiner Mayo ein leicht scharfes, frisches Upgrade",2026-10-01,2026-10-01,1,1
63743511647546,2026-10-01T08:46:32+00:00,https://www.leckerschmecker.me/eierfrikadellen-a-a-hausmannskost/63743511647546,Bouletten mal anders: goldbraune Frikadellen ohne Fleisch,2026-10-01,2026-10-02,2,1
63743511749353,2026-10-01T09:21:00+00:00,https://www.leckerschmecker.me/nordamerikanischer-red-slaw/63743511749353,Vergiss die Mayo: Entdecke nordamerikanischen Red Slaw,2026-10-01,2026-10-02,2,1
63743511767447,2026-10-01T10:13:00+00:00,https://www.leckerschmecker.me/chili-cheese-hackbraten/63743511767447,Käsefüllung inklusive: Dieser Hackbraten wird zum Familienliebling,2026-10-01,2026-10-01,1,1
63743511649197,2026-10-01T10:55:34+00:00,https://www.leckerschmecker.me/reisbaellchen-aus-dem-airfryer-a-a-art/63743511649197,Reisbällchen aus dem Airfryer: knusprig und schnell vernascht,2026-10-01,2026-10-03,3,3
63743511723011,2026-10-01T11:23:04+00:00,https://www.leckerschmecker.me/french-toast-wuerfel-mit-feigen-a-b/63743511723011,Dein neues Frühstückshighlight: French-Toast-Würfel mit Feigen,2026-10-01,2026-10-03,3,3
63743511767405,2026-10-01T11:24:00+00:00,https://www.leckerschmecker.me/rote-bete-roesti-aus-dem-airfryer/63743511767405,Rote-Bete-Rösti aus dem Airfryer: Knuspriger Snack ohne Fett,2026-10-01,2026-10-01,1,1
63743511731979,2026-10-01T11:24:07+00:00,https://www.leckerschmecker.me/green-tonic-mocktail-a-a/63743511731979,Dieser Green-Tonic-Mocktail macht Gin Tonic überraschend gut Konkurrenz,2026-10-01,2026-10-03,3,3
63743511725733,2026-10-01T11:25:00+00:00,https://www.leckerschmecker.me/plankenlachs-vom-grill-a-a/63743511725733,Dieses Plankenlachs-Rezept vom Grill sorgt garantiert für Begeisterung,2026-10-02,2026-10-03,2,4
63743511599651,2026-10-01T11:25:11+00:00,https://www.leckerschmecker.me/quark-taler-mit-haferflocken-a-c/63743511599651,Versüße dir mit diesen fluffigen Quark-Talern den Tag,2026-10-02,2026-10-03,2,1
63743511588169,2026-10-01T11:26:23+00:00,https://www.leckerschmecker.me/turos-csusza-ungarische-quarknudeln-a-c/63743511588169,Zaubere dir aus drei simplen Zutaten ein leckeres Gericht,2026-10-02,2026-10-03,2,1
63743511764734,2026-10-01T11:29:37+00:00,https://www.leckerschmecker.me/ruehrkuchen-mit-pflaumenmus-zusammengeruehrt/63743511764734,Einfach zusammengerührt: dein neuer Lieblingskuchen mit Pflaumenmus,2026-10-02,2026-10-03,2,3
63743511500378,2026-10-01T11:29:38+00:00,https://www.leckerschmecker.me/schmand-apfelkuchen-ohne-mehl-a-b-saftig/63743511500378,"Saftig, knusprig und ganz ohne Mehl: Schmand-Apfelkuchen",2026-10-02,2026-10-03,2,2
63743511766165,2026-10-01T11:29:39+00:00,https://www.leckerschmecker.me/tiramisu-brownies-schokoladiger/63743511766165,Hier kommt ein cremig-schokoladiger Traum für Naschkatzen,2026-10-02,2026-10-03,2,3
63743511601723,2026-10-01T11:49:19+00:00,https://www.leckerschmecker.me/zimtschneckenkuchen-vom-blech-a-c/63743511601723,Zimtschneckenkuchen vom Blech: Dem kann keiner widerstehen,2026-10-02,2026-10-03,2,1
63743511765919,2026-10-01T12:57:31+00:00,https://www.leckerschmecker.me/apfel-mohn-quarkknoedel-kuchen/63743511765919,Diese Apfel-Mohn-Quarkknödel schmecken wie kleiner Kuchen aus dem Kochtopf,2026-10-02,2026-10-03,2,3
63743511586108,2026-10-01T12:57:33+00:00,https://www.leckerschmecker.me/apfel-brombeer-marmelade-a-b-sonne/63743511586108,Wie Herbstsonne im Glas: Apfel-Brombeer-Marmelade macht gute Laune,2026-10-02,2026-10-03,2,2
63743511767439,2026-10-01T13:36:39+00:00,https://www.leckerschmecker.me/ginpresso-espresso/63743511767439,Espresso trifft Gin: So mixt du den überraschenden Trend-Cocktail,2026-10-02,2026-10-03,2,2
63743511767401,2026-10-01T13:36:40+00:00,https://www.leckerschmecker.me/surimi-croissants-airfryer-blaetterteig/63743511767401,Surimi im Blätterteig: So einfach gelingt das raffinierte Fingerfood,2026-10-02,2026-10-03,2,2
63743511767403,2026-10-01T13:36:41+00:00,https://www.leckerschmecker.me/geroesteter-miso-rettich-zubereitung/63743511767403,Diese Zubereitung lässt Rettich zum neuen Star auf dem Tisch werden,2026-10-02,2026-10-03,2,2
63743511749228,2026-10-01T13:36:43+00:00,https://www.leckerschmecker.me/kuerbis-pekanuss-pie-vom-blech-pekannuss/63743511749228,Kürbis-Pekannuss-Pie vom Blech: Dafür kannst du dich echt erwärmen!,2026-10-02,2026-10-03,2,2
63743511768302,2026-10-01T13:53:00+00:00,https://www.leckerschmecker.me/lamington-tarte/63743511768302,Ein Stück Australien auf dem Kuchenteller: Lamington-Tarte,2026-10-02,2026-10-03,2,1
63743511748509,2026-10-01T14:43:00+00:00,https://www.leckerschmecker.me/apfelbutter-muffins/63743511748509,Versüße dir den Saisonstart mit unseren Apfelbutter-Muffins,2026-10-02,2026-10-02,1,1
63743511229581,2026-10-01T14:55:40+00:00,https://www.leckerschmecker.me/ofenkartoffeln-mit-kaese-speck-a-f-herzhaft/63743511229581,Herzhaft gefüllte Ofenkartoffeln mit Käse und Speck,2026-10-02,2026-10-03,2,2
63743511766897,2026-10-01T15:29:00+00:00,https://www.leckerschmecker.me/one-pot-lasagne/63743511766897,"One-Pot-Lasagne mit Champignons: ein Topf, kein Schichten",2026-10-02,2026-10-03,2,1
63743511485495,2026-10-01T15:37:38+00:00,https://www.leckerschmecker.me/spaetzle-hack-pfanne-mit-lauch-und-kaese-a-f-leckeres/63743511485495,"Wenn ein Gericht den Namen Wohlfühlessen verdient, ist es dieses",2026-10-02,2026-10-03,2,5
63743511767641,2026-10-01T16:09:00+00:00,https://www.leckerschmecker.me/pinsa-mit-rosenkohl-und-hummus/63743511767641,Rosenkohl-Comeback: Jetzt auch mit Hummus auf Pinsa,2026-10-02,2026-10-02,1,1
63743511767889,2026-10-01T16:12:49+00:00,https://www.leckerschmecker.me/kartoffel-pilz-galette-verbindet/63743511767889,Kartoffel-Pilz-Galette verbindet knusprigen Teig mit herbstlicher Füllung,2026-10-02,2026-10-03,2,2
63743511763283,2026-10-01T17:23:00+00:00,https://www.leckerschmecker.me/warenkunde-rote-bete/63743511763283,"Warenkunde Rote Bete: Die Knolle, die (fast) alles kann",2026-10-02,2026-10-02,1,1
63743511767892,2026-10-01T18:31:00+00:00,https://www.leckerschmecker.me/kuerbis-saltimbocca/63743511767892,Kürbis-Saltimbocca mit Salbei und Schinken interpretiert den Klassiker herbstlich neu,2026-10-02,2026-10-02,1,1
63743511652673,2026-10-01T18:46:46+00:00,https://www.leckerschmecker.me/apfel-karotten-salat-mit-knusper-haenchen-a-a-karotte/63743511652673,"Power-Salat: Karotte, Apfel &amp; Knusper-Hähnchen",2026-10-02,2026-10-03,2,3
63743511764490,2026-10-01T18:46:48+00:00,https://www.leckerschmecker.me/apfel-zimt-french-toast-auflauf-lieblingsfruehstueck/63743511764490,Hier kommt dein neues Lieblingsfrühstück aus dem Ofen,2026-10-02,2026-10-03,2,3
63743511768627,2026-10-01T19:14:00+00:00,https://www.leckerschmecker.me/gochujang-gnocchi/63743511768627,"Scharf, cremig, käsig: Das können nur diese köstlichen Gochujang-Gnocchi sein",2026-10-02,2026-10-02,1,1
63743511767896,2026-10-02T05:01:00+00:00,https://www.leckerschmecker.me/birnen-mohn-pancakes/63743511767896,Diese Birnen-Mohn-Pancakes mit Vanillequark schmecken wie Kuchen zum Frühstück,2026-10-02,2026-10-02,1,1
63743511767447,2026-10-02T05:37:44+00:00,https://www.leckerschmecker.me/chili-cheese-hackbraten-kaesefuellung/63743511767447,Käsefüllung inklusive: Dieser Hackbraten wird zum Familienliebling,2026-10-02,2026-10-03,2,2
63743511767664,2026-10-02T05:37:45+00:00,https://www.leckerschmecker.me/wasabi-mayo-verpasse/63743511767664,"Verpasse deiner Mayo ein leicht scharfes, frisches Upgrade",2026-10-02,2026-10-03,2,2
63743511768129,2026-10-02T05:37:46+00:00,https://www.leckerschmecker.me/ueberbackene-birne-mit-ziegenkaese-suesse/63743511768129,"Süße Birne, würziger Käse: Ofenliebe auf den ersten Biss",2026-10-02,2026-10-03,2,2
63743511767436,2026-10-02T05:37:47+00:00,https://www.leckerschmecker.me/creme-brulee-tiramisu-dessert/63743511767436,Das Dessert für deinen nächsten Wow-Moment am Tisch,2026-10-02,2026-10-03,2,2
63743511767626,2026-10-02T05:37:48+00:00,https://www.leckerschmecker.me/marmorkuchen-bananenbrot-braune/63743511767626,Braune Bananen übrig? Backe daraus dieses geniale Schoko-Bananenbrot,2026-10-02,2026-10-03,2,2
63743511767569,2026-10-02T05:48:00+00:00,https://www.leckerschmecker.me/pumpkin-spice-bananenbrot/63743511767569,"Verpasse Bananenbrot einen gemütlichen, herbstlichen Twist",2026-10-02,2026-10-02,1,1
63743511767463,2026-10-02T06:10:44+00:00,https://www.leckerschmecker.me/kartoffel-hummus-verwandle/63743511767463,Verwandle Kartoffeln in einen Dip-Star,2026-10-02,2026-10-03,2,2
63743511767544,2026-10-02T06:10:45+00:00,https://www.leckerschmecker.me/avocado-ei-aufstrich-mit-huettenkaese-avocad/63743511767544,Avocad-oho! Mit diesem würzigen Aufstrich wird der Tag gut,2026-10-02,2026-10-03,2,2
63743511768718,2026-10-02T06:42:00+00:00,https://www.leckerschmecker.me/geroestete-honig-cashewnuesse/63743511768718,Mach Schluss mit langweiligen Snacks zum Serien-Marathon! Gönn dir stattdessen geröstete Honig-Cashewnüsse,2026-10-02,2026-10-02,1,1
63743511469537,2026-10-02T06:50:46+00:00,https://www.leckerschmecker.me/pilzeintopf-mit-weissen-bohnen-a-a-cremiger/63743511469537,Cremig und sättigend: Dieser Eintopf gehört einfach in den Herbst,2026-10-02,2026-10-03,2,2
63743511765640,2026-10-02T06:50:47+00:00,https://www.leckerschmecker.me/polnischer-kohlrabi-eintopf-gemuese/63743511765640,Mit diesem polnischen Kohlrabi-Eintopf wird das Gemüse zum Wohlfühlgericht,2026-10-02,2026-10-02,1,3
63743511768754,2026-10-02T07:19:00+00:00,https://www.leckerschmecker.me/holunderbeeren-quarkcreme/63743511768754,Süßer Abschluss: cremige Holunderbeeren-Quarkcreme,2026-10-02,2026-10-02,1,1
63743511652708,2026-10-02T07:29:41+00:00,https://www.leckerschmecker.me/apfel-zimt-nusskuchen-a-a-fuer/63743511652708,Apfel-Zimt-Nusskuchen: Schlemmen im Herbst,2026-10-02,2026-10-03,2,3
63743511766301,2026-10-02T07:29:42+00:00,https://www.leckerschmecker.me/brokkoli-huettenkaese-baellchen-airfryer-knusprig/63743511766301,"Knusprig, käsig, köstlich: Brokkoli-Hüttenkäse-Bällchen aus dem Airfryer",2026-10-02,2026-10-03,2,2
63743511653353,2026-10-02T07:46:27+00:00,https://www.leckerschmecker.me/apfelstrudel-pfannkuchen-a-a/63743511653353,Heute gibt es warme Apfelstrudel-Pfannkuchen zum Frühstück,2026-10-02,2026-10-03,2,1
63743511604855,2026-10-02T07:58:56+00:00,https://www.leckerschmecker.me/fregola-sarda-a-b/63743511604855,Fregola Sarda: schlemmen wie auf Sardinien,2026-10-02,2026-10-03,2,1
63743511767405,2026-10-02T08:46:33+00:00,https://www.leckerschmecker.me/rote-bete-roesti-aus-dem-airfryer-knuspriger/63743511767405,Rote-Bete-Rösti aus dem Airfryer: Knuspriger Snack ohne Fett,2026-10-02,2026-10-03,2,2
63743511766845,2026-10-02T08:46:35+00:00,https://www.leckerschmecker.me/chocolate-chip-cookies-bakery/63743511766845,"Bakery Style Chocolate Chip Cookies: dick, weich und richtig groß",2026-10-02,2026-10-03,2,2
63743511739891,2026-10-02T08:52:06+00:00,https://www.leckerschmecker.me/upside-down-kuchen-mit-brombeeren-und-nektarinen-a-a/63743511739891,Dieser Kuchen steht Kopf: Upside-Down-Kuchen mit Brombeeren und Nektarinen,2026-10-02,2026-10-03,2,3
63743511713700,2026-10-02T08:53:43+00:00,https://www.leckerschmecker.me/brokkolisalat-mit-apfel-und-pinienkernen-a-a/63743511713700,Heute bleibt die Küche kalt: Rezept für rohen Brokkolisalat mit Apfel und Pinienkernen,2026-10-02,2026-10-03,2,1
63743511690566,2026-10-02T08:55:23+00:00,https://www.leckerschmecker.me/pfannensandwich-mit-camembert-und-erdbeeren-a-a/63743511690566,Ein Hauch Frankreich in der Pfanne: So gelingt dir ein Pfannensandwich mit Camembert und Erdbeeren,2026-10-02,2026-10-03,2,1
63743511463882,2026-10-02T09:12:54+00:00,https://www.leckerschmecker.me/maiskolben-aus-dem-airfryer-a-d/63743511463882,Maiskolben aus dem Airfryer: goldbraun und saftig,2026-10-02,2026-10-03,2,1
63743511571577,2026-10-02T09:14:25+00:00,https://www.leckerschmecker.me/franzbroetchen-cruffins-a-c/63743511571577,"Knusprig, zimtig, buttrig: Franzbrötchen-Cruffins",2026-10-02,2026-10-03,2,1
63743511768786,2026-10-02T09:31:00+00:00,https://www.leckerschmecker.me/geschmorter-chicoree-in-senfsahne/63743511768786,"So hast du Chicorée noch nie probiert: cremig, würzig und überraschend mild",2026-10-02,2026-10-03,2,1
63743511767054,2026-10-02T10:07:00+00:00,https://www.leckerschmecker.me/kuerbis-lasagne/63743511767054,Kürbis-Lasagne: cremig geschichtet ganz ohne Béchamel,2026-10-02,2026-10-02,1,1
63743511611756,2026-10-02T10:07:16+00:00,https://www.leckerschmecker.me/bratkartoffel-maronen-pfanne-a-b/63743511611756,Maronen und Kartoffel sind unsere Herbst-Liebling für die Pfanne?,2026-10-02,2026-10-03,2,2
63743511486498,2026-10-02T10:14:11+00:00,https://www.leckerschmecker.me/kartoffelstampf-karamellisierte-zwiebeln-speck-a-b/63743511486498,Lust auf Comfort Food: Kartoffelstampf mit karamellisierten Zwiebeln und Speck,2026-10-02,2026-10-03,2,2
63743511332701,2026-10-02T10:50:02+00:00,https://www.leckerschmecker.me/penne-arrabiata-a-c/63743511332701,Penne Arrabiata: feuriger Klassiker aus Italien,2026-10-02,2026-10-03,2,1
63743511768990,2026-10-02T11:27:00+00:00,https://www.leckerschmecker.me/gyros-aus-dem-airfryer/63743511768990,Gyros aus dem Airfryer: So wird der Klassiker besonders lecker,2026-10-02,2026-10-02,1,1
63743511623055,2026-10-02T11:34:35+00:00,https://www.leckerschmecker.me/apfelcrumble-kuchen-a-a-beste/63743511623055,Verbinde das beste aus zwei Welten und erschaffe eine Köstlichkeit,2026-10-02,2026-10-04,3,3
63743511766142,2026-10-02T11:34:37+00:00,https://www.leckerschmecker.me/apfel-mandel-muffins-suesse/63743511766142,Süße Muffins mit Knusper-Kruste,2026-10-02,2026-10-04,3,2
63743511765222,2026-10-02T11:34:38+00:00,https://www.leckerschmecker.me/pilz-kekse-schokolade/63743511765222,Pilz-Kekse mit Schokolade: Da greift jeder gern zu,2026-10-02,2026-10-04,3,2
63743511594919,2026-10-02T12:42:56+00:00,https://www.leckerschmecker.me/lebensmittelverschwendung-vermeiden-a-b/63743511594919,Lässt sich Lebensmittelverschwendung vermeiden? Unsere Redakteurin hat es getestet,2026-10-02,2026-10-04,3,1
63743511663656,2026-10-02T12:46:58+00:00,https://www.leckerschmecker.me/himbeer-schoko-cookies-a-a/63743511663656,Fruchtig-schokoladiges Knusperglück zum Verlieben,2026-10-02,2026-10-04,3,1
63743511602791,2026-10-02T13:02:05+00:00,https://www.leckerschmecker.me/apfel-streuselkuchen-aus-dem-airfryer-a-c/63743511602791,Verwandle deine Heißluftfritteuse in eine Mini-Backstube,2026-10-02,2026-10-04,3,1
63743511604740,2026-10-02T13:23:15+00:00,https://www.leckerschmecker.me/schokoladenkuchen-mit-aepfeln-a-a/63743511604740,"Äpfel im Schokokuchen? Ja, bitte!",2026-10-02,2026-10-04,3,1
63743511767892,2026-10-02T13:25:29+00:00,https://www.leckerschmecker.me/kuerbis-saltimbocca-salbei/63743511767892,Kürbis-Saltimbocca mit Salbei und Schinken interpretiert den Klassiker herbstlich neu,2026-10-02,2026-10-04,3,2
63743511763283,2026-10-02T13:25:30+00:00,https://www.leckerschmecker.me/warenkunde-rote-bete-knolle/63743511763283,"Warenkunde Rote Bete: Die Knolle, die (fast) alles kann",2026-10-02,2026-10-04,3,2
63743511767641,2026-10-02T13:25:31+00:00,https://www.leckerschmecker.me/pinsa-mit-rosenkohl-und-hummus-comeback/63743511767641,Rosenkohl-Comeback: Jetzt auch mit Hummus auf Pinsa,2026-10-02,2026-10-04,3,2
63743511748509,2026-10-02T13:25:32+00:00,https://www.leckerschmecker.me/apfelbutter-muffins-versuesse/63743511748509,Versüße dir den Saisonstart mit unseren Apfelbutter-Muffins,2026-10-02,2026-10-04,3,2
63743511748122,2026-10-02T13:51:00+00:00,https://www.leckerschmecker.me/wacky-cake/63743511748122,Wacky Cake: Warum dieser Kuchen wirklich Sinn ergibt,2026-10-02,2026-10-03,2,1
63743511649304,2026-10-02T13:54:39+00:00,https://www.leckerschmecker.me/apfel-zimt-linsenmuffins-a-b/63743511649304,Perfekter Pausen-Snack: Apfel-Zimt-Linsenmuffins,2026-10-02,2026-10-04,3,1
63743511765918,2026-10-02T14:13:40+00:00,https://www.leckerschmecker.me/kartoffel-maronen-gulasch-herbstessen/63743511765918,Kartoffel-Maronen-Gulasch ist veganes Herbstessen aus einem Topf,2026-10-02,2026-10-04,3,3
63743511764482,2026-10-02T14:13:42+00:00,https://www.leckerschmecker.me/kohlrabi-hackfleisch-pfanne-mit-kartoffeln-schnell/63743511764482,"Kohlrabi-Hackfleisch-Pfanne mit Kartoffeln: das beste Gericht, wenn es schnell gehen soll",2026-10-02,2026-10-03,2,4
63743511768027,2026-10-02T14:37:00+00:00,https://www.leckerschmecker.me/zwetschgen-streuseltoertchen/63743511768027,Diese Zwetschgen-Streuseltörtchen sind schneller vernascht als gebacken,2026-10-02,2026-10-03,2,1
63743511572698,2026-10-02T14:55:34+00:00,https://www.leckerschmecker.me/parmesan-pilzsuppe-a-b-pilze/63743511572698,Parmesan und Pilze: Kann es ein köstlicheres Duo geben?,2026-10-02,2026-10-04,3,2
63743511768060,2026-10-02T15:34:00+00:00,https://www.leckerschmecker.me/kartoffel-bohnen-gulasch/63743511768060,Deftig und schnell gemacht: Kartoffel-Bohnen-Gulasch,2026-10-02,2026-10-04,3,1
63743511768627,2026-10-02T16:00:50+00:00,https://www.leckerschmecker.me/gochujang-gnocchi-scharf/63743511768627,"Scharf, cremig, käsig: Das können nur diese köstlichen Gochujang-Gnocchi sein",2026-10-02,2026-10-04,3,2
63743511768059,2026-10-02T16:04:00+00:00,https://www.leckerschmecker.me/pumpkin-spice-doener/63743511768059,Pumpkin Spice einmal herzhaft: So gelingt der ultimative Herbst-Döner,2026-10-02,2026-10-03,2,1
63743511572204,2026-10-02T16:48:38+00:00,https://www.leckerschmecker.me/brokkoli-pilz-quiche-a-a/63743511572204,Warm und kalt ein Genuss: probiere diese herzhafte Quiche,2026-10-02,2026-10-04,3,1
63743511661318,2026-10-02T16:48:52+00:00,https://www.leckerschmecker.me/heidelbeer-quark-broetchen-a-a/63743511661318,Schmecken noch warm am besten: Heidelbeer-Quark-Brötchen,2026-10-02,2026-10-04,3,1
63743511621028,2026-10-02T16:49:05+00:00,https://www.leckerschmecker.me/pilz-rosenkohlpfanne-a-a/63743511621028,"Pilze und Rosenkohl? Ein Traum, von dem du nicht genug bekommst",2026-10-02,2026-10-04,3,1
63743511497230,2026-10-02T16:49:16+00:00,https://www.leckerschmecker.me/mandarinen-quark-kuchen-a-c/63743511497230,Saftig und cremig: So lecker schmeckt Mandarinen-Quark-Kuchen,2026-10-02,2026-10-04,3,1
63743511572130,2026-10-02T16:49:37+00:00,https://www.leckerschmecker.me/gnocchi-pilz-pfanne-mit-haehnchen-a-a/63743511572130,"Gnocchi-Pilz-Pfanne mit Hähnchen: herzhaft, einfach, köstlich",2026-10-02,2026-10-04,3,1
63743511371804,2026-10-02T16:50:05+00:00,https://www.leckerschmecker.me/quark-pancakes-a-d/63743511371804,Lass dir fluffige Quark-Pancakes zum Frühstück schmecken,2026-10-02,2026-10-04,3,1
63743511767688,2026-10-02T17:27:00+00:00,https://www.leckerschmecker.me/haehnchenkeulen-mit-honig-salzkruste/63743511767688,Hähnchenkeulen mit Honig-Salzkruste,2026-10-02,2026-10-04,3,1
63743511768841,2026-10-02T18:25:00+00:00,https://www.leckerschmecker.me/zero-waste-tipps/63743511768841,Das sind die liebsten Zero Waste-Tipps der Leckerschmecker-Redaktion,2026-10-02,2026-10-03,2,1
63743511768069,2026-10-02T19:13:00+00:00,https://www.leckerschmecker.me/kuerbis-halloumi-spiesse-aus-dem-airfryer/63743511768069,"Vegetarisch durch den Herbst: Kürbis-Halloumi-Spieße, die du immer wieder machen wirst",2026-10-02,2026-10-04,3,1
63743511765500,2026-10-03T04:18:42+00:00,https://www.leckerschmecker.me/schweizer-buerli-ohne-kneten-fluffig/63743511765500,"Knusprig, fluffig, besser als vom Bäcker: Schweizer Bürli",2026-10-03,2026-10-04,2,3
63743511768219,2026-10-03T05:04:00+00:00,https://www.leckerschmecker.me/kuerbis-sauerteigbrot/63743511768219,Dieses Kürbis-Sauerteigbrot ist der schönste Brottrend im Herbst,2026-10-03,2026-10-04,2,1
63743511768990,2026-10-03T05:35:48+00:00,https://www.leckerschmecker.me/gyros-aus-dem-airfryer-klassiker/63743511768990,Gyros aus dem Airfryer: So wird der Klassiker besonders lecker,2026-10-03,2026-10-04,2,2
63743511768754,2026-10-03T05:35:50+00:00,https://www.leckerschmecker.me/holunderbeeren-quarkcreme-suesser/63743511768754,Süßer Abschluss: cremige Holunderbeeren-Quarkcreme,2026-10-03,2026-10-04,2,2
63743511768718,2026-10-03T05:35:51+00:00,https://www.leckerschmecker.me/geroestete-honig-cashewnuesse-mach/63743511768718,Mach Schluss mit langweiligen Snacks zum Serien-Marathon! Gönn dir stattdessen geröstete Honig-Cashewnüsse,2026-10-03,2026-10-04,2,2
63743511767569,2026-10-03T05:35:52+00:00,https://www.leckerschmecker.me/pumpkin-spice-bananenbrot-verpasse/63743511767569,"Verpasse Bananenbrot einen gemütlichen, herbstlichen Twist",2026-10-03,2026-10-04,2,2
63743511767896,2026-10-03T05:35:53+00:00,https://www.leckerschmecker.me/birnen-mohn-pancakes-vanillequark/63743511767896,Diese Birnen-Mohn-Pancakes mit Vanillequark schmecken wie Kuchen zum Frühstück,2026-10-03,2026-10-04,2,2
63743511749018,2026-10-03T05:41:00+00:00,https://www.leckerschmecker.me/kuerbiscreme-croissants/63743511749018,Kürbiscreme-Croissants: So schön wie die Saison!,2026-10-03,2026-10-03,1,1
63743511386690,2026-10-03T06:34:08+00:00,https://www.leckerschmecker.me/zucchini-auflauf-b-b/63743511386690,Zucchini-Auflauf mit Hüttenkäse: der Star unter den Aufläufen,2026-10-03,2026-10-04,2,1
63743511494265,2026-10-03T06:34:29+00:00,https://www.leckerschmecker.me/zuckerfeie-haferflockenkekse-joghurt-a-c/63743511494265,Zuckerfreie Haferflockenkekse mit Joghurt: Genuss ohne Reue,2026-10-03,2026-10-04,2,1
63743511355136,2026-10-03T06:36:30+00:00,https://www.leckerschmecker.me/eiersalat-a-c/63743511355136,Eiersalat wie bei Oma: So gelingt der Klassiker,2026-10-03,2026-10-04,2,1
63743511541138,2026-10-03T06:38:23+00:00,https://www.leckerschmecker.me/herzhafte-kraeuterschnecken-a-c/63743511541138,Perfekt für jede Gelegenheit: herzhafte Kräuterschnecken,2026-10-03,2026-10-04,2,1
63743511471353,2026-10-03T06:38:34+00:00,https://www.leckerschmecker.me/mascarponecreme-a-c/63743511471353,Diese Creme ist die Basis für den leckersten Nachtisch,2026-10-03,2026-10-04,2,1
63743511768845,2026-10-03T06:39:00+00:00,https://www.leckerschmecker.me/brownie-quark-bowl/63743511768845,"Brownie-Quark-Bowl zum Frühstück: schokoladig, cremig und proteinreich",2026-10-03,2026-10-04,2,1
63743511765640,2026-10-03T06:41:03+00:00,https://www.leckerschmecker.me/polnischer-kohlrabi-eintopf-wohlfuehlgericht/63743511765640,Mit diesem polnischen Kohlrabi-Eintopf wird das Gemüse zum Wohlfühlgericht,2026-10-03,2026-10-04,2,4
63743511647546,2026-10-03T06:41:04+00:00,https://www.leckerschmecker.me/eierfrikadellen-a-a-twist/63743511647546,Bouletten mal anders: goldbraune Frikadellen ohne Fleisch,2026-10-03,2026-10-04,2,2
63743511473105,2026-10-03T06:58:26+00:00,https://www.leckerschmecker.me/haehnchen-geschnetzeltes-in-rosenkohl-sahnesosse-a-d/63743511473105,Hähnchen-Geschnetzeltes in Rosenkohl-Sahnesoße: Wohlfühlessen in der kalten Jahreszeit,2026-10-03,2026-10-04,2,1
63743511508436,2026-10-03T06:58:40+00:00,https://www.leckerschmecker.me/cowboy-nudeltopf-a-d/63743511508436,Zauber dir eine herrlich würzige Mahlzeit mit diesem Nudeltopf,2026-10-03,2026-10-04,2,1
63743511765394,2026-10-03T07:21:48+00:00,https://www.leckerschmecker.me/upside-down-apfelkuchen-a-b/63743511765394,Dieser Upside-Down-Apfelkuchen hat einen Schwipps,2026-10-03,2026-10-04,2,3
63743511769324,2026-10-03T07:22:00+00:00,https://www.leckerschmecker.me/donauwelle-dessert-im-glas/63743511769324,Vom Kuchenklassiker zum Nachtisch: Donauwelle-Dessert im Glas,2026-10-03,2026-10-03,1,1
63743511434526,2026-10-03T07:23:54+00:00,https://www.leckerschmecker.me/kuerbis-hackfleisch-auflauf-a-m/63743511434526,Kürbis-Hackfleisch-Auflauf: deftige Herbstküche,2026-10-03,2026-10-04,2,1
63743511757206,2026-10-03T07:26:34+00:00,https://www.leckerschmecker.me/schupfnudel-sauerkraut-pfanne-a-b/63743511757206,One-Pan-Gericht: Schupfnudel-Sauerkraut-Pfanne,2026-10-03,2026-10-04,2,2
63743511437352,2026-10-03T07:31:30+00:00,https://www.leckerschmecker.me/focaccia-mit-weintrauben-a-b/63743511437352,Focaccia mit Weintrauben: mediterraner Klassiker mit herbstlichen Aromen,2026-10-03,2026-10-04,2,1
63743511766273,2026-10-03T07:36:59+00:00,https://www.leckerschmecker.me/gnocchi-gulasch-herbstkueche/63743511766273,"Gnocchi-Gulasch: Das Beste, was die Herbstküche zu bieten hat",2026-10-03,2026-10-04,2,3
63743511705563,2026-10-03T07:37:00+00:00,https://www.leckerschmecker.me/napoleon-dessert-im-glas-a-a-fuer/63743511705563,Napoleon-Dessert im Glas: Eine süße Krönung für jeden Anlass,2026-10-03,2026-10-04,2,4
63743511767019,2026-10-03T08:36:00+00:00,https://www.leckerschmecker.me/reisnudelsalat-mit-tofu-chili-dressing/63743511767019,"Reisnudelsalat mit Tofu-Chili-Dressing: bunt, cremig, schnell",2026-10-03,2026-10-03,1,1
63743511767054,2026-10-03T08:47:31+00:00,https://www.leckerschmecker.me/kuerbis-lasagne-cremig/63743511767054,Kürbis-Lasagne: cremig geschichtet ganz ohne Béchamel,2026-10-03,2026-10-04,2,2
63743511768475,2026-10-03T09:23:00+00:00,https://www.leckerschmecker.me/apple-pie-kugeln-aus-dem-airfryer/63743511768475,Knusperhülle und Apfelkern: Apple-Pie-Kugeln aus dem Airfryer,2026-10-03,2026-10-03,1,1
63743511768071,2026-10-03T10:09:00+00:00,https://www.leckerschmecker.me/kohlrabi-speck-pasta/63743511768071,So werden Kohlrabi und Speck zum perfekten Pasta-Duo,2026-10-03,2026-10-03,1,1
63743511767889,2026-10-03T10:58:30+00:00,https://www.leckerschmecker.me/kartoffel-pilz-galette-knusprigen/63743511767889,Kartoffel-Pilz-Galette verbindet knusprigen Teig mit herbstlicher Füllung,2026-10-03,2026-10-04,2,3
63743511768302,2026-10-03T11:23:27+00:00,https://www.leckerschmecker.me/lamington-tarte-stueck/63743511768302,Ein Stück Australien auf dem Kuchenteller: Lamington-Tarte,2026-10-03,2026-10-04,2,2
63743511768171,2026-10-03T11:27:00+00:00,https://www.leckerschmecker.me/ulundu-vadai/63743511768171,Ulundu Vadai: das südindische Snackglück für herzhafte Donuts,2026-10-03,2026-10-03,1,1
63743511767405,2026-10-03T12:54:26+00:00,https://www.leckerschmecker.me/rote-bete-roesti-aus-dem-airfryer-snack/63743511767405,Rote-Bete-Rösti aus dem Airfryer: Knuspriger Snack ohne Fett,2026-10-03,2026-10-05,3,3
63743511766301,2026-10-03T12:54:27+00:00,https://www.leckerschmecker.me/brokkoli-huettenkaese-baellchen-airfryer-kaesig/63743511766301,"Knusprig, käsig, köstlich: Brokkoli-Hüttenkäse-Bällchen aus dem Airfryer",2026-10-03,2026-10-05,3,3
63743511768841,2026-10-03T13:31:25+00:00,https://www.leckerschmecker.me/zero-waste-tipps-liebsten/63743511768841,Das sind die liebsten Zero Waste-Tipps der Leckerschmecker-Redaktion,2026-10-03,2026-10-05,3,2
63743511768059,2026-10-03T13:31:26+00:00,https://www.leckerschmecker.me/pumpkin-spice-doener-herzhaft/63743511768059,Pumpkin Spice einmal herzhaft: So gelingt der ultimative Herbst-Döner,2026-10-03,2026-10-04,2,2
63743511768027,2026-10-03T13:31:27+00:00,https://www.leckerschmecker.me/zwetschgen-streuseltoertchen-schneller/63743511768027,Diese Zwetschgen-Streuseltörtchen sind schneller vernascht als gebacken,2026-10-03,2026-10-05,3,2
63743511748122,2026-10-03T13:31:28+00:00,https://www.leckerschmecker.me/wacky-cake-kuchen/63743511748122,Wacky Cake: Warum dieser Kuchen wirklich Sinn ergibt,2026-10-03,2026-10-05,3,2
63743511768225,2026-10-03T13:51:00+00:00,https://www.leckerschmecker.me/apfel-buchweizen-torte/63743511768225,Diese Apfel-Buchweizen-Torte mit Preiselbeeren schmeckt nussig und fruchtig,2026-10-03,2026-10-04,2,1
63743511485495,2026-10-03T14:04:46+00:00,https://www.leckerschmecker.me/spaetzle-hack-pfanne-mit-lauch-und-kaese-a-f-teller/63743511485495,"Wenn ein Gericht den Namen Wohlfühlessen verdient, ist es dieses",2026-10-03,2026-10-05,3,6
63743511500378,2026-10-03T14:04:48+00:00,https://www.leckerschmecker.me/schmand-apfelkuchen-ohne-mehl-a-b-knusprig/63743511500378,"Saftig, knusprig und ganz ohne Mehl: Schmand-Apfelkuchen",2026-10-03,2026-10-05,3,3
63743511588169,2026-10-03T14:04:49+00:00,https://www.leckerschmecker.me/turos-csusza-ungarische-quarknudeln-a-c-simplen/63743511588169,Zaubere dir aus drei simplen Zutaten ein leckeres Gericht,2026-10-03,2026-10-05,3,2
63743511599651,2026-10-03T14:04:50+00:00,https://www.leckerschmecker.me/quark-taler-mit-haferflocken-a-c-versuesse/63743511599651,Versüße dir mit diesen fluffigen Quark-Talern den Tag,2026-10-03,2026-10-05,3,2
63743511604246,2026-10-03T14:04:51+00:00,https://www.leckerschmecker.me/karottenkekse-a-a-geniesse/63743511604246,Genieße diese herrlichen Kekse zum Start in den Tag,2026-10-03,2026-10-04,2,2
63743511768543,2026-10-03T14:39:00+00:00,https://www.leckerschmecker.me/apfel-blaetterteig-schnecken/63743511768543,Apfel-Blätterteig-Schnecken für gemütliche Herbstnachmittage,2026-10-03,2026-10-04,2,1
63743511768652,2026-10-03T15:23:00+00:00,https://www.leckerschmecker.me/kuerbis-wuerstchen-auflauf/63743511768652,Herbstliches Familienessen aus dem Ofen: Das kochst du ab sofort bestimmt öfter,2026-10-03,2026-10-05,3,1
63743511768482,2026-10-03T16:01:00+00:00,https://www.leckerschmecker.me/maronen-hack-pie/63743511768482,Maronen-Hack-Pie mit Blätterteighaube ist herbstliches Comfort Food,2026-10-03,2026-10-04,2,1
63743511440768,2026-10-03T16:39:00+00:00,https://www.leckerschmecker.me/quittensaft-a-c/63743511440768,Selbst gemachter Quittensaft schmeckt fruchtig und süß,2026-10-03,2026-10-05,3,1
63743511768357,2026-10-03T17:33:00+00:00,https://www.leckerschmecker.me/sahnehering/63743511768357,Sahnehering: Nostalgie in der Schüssel,2026-10-03,2026-10-04,2,1
63743511759807,2026-10-03T18:34:00+00:00,https://www.leckerschmecker.me/suesse-kuerbisrezepte/63743511759807,"Diese 7 Rezepte beweisen, wie lecker Kürbis schmeckt, wenn du ihn süß zubereitest",2026-10-04,2026-10-04,1,1
63743511749212,2026-10-03T19:14:00+00:00,https://www.leckerschmecker.me/last-word-cocktail/63743511749212,Behalte das letzte Wort mit diesem genialen Cocktail,2026-10-04,2026-10-04,1,1
63743511487367,2026-10-03T19:44:49+00:00,https://www.leckerschmecker.me/champignon-nudeln-creme-fraiche-a-d/63743511487367,Blitzrezept für schnelle Champignon-Nudeln mit Crème fraîche,2026-10-04,2026-10-05,2,1
63743511470559,2026-10-03T19:45:05+00:00,https://www.leckerschmecker.me/zwiebel-sahne-schnitzel-a-g/63743511470559,Zwiebel-Sahne-Schnitzel: So mögen wir unser Schnitzel am liebsten,2026-10-04,2026-10-05,2,1
63743511480236,2026-10-03T19:56:22+00:00,https://www.leckerschmecker.me/kartoffel-hackfleisch-pfanne-mit-kaese-a-f/63743511480236,Gönn dir diese rustikale Kartoffel-Hackfleisch-Pfanne mit Käse,2026-10-04,2026-10-05,2,1
63743511501724,2026-10-03T19:56:36+00:00,https://www.leckerschmecker.me/spaghetti-mit-lachs-sahnesosse-a-c/63743511501724,Diese Spaghetti mit Lachs und Sahne sind einfach nur köstlich,2026-10-04,2026-10-05,2,1
63743511469537,2026-10-04T03:59:43+00:00,https://www.leckerschmecker.me/pilzeintopf-mit-weissen-bohnen-a-a-herzhaftes/63743511469537,Cremig und sättigend: Dieser Eintopf gehört einfach in den Herbst,2026-10-04,2026-10-05,2,3
63743511602246,2026-10-04T03:59:44+00:00,https://www.leckerschmecker.me/kuerbis-lasagne-a-a-pur/63743511602246,Diese Kürbis-Lasagne ist Ofenglück pur,2026-10-04,2026-10-04,1,4
63743511768997,2026-10-04T05:01:00+00:00,https://www.leckerschmecker.me/apfel-frangipane-french-toast/63743511768997,Apfel-Frangipane-French-Toast schmeckt wie Mandeltarte zum Frühstück,2026-10-04,2026-10-04,1,1
63743511768171,2026-10-04T05:34:41+00:00,https://www.leckerschmecker.me/ulundu-vadai-suedindische/63743511768171,Ulundu Vadai: das südindische Snackglück für herzhafte Donuts,2026-10-04,2026-10-05,2,2
63743511768071,2026-10-04T05:34:42+00:00,https://www.leckerschmecker.me/kohlrabi-speck-pasta-perfekten/63743511768071,So werden Kohlrabi und Speck zum perfekten Pasta-Duo,2026-10-04,2026-10-05,2,2
63743511768475,2026-10-04T05:34:43+00:00,https://www.leckerschmecker.me/apple-pie-kugeln-aus-dem-airfryer-knusperhuelle/63743511768475,Knusperhülle und Apfelkern: Apple-Pie-Kugeln aus dem Airfryer,2026-10-04,2026-10-05,2,2
63743511769324,2026-10-04T05:34:44+00:00,https://www.leckerschmecker.me/donauwelle-dessert-im-glas-kuchenklassiker/63743511769324,Vom Kuchenklassiker zum Nachtisch: Donauwelle-Dessert im Glas,2026-10-04,2026-10-05,2,2
63743511749018,2026-10-04T05:34:45+00:00,https://www.leckerschmecker.me/kuerbiscreme-croissants-schoen/63743511749018,Kürbiscreme-Croissants: So schön wie die Saison!,2026-10-04,2026-10-05,2,2
63743511768925,2026-10-04T05:53:00+00:00,https://www.leckerschmecker.me/schinken-kaese-frittata/63743511768925,Genieße ein deftig-würziges Frühstück,2026-10-04,2026-10-05,2,1
63743511767019,2026-10-04T06:03:42+00:00,https://www.leckerschmecker.me/reisnudelsalat-mit-tofu-chili-dressing-bunt/63743511767019,"Reisnudelsalat mit Tofu-Chili-Dressing: bunt, cremig, schnell",2026-10-04,2026-10-05,2,2
63743511769381,2026-10-04T06:31:00+00:00,https://www.leckerschmecker.me/parmesan-popover-ruehrei/63743511769381,Dieser Parmesan-Popover mit Rührei geht im Ofen beeindruckend hoch auf,2026-10-04,2026-10-04,1,1
63743511764482,2026-10-04T06:40:47+00:00,https://www.leckerschmecker.me/kohlrabi-hackfleisch-pfanne-mit-kartoffeln-gedanken/63743511764482,"Kohlrabi-Hackfleisch-Pfanne mit Kartoffeln: das beste Gericht, wenn es schnell gehen soll",2026-10-04,2026-10-05,2,5
63743511486498,2026-10-04T06:40:48+00:00,https://www.leckerschmecker.me/kartoffelstampf-karamellisierte-zwiebeln-speck-a-b-pure/63743511486498,Lust auf Comfort Food: Kartoffelstampf mit karamellisierten Zwiebeln und Speck,2026-10-04,2026-10-05,2,3
63743511515964,2026-10-04T06:50:28+00:00,https://www.leckerschmecker.me/mediterraner-gemueseeintopf-a-c/63743511515964,Mediterraner Bohneneintopf: ein Wohlfühlgericht für jeden Tag,2026-10-04,2026-10-05,2,1
63743511506796,2026-10-04T06:51:10+00:00,https://www.leckerschmecker.me/tortilla-knoblauchbrot-a-c/63743511506796,"Tortilla-Knoblauchbrot: Zaubere dir simples, wunderbares Fingerfood",2026-10-04,2026-10-05,2,1
63743511448273,2026-10-04T06:51:44+00:00,https://www.leckerschmecker.me/kartoffelpuffer-aus-der-heissluftfritteuse-a-p/63743511448273,Kartoffelpuffer aus der Heißluftfritteuse: knusprig und lecker,2026-10-04,2026-10-05,2,1
63743511489713,2026-10-04T06:52:31+00:00,https://www.leckerschmecker.me/paprika-feta-dip-a-e/63743511489713,Selbst gemachter Paprika-Feta-Dip: schmeckt wie vom Feinkostladen,2026-10-04,2026-10-05,2,1
63743511506859,2026-10-04T06:54:09+00:00,https://www.leckerschmecker.me/dieser-franzoesische-zuckerkuchen-ist-tres-bon-a-a/63743511506859,Dieser französische Zuckerkuchen ist très bon,2026-10-04,2026-10-05,2,1
63743511367613,2026-10-04T07:08:07+00:00,https://www.leckerschmecker.me/torta-caprese-italienischer-schoko-mandel-kuchen-a-o/63743511367613,Kuchen ohne Mehl: So backst du den italienischen Schoko-Mandel-Kuchen Torta Caprese,2026-10-04,2026-10-05,2,1
63743511769199,2026-10-04T07:21:00+00:00,https://www.leckerschmecker.me/edamame-dip/63743511769199,"Edamame-Dip: grün, cremig, lecker",2026-10-04,2026-10-04,1,1
63743511766897,2026-10-04T07:27:40+00:00,https://www.leckerschmecker.me/one-pot-lasagne-champignons/63743511766897,"One-Pot-Lasagne mit Champignons: ein Topf, kein Schichten",2026-10-04,2026-10-05,2,2
63743511766762,2026-10-04T07:27:42+00:00,https://www.leckerschmecker.me/apfel-zimt-smoothie-fuer/63743511766762,"Apfel-Zimt-Smoothie: Frühstück für alle, die morgens lieber länger im Bett bleiben",2026-10-04,2026-10-05,2,3
63743511768786,2026-10-04T08:06:34+00:00,https://www.leckerschmecker.me/geschmorter-chicoree-in-senfsahne-chicor/63743511768786,"So hast du Chicorée noch nie probiert: cremig, würzig und überraschend mild",2026-10-04,2026-10-05,2,2
63743511769253,2026-10-04T08:23:00+00:00,https://www.leckerschmecker.me/nougatringe/63743511769253,Nougatringe wie vom Bäcker: Dieses einfache Rezept gelingt garantiert,2026-10-04,2026-10-04,1,1
63743511576933,2026-10-04T08:52:23+00:00,https://www.leckerschmecker.me/steirischer-kaeferbohnensalat-a-c/63743511576933,Dieser Salat ist ein kulinarischer Geheimtipp aus Österreich,2026-10-04,2026-10-05,2,1
63743511769030,2026-10-04T09:18:00+00:00,https://www.leckerschmecker.me/chicoree-orangensalat/63743511769030,Ein herrlich aromatischer Salat für die kalten Jahreszeiten,2026-10-04,2026-10-04,1,1
63743511749096,2026-10-04T10:06:00+00:00,https://www.leckerschmecker.me/chicken-65/63743511749096,Chicken 65: Bring dein Hähnchen auf Level 100,2026-10-04,2026-10-04,1,1
63743511765222,2026-10-04T11:20:27+00:00,https://www.leckerschmecker.me/pilz-kekse-greift/63743511765222,Pilz-Kekse mit Schokolade: Da greift jeder gern zu,2026-10-04,2026-10-05,2,3
63743511769271,2026-10-04T11:29:00+00:00,https://www.leckerschmecker.me/bananen-donutbaellchen-airfryer/63743511769271,Heißhunger auf Süßes? Dann probiere diese Donutbällchen aus dem Airfryer,2026-10-04,2026-10-04,1,1
63743511768990,2026-10-04T12:54:25+00:00,https://www.leckerschmecker.me/gyros-aus-dem-airfryer-lecker/63743511768990,Gyros aus dem Airfryer: So wird der Klassiker besonders lecker,2026-10-04,2026-10-05,2,3
63743511749212,2026-10-04T13:23:27+00:00,https://www.leckerschmecker.me/last-word-cocktail-behalte/63743511749212,Behalte das letzte Wort mit diesem genialen Cocktail,2026-10-04,2026-10-06,3,2
63743511759807,2026-10-04T13:23:29+00:00,https://www.leckerschmecker.me/suesse-kuerbisrezepte-rezepte/63743511759807,"Diese 7 Rezepte beweisen, wie lecker Kürbis schmeckt, wenn du ihn süß zubereitest",2026-10-04,2026-10-06,3,2
63743511768482,2026-10-04T13:23:30+00:00,https://www.leckerschmecker.me/maronen-hack-pie-blaetterteighaube/63743511768482,Maronen-Hack-Pie mit Blätterteighaube ist herbstliches Comfort Food,2026-10-04,2026-10-06,3,2
63743511768543,2026-10-04T13:23:31+00:00,https://www.leckerschmecker.me/apfel-blaetterteig-schnecken-fuer/63743511768543,Apfel-Blätterteig-Schnecken für gemütliche Herbstnachmittage,2026-10-04,2026-10-06,3,2
63743511769288,2026-10-04T13:53:00+00:00,https://www.leckerschmecker.me/apple-cider-kuchen/63743511769288,Backe diesen Herbstliebling aus der Kastenform nach,2026-10-04,2026-10-05,2,1
63743511661318,2026-10-04T14:10:42+00:00,https://www.leckerschmecker.me/heidelbeer-quark-broetchen-a-a-schmecken/63743511661318,Schmecken noch warm am besten: Heidelbeer-Quark-Brötchen,2026-10-04,2026-10-06,3,2
63743511767095,2026-10-04T14:38:00+00:00,https://www.leckerschmecker.me/saftige-kuerbis-schoko-brownies/63743511767095,Saftige Kürbis-Schoko-Brownies: marmoriert und fudgy,2026-10-04,2026-10-05,2,1
63743511767688,2026-10-04T15:22:36+00:00,https://www.leckerschmecker.me/haehnchenkeulen-mit-honig-salzkruste-gerichte/63743511767688,Hähnchenkeulen mit Honig-Salzkruste,2026-10-04,2026-10-06,3,2
63743511768945,2026-10-04T15:27:00+00:00,https://www.leckerschmecker.me/winzerquiche/63743511768945,"Knuspriger Boden, würzige Füllung: Winzerquiche selber backen",2026-10-04,2026-10-06,3,1
63743511448046,2026-10-04T15:41:01+00:00,https://www.leckerschmecker.me/haehnchen-moehren-auflauf-a-r/63743511448046,Aromatischer Superstar: Probiere diesen Hähnchen-Möhren-Auflauf,2026-10-04,2026-10-06,3,1
63743511477319,2026-10-04T15:41:13+00:00,https://www.leckerschmecker.me/kaesekuchen-mit-blaetterteig-vom-blech-a-d/63743511477319,Dieser Blechkuchen kombiniert Cheesecake und Crunch,2026-10-04,2026-10-06,3,1
63743511484685,2026-10-04T15:42:00+00:00,https://www.leckerschmecker.me/ueberbackene-pfannkuchenrollen-a-d/63743511484685,Überbackene Pfannkuchenrollen: kreativer Genuss aus dem Ofen,2026-10-04,2026-10-05,2,1
63743511769414,2026-10-04T16:03:00+00:00,https://www.leckerschmecker.me/kuerbis-speck-schupfnudel-pfanne/63743511769414,"Was bei uns im Herbst auf den Tisch kommt? Kürbis-Speck-Schupfnudel-Pfanne, natürlich!",2026-10-04,2026-10-06,3,1
63743511768572,2026-10-04T17:26:00+00:00,https://www.leckerschmecker.me/kohlrouladen-mit-kohlrabigruen/63743511768572,Wirf Kohlrabiblätter nicht weg: So werden daraus köstliche vegane Rouladen,2026-10-04,2026-10-05,2,1
63743511769005,2026-10-04T18:31:00+00:00,https://www.leckerschmecker.me/apfel-amaretto-sour/63743511769005,Apfel-Amaretto-Sour verbindet herbstliche Frucht mit Mandelaroma,2026-10-05,2026-10-05,1,1
63743511767754,2026-10-04T18:36:00+00:00,https://www.leckerschmecker.me/gemuesegruen-essen/63743511767754,Zu schade zum Wegwerfen: So lecker kannst du Gemüsegrün verarbeiten,2026-10-05,2026-10-05,1,1
63743511766142,2026-10-04T19:36:40+00:00,https://www.leckerschmecker.me/apfel-mandel-muffins-knusper/63743511766142,Süße Muffins mit Knusper-Kruste,2026-10-05,2026-10-06,2,3
63743511571577,2026-10-04T19:36:41+00:00,https://www.leckerschmecker.me/franzbroetchen-cruffins-a-c-zimt/63743511571577,"Knusprig, zimtig, buttrig: Franzbrötchen-Cruffins",2026-10-05,2026-10-06,2,2
63743511769002,2026-10-05T05:02:00+00:00,https://www.leckerschmecker.me/polenta-benedict-mit-pilzen/63743511769002,Polenta-Benedict mit Pilzen bringt den Brunchklassiker ohne Brot auf den Teller,2026-10-05,2026-10-05,1,1
63743511769271,2026-10-05T05:29:47+00:00,https://www.leckerschmecker.me/bananen-donutbaellchen-airfryer-heisshunger/63743511769271,Heißhunger auf Süßes? Dann probiere diese Donutbällchen aus dem Airfryer,2026-10-05,2026-10-06,2,2
63743511749096,2026-10-05T05:29:49+00:00,https://www.leckerschmecker.me/chicken-65-bring/63743511749096,Chicken 65: Bring dein Hähnchen auf Level 100,2026-10-05,2026-10-06,2,2
63743511769030,2026-10-05T05:29:50+00:00,https://www.leckerschmecker.me/chicoree-orangensalat-herrlich/63743511769030,Ein herrlich aromatischer Salat für die kalten Jahreszeiten,2026-10-05,2026-10-06,2,2
63743511769253,2026-10-05T05:29:51+00:00,https://www.leckerschmecker.me/nougatringe-baecker/63743511769253,Nougatringe wie vom Bäcker: Dieses einfache Rezept gelingt garantiert,2026-10-05,2026-10-06,2,2
63743511768997,2026-10-05T05:29:52+00:00,https://www.leckerschmecker.me/apfel-frangipane-french-toast-schmeckt/63743511768997,Apfel-Frangipane-French-Toast schmeckt wie Mandeltarte zum Frühstück,2026-10-05,2026-10-06,2,2
63743511769585,2026-10-05T05:53:00+00:00,https://www.leckerschmecker.me/ruehrei-bowl/63743511769585,Rührei-Bowl: So hast du Rührei noch nie gegessen,2026-10-05,2026-10-06,2,1
63743511444806,2026-10-05T05:56:00+00:00,https://www.leckerschmecker.me/kuerbis-karotten-kuchen-a-b/63743511444806,Kürbis-Karotten-Kuchen: süß-saftige Herbst-Nascherei,2026-10-05,2026-10-06,2,1
63743511769199,2026-10-05T06:16:42+00:00,https://www.leckerschmecker.me/edamame-dip-gruen/63743511769199,"Edamame-Dip: grün, cremig, lecker",2026-10-05,2026-10-06,2,2
63743511769381,2026-10-05T06:16:43+00:00,https://www.leckerschmecker.me/parmesan-popover-ruehrei-ofen/63743511769381,Dieser Parmesan-Popover mit Rührei geht im Ofen beeindruckend hoch auf,2026-10-05,2026-10-06,2,2
63743511602246,2026-10-05T06:51:41+00:00,https://www.leckerschmecker.me/kuerbis-lasagne-a-a-vegetarischen/63743511602246,Diese Kürbis-Lasagne ist Ofenglück pur,2026-10-05,2026-10-06,2,5
63743511768225,2026-10-05T06:51:43+00:00,https://www.leckerschmecker.me/apfel-buchweizen-torte-preiselbeeren/63743511768225,Diese Apfel-Buchweizen-Torte mit Preiselbeeren schmeckt nussig und fruchtig,2026-10-05,2026-10-05,1,2
63743511769558,2026-10-05T07:21:00+00:00,https://www.leckerschmecker.me/pecan-maple-latte/63743511769558,Probiere diesen herbstlichen Kaffeegenuss inspiriert vom Pecan Pie,2026-10-05,2026-10-05,1,1
63743511705563,2026-10-05T07:28:40+00:00,https://www.leckerschmecker.me/napoleon-dessert-im-glas-a-a-anlass/63743511705563,Napoleon-Dessert im Glas: Eine süße Krönung für jeden Anlass,2026-10-05,2026-10-06,2,5
63743511541138,2026-10-05T08:14:33+00:00,https://www.leckerschmecker.me/herzhafte-kraeuterschnecken-a-c-perfekt/63743511541138,Perfekt für jede Gelegenheit: herzhafte Kräuterschnecken,2026-10-05,2026-10-06,2,2
63743511768845,2026-10-05T08:14:35+00:00,https://www.leckerschmecker.me/brownie-quark-bowl-fruehstueck/63743511768845,"Brownie-Quark-Bowl zum Frühstück: schokoladig, cremig und proteinreich",2026-10-05,2026-10-06,2,2
63743511768219,2026-10-05T08:14:36+00:00,https://www.leckerschmecker.me/kuerbis-sauerteigbrot-schoenste/63743511768219,Dieses Kürbis-Sauerteigbrot ist der schönste Brottrend im Herbst,2026-10-05,2026-10-06,2,2
63743511768357,2026-10-05T08:50:48+00:00,https://www.leckerschmecker.me/sahnehering-nostalgie/63743511768357,Sahnehering: Nostalgie in der Schüssel,2026-10-05,2026-10-06,2,2
63743511604246,2026-10-05T08:50:49+00:00,https://www.leckerschmecker.me/karottenkekse-a-a-herrlichen/63743511604246,Genieße diese herrlichen Kekse zum Start in den Tag,2026-10-05,2026-10-06,2,3
63743511549660,2026-10-05T08:53:51+00:00,https://www.leckerschmecker.me/zitronen-kokos-blondies-a-b/63743511549660,Süße Versuchung ohne Mehl und Zucker: Zitronen-Kokos-Blondies,2026-10-05,2026-10-06,2,1
63743511769286,2026-10-05T09:29:00+00:00,https://www.leckerschmecker.me/ofensellerie-mit-gorgonzola/63743511769286,Ofensellerie mit Gorgonzola: So köstlich hast du Sellerie noch nie gegessen,2026-10-05,2026-10-05,1,1
63743511612734,2026-10-05T09:59:22+00:00,https://www.leckerschmecker.me/nudelpfanne-mit-kuerbis-rosenkohl-und-wuerstchen-a-a/63743511612734,"Kürbis, Würstchen und Nudeln: Hier wird&#8217;s deftig und herzhaft in der Pfanne",2026-10-05,2026-10-06,2,1
63743511768757,2026-10-05T10:05:00+00:00,https://www.leckerschmecker.me/mac-and-cheese-mit-chorizo/63743511768757,Hier kommt ein würziges Upgrade für dein liebstes Wohlfühlgericht,2026-10-05,2026-10-05,1,1
63743511599932,2026-10-05T10:54:23+00:00,https://www.leckerschmecker.me/marry-me-chicken-ramen-a-a/63743511599932,Marry Me Chicken Ramen: Wohlfühlessen für den Feierabend,2026-10-05,2026-10-06,2,1
63743511768059,2026-10-05T10:55:43+00:00,https://www.leckerschmecker.me/pumpkin-spice-doener-gelingt/63743511768059,Pumpkin Spice einmal herzhaft: So gelingt der ultimative Herbst-Döner,2026-10-05,2026-10-06,2,3
63743511768302,2026-10-05T10:55:50+00:00,https://www.leckerschmecker.me/lamington-tarte-australien/63743511768302,Ein Stück Australien auf dem Kuchenteller: Lamington-Tarte,2026-10-05,2026-10-06,2,3
63743511600417,2026-10-05T10:57:17+00:00,https://www.leckerschmecker.me/kuerbis-bohnen-eintopf-a-a/63743511600417,Bohneneintopf mit Kürbis: deftiges Herbstgericht,2026-10-05,2026-10-06,2,1
63743511603395,2026-10-05T11:02:33+00:00,https://www.leckerschmecker.me/tomatensuppe-mit-mango-a-a/63743511603395,Tomatensuppe mit Mango: leckerer Farbklecks im Herbst,2026-10-05,2026-10-06,2,1
63743511424980,2026-10-05T11:03:28+00:00,https://www.leckerschmecker.me/geschmorte-haehnchenkeulen-mit-apfel-a-e/63743511424980,Geschmorte Hähnchenkeulen mit Apfel: macht Appetit auf den Herbst,2026-10-05,2026-10-06,2,2
63743511726028,2026-10-05T11:06:57+00:00,https://www.leckerschmecker.me/hirsecreme-mit-marinierten-heidelbeeren-a-b/63743511726028,"Hirse-Frühstück mit Heidelbeeren: Cremig, fruchtig und so köstlich wie ein Dessert",2026-10-05,2026-10-06,2,3
63743511717476,2026-10-05T11:08:30+00:00,https://www.leckerschmecker.me/mohn-gnocchi-a-a/63743511717476,Diese veganen Mohn-Gnocchi stehen in wenigen Minuten auf dem Tisch,2026-10-05,2026-10-06,2,1
63743511719673,2026-10-05T11:09:38+00:00,https://www.leckerschmecker.me/knuspriger-tortellini-salat-aus-dem-airfryer-a-a/63743511719673,Salat mit Crunch: knuspriger Tortellini-Salat aus dem Airfryer,2026-10-05,2026-10-06,2,1
63743511769305,2026-10-05T11:21:00+00:00,https://www.leckerschmecker.me/igel-kekse/63743511769305,Süße Igel zum Vernaschen: einfaches Rezept für Igel-Kekse,2026-10-05,2026-10-05,1,1
63743511768060,2026-10-05T11:29:34+00:00,https://www.leckerschmecker.me/kartoffel-bohnen-gulasch-deftig/63743511768060,Deftig und schnell gemacht: Kartoffel-Bohnen-Gulasch,2026-10-05,2026-10-06,2,2
63743511718729,2026-10-05T11:58:10+00:00,https://www.leckerschmecker.me/one-pan-brownies-a-a/63743511718729,Schokoladiges Kuchenglück ganz ohne Küchenchaos: Mit diesem One-Pan-Rezept,2026-10-05,2026-10-07,3,1
63743511667425,2026-10-05T13:06:51+00:00,https://www.leckerschmecker.me/karotten-orangen-kuchen-a-a/63743511667425,Dieser Karottenkuchen aus der Kastenform überzeugt mit seiner Fruchtigkeit,2026-10-05,2026-10-06,2,1
63743511732050,2026-10-05T13:09:45+00:00,https://www.leckerschmecker.me/apfel-blaubeer-crumble-a-a/63743511732050,"So schmeckt Gemütlichkeit: Ein Apfel-Crumble-Rezept, das du noch nicht kennst",2026-10-05,2026-10-07,3,2
63743511767754,2026-10-05T13:25:28+00:00,https://www.leckerschmecker.me/gemuesegruen-essen-schade/63743511767754,Zu schade zum Wegwerfen: So lecker kannst du Gemüsegrün verarbeiten,2026-10-05,2026-10-07,3,2
63743511769005,2026-10-05T13:25:29+00:00,https://www.leckerschmecker.me/apfel-amaretto-sour-verbindet/63743511769005,Apfel-Amaretto-Sour verbindet herbstliche Frucht mit Mandelaroma,2026-10-05,2026-10-07,3,2
63743511768572,2026-10-05T13:25:30+00:00,https://www.leckerschmecker.me/kohlrouladen-mit-kohlrabigruen-wirf/63743511768572,Wirf Kohlrabiblätter nicht weg: So werden daraus köstliche vegane Rouladen,2026-10-05,2026-10-07,3,2
63743511767095,2026-10-05T13:25:31+00:00,https://www.leckerschmecker.me/saftige-kuerbis-schoko-brownies-marmoriert/63743511767095,Saftige Kürbis-Schoko-Brownies: marmoriert und fudgy,2026-10-05,2026-10-07,3,2
63743511769288,2026-10-05T13:25:32+00:00,https://www.leckerschmecker.me/apple-cider-kuchen-backe/63743511769288,Backe diesen Herbstliebling aus der Kastenform nach,2026-10-05,2026-10-07,3,2
63743511769300,2026-10-05T13:56:00+00:00,https://www.leckerschmecker.me/walnuss-mascarpone-kuchen/63743511769300,"Nüsse, Mascarpone, Ahornsirup: köstliches Dreierlei auf der Kuchentafel",2026-10-05,2026-10-07,3,1
63743511485495,2026-10-05T14:18:40+00:00,https://www.leckerschmecker.me/spaetzle-hack-pfanne-mit-lauch-und-kaese-a-f-wenigen/63743511485495,"Wenn ein Gericht den Namen Wohlfühlessen verdient, ist es dieses",2026-10-05,2026-10-07,3,7
63743511588169,2026-10-05T14:18:42+00:00,https://www.leckerschmecker.me/turos-csusza-ungarische-quarknudeln-a-c-zutaten/63743511588169,Zaubere dir aus drei simplen Zutaten ein leckeres Gericht,2026-10-05,2026-10-07,3,3
63743511494265,2026-10-05T14:18:43+00:00,https://www.leckerschmecker.me/zuckerfeie-haferflockenkekse-joghurt-a-c-zuckerfreie/63743511494265,Zuckerfreie Haferflockenkekse mit Joghurt: Genuss ohne Reue,2026-10-05,2026-10-07,3,2
63743511422223,2026-10-05T15:11:30+00:00,https://www.leckerschmecker.me/panna-cotta-mit-rotweinpflaumen-a-a/63743511422223,Panna Cotta mit Rotweinpflaumen: italienischer Klassiker mit Schuss,2026-10-05,2026-10-07,3,1
63743511769698,2026-10-05T15:24:00+00:00,https://www.leckerschmecker.me/parmesan-kuerbis-aus-dem-airfryer/63743511769698,So wird aus Kürbis und Parmesan die leckerste Beilage des Herbstes,2026-10-05,2026-10-06,2,1
63743511768718,2026-10-05T15:30:37+00:00,https://www.leckerschmecker.me/geroestete-honig-cashewnuesse-langweiligen/63743511768718,Mach Schluss mit langweiligen Snacks zum Serien-Marathon! Gönn dir stattdessen geröstete Honig-Cashewnüsse,2026-10-05,2026-10-07,3,3
63743511769378,2026-10-05T16:02:00+00:00,https://www.leckerschmecker.me/rote-bete-linsen-koefte/63743511769378,Rote-Bete-Linsen-Köfte bringen kräftige Farbe auf die Mezze-Platte,2026-10-05,2026-10-07,3,1
63743511769999,2026-10-05T17:18:00+00:00,https://www.leckerschmecker.me/vegane-kuerbis-carbonara/63743511769999,"Rauchiger Tofu, cremiger Kürbis: Verpasse einem Pasta-Klassiker ein köstliches pflanzliches Update",2026-10-05,2026-10-06,2,1
63743511470559,2026-10-05T18:10:52+00:00,https://www.leckerschmecker.me/zwiebel-sahne-schnitzel-a-g-moegen/63743511470559,Zwiebel-Sahne-Schnitzel: So mögen wir unser Schnitzel am liebsten,2026-10-05,2026-10-07,3,2
63743511768027,2026-10-05T18:10:54+00:00,https://www.leckerschmecker.me/zwetschgen-streuseltoertchen-vernascht/63743511768027,Diese Zwetschgen-Streuseltörtchen sind schneller vernascht als gebacken,2026-10-05,2026-10-07,3,3
63743511769432,2026-10-05T18:41:00+00:00,https://www.leckerschmecker.me/quitten-birnen-punsch/63743511769432,Quitte trifft Birne: Eine herbstliche Liebesgeschichte im Topf,2026-10-05,2026-10-07,3,1
63743511764482,2026-10-06T04:11:47+00:00,https://www.leckerschmecker.me/kohlrabi-hackfleisch-pfanne-mit-kartoffeln-darueber/63743511764482,"Kohlrabi-Hackfleisch-Pfanne mit Kartoffeln: das beste Gericht, wenn es schnell gehen soll",2026-10-06,2026-10-07,2,6
63743511757206,2026-10-06T04:11:48+00:00,https://www.leckerschmecker.me/schupfnudel-sauerkraut-pfanne-a-b-one/63743511757206,One-Pan-Gericht: Schupfnudel-Sauerkraut-Pfanne,2026-10-06,2026-10-06,1,3
63743511768925,2026-10-06T04:11:48+00:00,https://www.leckerschmecker.me/schinken-kaese-frittata-geniesse/63743511768925,Genieße ein deftig-würziges Frühstück,2026-10-06,2026-10-06,1,2
63743511770089,2026-10-06T05:03:00+00:00,https://www.leckerschmecker.me/bananen-pancakes-aus-reispapier/63743511770089,Von der Frühlingsrolle zum Frühstücksstar mit diesen fruchtigen Pfannkuchen,2026-10-06,2026-10-06,1,1
63743511769305,2026-10-06T05:35:48+00:00,https://www.leckerschmecker.me/igel-kekse-suesse/63743511769305,Süße Igel zum Vernaschen: einfaches Rezept für Igel-Kekse,2026-10-06,2026-10-07,2,2
63743511768757,2026-10-06T05:35:50+00:00,https://www.leckerschmecker.me/mac-and-cheese-mit-chorizo-wuerziges/63743511768757,Hier kommt ein würziges Upgrade für dein liebstes Wohlfühlgericht,2026-10-06,2026-10-07,2,2
63743511769286,2026-10-06T05:35:50+00:00,https://www.leckerschmecker.me/ofensellerie-mit-gorgonzola-koestlich/63743511769286,Ofensellerie mit Gorgonzola: So köstlich hast du Sellerie noch nie gegessen,2026-10-06,2026-10-07,2,2
63743511769558,2026-10-06T05:35:51+00:00,https://www.leckerschmecker.me/pecan-maple-latte-probiere/63743511769558,Probiere diesen herbstlichen Kaffeegenuss inspiriert vom Pecan Pie,2026-10-06,2026-10-07,2,2
63743511769002,2026-10-06T05:35:52+00:00,https://www.leckerschmecker.me/polenta-benedict-mit-pilzen-bringt/63743511769002,Polenta-Benedict mit Pilzen bringt den Brunchklassiker ohne Brot auf den Teller,2026-10-06,2026-10-07,2,2
63743511770429,2026-10-06T05:45:00+00:00,https://www.leckerschmecker.me/birnen-haselnuss-schmarrn/63743511770429,Birnen-Haselnuss-Schmarrn bringt herbstliche Kuchenaromen in die Pfanne,2026-10-06,2026-10-07,2,1
63743511445597,2026-10-06T05:52:43+00:00,https://www.leckerschmecker.me/kuerbis-kaese-scones-a-c/63743511445597,Diese Kürbis-Käse-Scones zum Frühstück sind very lecker,2026-10-06,2026-10-07,2,1
63743511593384,2026-10-06T06:03:34+00:00,https://www.leckerschmecker.me/quittenmarmelade-aus-dem-ofen-a-c/63743511593384,So wird Quittenmarmelade besonders aromatisch,2026-10-06,2026-10-07,2,1
63743511484685,2026-10-06T06:47:55+00:00,https://www.leckerschmecker.me/ueberbackene-pfannkuchenrollen-a-d-berbackene/63743511484685,Überbackene Pfannkuchenrollen: kreativer Genuss aus dem Ofen,2026-10-06,2026-10-07,2,2
63743511768990,2026-10-06T06:47:56+00:00,https://www.leckerschmecker.me/gyros-aus-dem-airfryer-typische/63743511768990,Gyros aus dem Airfryer: So wird der Klassiker besonders lecker,2026-10-06,2026-10-07,2,4
63743511770063,2026-10-06T07:23:00+00:00,https://www.leckerschmecker.me/prime-deal-days-bosch-doppelkammer-heissluftfritteuse/63743511770063,Prime Deal Days: Diese Bosch Doppelkammer-Heißluftfritteuse gibt&#8217;s nur am 6. und 7.10. um 48 % günstiger,2026-10-06,2026-10-06,1,1
63743511469537,2026-10-06T07:34:37+00:00,https://www.leckerschmecker.me/pilzeintopf-mit-weissen-bohnen-a-a-comfort/63743511469537,Cremig und sättigend: Dieser Eintopf gehört einfach in den Herbst,2026-10-06,2026-10-07,2,4
63743511489713,2026-10-06T08:15:34+00:00,https://www.leckerschmecker.me/paprika-feta-dip-a-e-selbstgemachter/63743511489713,Selbst gemachter Paprika-Feta-Dip: schmeckt wie vom Feinkostladen,2026-10-06,2026-10-07,2,2
63743511602939,2026-10-06T08:40:17+00:00,https://www.leckerschmecker.me/bananenbrot-mit-feigen-a-a/63743511602939,"Süßes Bananenbrot mit Feigen: zum Frühstück, Brunch oder die Kaffeepause",2026-10-06,2026-10-07,2,1
63743511687873,2026-10-06T08:53:45+00:00,https://www.leckerschmecker.me/haehnchen-parmesan-frikadellen-aus-dem-airfryer-a/63743511687873,Gönn dir heute Abend knusprige Hähnchen-Parmesan-Frikadellen aus dem Airfryer,2026-10-06,2026-10-07,2,1
63743511690856,2026-10-06T08:55:33+00:00,https://www.leckerschmecker.me/vegane-green-goddess-pasta-a/63743511690856,Eine Pasta für Göttinnen und Menschen gleichermaßen,2026-10-06,2026-10-07,2,1
63743511770197,2026-10-06T09:33:00+00:00,https://www.leckerschmecker.me/vegane-kohlrabicremesuppe/63743511770197,Vegane Kohlrabicremesuppe: cremig ganz ohne Sahne,2026-10-06,2026-10-06,1,1
63743511686125,2026-10-06T09:33:38+00:00,https://www.leckerschmecker.me/schnelle-vegane-donuts-a-b/63743511686125,Ohne tierische Produkte und ohne Frittierfett: Diese veganen Donuts musst du probieren,2026-10-06,2026-10-07,2,2
63743511746025,2026-10-06T09:34:55+00:00,https://www.leckerschmecker.me/burrata-crostini-airfryer-a-a/63743511746025,Burrata-Crostini in 30 Minuten: So gelingt der italienische Trendsnack,2026-10-06,2026-10-07,2,3
63743511689163,2026-10-06T09:35:40+00:00,https://www.leckerschmecker.me/bratnudeln-mit-wasabi-haehnchen-a-b/63743511689163,"Knusprig, würzig, unwiderstehlich: Diese Bratnudeln mit Wasabi-Hähnchen musst du probieren",2026-10-06,2026-10-07,2,2
63743511769380,2026-10-06T10:01:00+00:00,https://www.leckerschmecker.me/kuerbis-kaese-kroketten/63743511769380,Kürbis-Käse-Kroketten verstecken einen cremigen Kern,2026-10-06,2026-10-06,1,1
63743511602700,2026-10-06T10:08:38+00:00,https://www.leckerschmecker.me/hirsotto-a-a/63743511602700,"Dieses Hirsotto mit Lauch, Erbsen und Spinat ist das Beste, was du diesen Herbst essen kannst",2026-10-06,2026-10-07,2,1
63743511596716,2026-10-06T10:40:14+00:00,https://www.leckerschmecker.me/kuerbis-kaffeekuchen-mit-zimtstreuseln-a-a/63743511596716,Kürbis-Kaffeekuchen mit Zimtnote schmeckt nach Herbst,2026-10-06,2026-10-07,2,1
63743511768225,2026-10-06T10:46:37+00:00,https://www.leckerschmecker.me/apfel-buchweizen-torte-schmeckt/63743511768225,Diese Apfel-Buchweizen-Torte mit Preiselbeeren schmeckt nussig und fruchtig,2026-10-06,2026-10-07,2,3
63743511700059,2026-10-06T10:47:25+00:00,https://www.leckerschmecker.me/gedaempfter-maniokkuchen-a-b/63743511700059,Backen mit Wasserdampf: Bei diesem Kuchen bleibt der Ofen kalt,2026-10-06,2026-10-07,2,2
63743511736360,2026-10-06T10:48:05+00:00,https://www.leckerschmecker.me/tiramisu-french-toast-a-a/63743511736360,Tiramisu-French-Toast: Dessert zum Frühstück,2026-10-06,2026-10-07,2,3
63743511601369,2026-10-06T10:53:09+00:00,https://www.leckerschmecker.me/kartoffelwirbel-a-a/63743511601369,Goldbraune Kartoffelwirbel: knuspriger Snack,2026-10-06,2026-10-07,2,1
63743511434331,2026-10-06T11:11:13+00:00,https://www.leckerschmecker.me/cremige-gemuese-haehnchen-pfanne-a-u/63743511434331,Cremige Gemüse-Hähnchen-Pfanne: Wohlfühlgericht von Feinsten,2026-10-06,2026-10-07,2,1
63743511770299,2026-10-06T11:24:00+00:00,https://www.leckerschmecker.me/hotdog-blaetterteig-roellchen-aus-dem-airfryer/63743511770299,Mini-Hotdogs im Knuspermantel: Diesen Snack solltest du dir nicht entgehen lassen,2026-10-06,2026-10-06,1,1
63743511576933,2026-10-06T11:33:37+00:00,https://www.leckerschmecker.me/steirischer-kaeferbohnensalat-a-c-salat/63743511576933,Dieser Salat ist ein kulinarischer Geheimtipp aus Österreich,2026-10-06,2026-10-07,2,2
63743511324431,2026-10-06T11:45:09+00:00,https://www.leckerschmecker.me/rosenkohl-pasta-mit-haehnchen-a-b/63743511324431,Schnelles Nudelgericht für kalte Tage: Rosenkohl-Pasta mit Hähnchen,2026-10-06,2026-10-07,2,1
63743511566585,2026-10-06T11:51:10+00:00,https://www.leckerschmecker.me/pilzragout-mit-parmesan-polenta-a-a/63743511566585,Pilz-Power aus der Pfanne: Pilzragout mit Parmesan-Polenta,2026-10-06,2026-10-07,2,1
63743511570847,2026-10-06T11:54:58+00:00,https://www.leckerschmecker.me/blaubeer-cheesecake-plunderzopf-a-b/63743511570847,"Schnell gebacken, schnell vernascht: Blaubeer-Cheesecake-Plunderzopf",2026-10-06,2026-10-07,2,1
63743511769414,2026-10-06T12:41:29+00:00,https://www.leckerschmecker.me/kuerbis-speck-schupfnudel-pfanne-herbst/63743511769414,"Was bei uns im Herbst auf den Tisch kommt? Kürbis-Speck-Schupfnudel-Pfanne, natürlich!",2026-10-06,2026-10-08,3,2
63743511481585,2026-10-06T13:03:47+00:00,https://www.leckerschmecker.me/kohlrabi-hack-pfanne-mit-spaetzle-a-c/63743511481585,"Rustikal und gemütlich: Kohlrabi, Hack und Spätzle zusammen in einer Pfanne",2026-10-06,2026-10-08,3,2
63743511656909,2026-10-06T13:14:09+00:00,https://www.leckerschmecker.me/schoko-marzipan-kuchen-a-a/63743511656909,Marzipan und Schokolade machen sich nicht nur in Pralinenform gut: Probiere mal diesen Kuchen,2026-10-06,2026-10-08,3,1
63743511769698,2026-10-06T13:26:31+00:00,https://www.leckerschmecker.me/parmesan-kuerbis-aus-dem-airfryer-leckerste/63743511769698,So wird aus Kürbis und Parmesan die leckerste Beilage des Herbstes,2026-10-06,2026-10-08,3,2
63743511770075,2026-10-06T13:52:00+00:00,https://www.leckerschmecker.me/kuerbis-chai-kuchen/63743511770075,Kürbis-Chai-Kuchen: vom Herbstklassiker zum Lieblingskuchen,2026-10-06,2026-10-07,2,1
63743511767688,2026-10-06T14:11:44+00:00,https://www.leckerschmecker.me/haehnchenkeulen-mit-honig-salzkruste-probiert/63743511767688,Hähnchenkeulen mit Honig-Salzkruste,2026-10-06,2026-10-08,3,3
63743511768219,2026-10-06T14:48:35+00:00,https://www.leckerschmecker.me/kuerbis-sauerteigbrot-brottrend/63743511768219,Dieses Kürbis-Sauerteigbrot ist der schönste Brottrend im Herbst,2026-10-06,2026-10-08,3,3
63743511769030,2026-10-06T14:48:36+00:00,https://www.leckerschmecker.me/chicoree-orangensalat-aromatischer/63743511769030,Ein herrlich aromatischer Salat für die kalten Jahreszeiten,2026-10-06,2026-10-08,3,3
63743511367613,2026-10-06T15:25:38+00:00,https://www.leckerschmecker.me/torta-caprese-italienischer-schoko-mandel-kuchen-a-o-mehl/63743511367613,Kuchen ohne Mehl: So backst du den italienischen Schoko-Mandel-Kuchen Torta Caprese,2026-10-06,2026-10-08,3,2
63743511770319,2026-10-06T15:31:00+00:00,https://www.leckerschmecker.me/prime-deal-days-stabmixer-philips-5000/63743511770319,Dieser geniale Philips 5000 Stabmixer ist während der Amazon Prime Deal Days um mehr als die Hälfte reduziert!,2026-10-06,2026-10-07,2,1
63743511770400,2026-10-06T16:01:00+00:00,https://www.leckerschmecker.me/kuerbis-zucchini-pizza/63743511770400,"Bunte Herbstpizza mit Kürbis, Zucchini und roten Zwiebeln: goldbraun und gemüsig",2026-10-06,2026-10-07,2,1
63743511769999,2026-10-06T16:13:44+00:00,https://www.leckerschmecker.me/vegane-kuerbis-carbonara-rauchiger/63743511769999,"Rauchiger Tofu, cremiger Kürbis: Verpasse einem Pasta-Klassiker ein köstliches pflanzliches Update",2026-10-06,2026-10-07,2,2
63743511770011,2026-10-06T17:21:00+00:00,https://www.leckerschmecker.me/mangold-pasta-mit-croutons/63743511770011,Lust auf Pasta mit Gemüse? Dieses Mangold-Rezept solltest du probieren,2026-10-06,2026-10-07,2,1
63743511768786,2026-10-06T17:59:55+00:00,https://www.leckerschmecker.me/geschmorter-chicoree-in-senfsahne-probiert/63743511768786,"So hast du Chicorée noch nie probiert: cremig, würzig und überraschend mild",2026-10-06,2026-10-08,3,3
63743511770274,2026-10-06T18:44:00+00:00,https://www.leckerschmecker.me/erdnussbutter-haehnchen/63743511770274,Erdnussbutter-Hähnchen: Weil Erdnussbutter nicht nur auf dem Sandwich schmeckt,2026-10-06,2026-10-07,2,1
63743511506796,2026-10-06T19:24:47+00:00,https://www.leckerschmecker.me/tortilla-knoblauchbrot-a-c-zauber/63743511506796,"Tortilla-Knoblauchbrot: Zaubere dir simples, wunderbares Fingerfood",2026-10-06,2026-10-08,3,2
63743511769199,2026-10-07T04:04:53+00:00,https://www.leckerschmecker.me/edamame-dip-cremig/63743511769199,"Edamame-Dip: grün, cremig, lecker",2026-10-07,2026-10-08,2,3
63743511769585,2026-10-07T04:05:06+00:00,https://www.leckerschmecker.me/ruehrei-bowl-gegessen/63743511769585,Rührei-Bowl: So hast du Rührei noch nie gegessen,2026-10-07,2026-10-08,2,2
63743511768945,2026-10-07T04:05:21+00:00,https://www.leckerschmecker.me/winzerquiche-knuspriger/63743511768945,"Knuspriger Boden, würzige Füllung: Winzerquiche selber backen",2026-10-07,2026-10-08,2,2
63743511506859,2026-10-07T04:05:27+00:00,https://www.leckerschmecker.me/dieser-franzoesische-zuckerkuchen-ist-tres-bon-a-a-franzoesische/63743511506859,Dieser französische Zuckerkuchen ist très bon,2026-10-07,2026-10-08,2,2
63743511768652,2026-10-07T04:05:28+00:00,https://www.leckerschmecker.me/kuerbis-wuerstchen-auflauf-herbstliches/63743511768652,Herbstliches Familienessen aus dem Ofen: Das kochst du ab sofort bestimmt öfter,2026-10-07,2026-10-08,2,2
63743511770304,2026-10-07T05:04:00+00:00,https://www.leckerschmecker.me/cereal-bowl-mit-mini-pancakes/63743511770304,"Schokoladig, fruchtig, unwiderstehlich: die Bowl mit Mini-Pancakes, die alle begeistert",2026-10-07,2026-10-07,1,1
63743511770299,2026-10-07T05:36:42+00:00,https://www.leckerschmecker.me/hotdog-blaetterteig-roellchen-aus-dem-airfryer-mini/63743511770299,Mini-Hotdogs im Knuspermantel: Diesen Snack solltest du dir nicht entgehen lassen,2026-10-07,2026-10-08,2,2
63743511769380,2026-10-07T05:36:43+00:00,https://www.leckerschmecker.me/kuerbis-kaese-kroketten-verstecken/63743511769380,Kürbis-Käse-Kroketten verstecken einen cremigen Kern,2026-10-07,2026-10-08,2,2
63743511770197,2026-10-07T05:36:44+00:00,https://www.leckerschmecker.me/vegane-kohlrabicremesuppe-cremig/63743511770197,Vegane Kohlrabicremesuppe: cremig ganz ohne Sahne,2026-10-07,2026-10-08,2,2
63743511770089,2026-10-07T05:36:46+00:00,https://www.leckerschmecker.me/bananen-pancakes-aus-reispapier-fruehlingsrolle/63743511770089,Von der Frühlingsrolle zum Frühstücksstar mit diesen fruchtigen Pfannkuchen,2026-10-07,2026-10-08,2,2
63743511770505,2026-10-07T05:46:00+00:00,https://www.leckerschmecker.me/hagebuttengelee/63743511770505,Rote Herbstfrüchte im Glas: Hagebuttengelee selber kochen,2026-10-07,2026-10-07,1,1
63743511477319,2026-10-07T06:47:49+00:00,https://www.leckerschmecker.me/kaesekuchen-mit-blaetterteig-vom-blech-a-d-blechkuchen/63743511477319,Dieser Blechkuchen kombiniert Cheesecake und Crunch,2026-10-07,2026-10-08,2,2
63743511768543,2026-10-07T06:47:50+00:00,https://www.leckerschmecker.me/apfel-blaetterteig-schnecken-gemuetliche/63743511768543,Apfel-Blätterteig-Schnecken für gemütliche Herbstnachmittage,2026-10-07,2026-10-08,2,3
63743511541138,2026-10-07T07:28:43+00:00,https://www.leckerschmecker.me/herzhafte-kraeuterschnecken-a-c-fuer/63743511541138,Perfekt für jede Gelegenheit: herzhafte Kräuterschnecken,2026-10-07,2026-10-08,2,3
63743511768357,2026-10-07T07:28:44+00:00,https://www.leckerschmecker.me/sahnehering-schuessel/63743511768357,Sahnehering: Nostalgie in der Schüssel,2026-10-07,2026-10-08,2,3
63743511768845,2026-10-07T07:28:45+00:00,https://www.leckerschmecker.me/brownie-quark-bowl-schokoladig/63743511768845,"Brownie-Quark-Bowl zum Frühstück: schokoladig, cremig und proteinreich",2026-10-07,2026-10-08,2,3
63743511769253,2026-10-07T07:28:46+00:00,https://www.leckerschmecker.me/nougatringe-einfache/63743511769253,Nougatringe wie vom Bäcker: Dieses einfache Rezept gelingt garantiert,2026-10-07,2026-10-08,2,3
63743511770726,2026-10-07T07:54:00+00:00,https://www.leckerschmecker.me/prime-deal-days-philips-standmixer/63743511770726,Mega-Deal zu den Prime Deal Days bei Amazon: Philips Profi-Standmixer mit 56 Prozent Rabatt,2026-10-07,2026-10-08,2,1
63743511770063,2026-10-07T08:14:24+00:00,https://www.leckerschmecker.me/prime-deal-days-bosch-doppelkammer-heissluftfritteuse/63743511770063,BOSCH Doppelkammer-Heißluftfritteuse um 44 % günstiger bei Amazon,2026-10-07,2026-10-08,2,2
63743511757206,2026-10-07T08:48:31+00:00,https://www.leckerschmecker.me/schupfnudel-sauerkraut-pfanne-a-b-pan/63743511757206,One-Pan-Gericht: Schupfnudel-Sauerkraut-Pfanne,2026-10-07,2026-10-08,2,4
63743511770305,2026-10-07T09:32:00+00:00,https://www.leckerschmecker.me/lazy-wan-tan-suppe/63743511770305,Heute gibt&#8217;s Couch-Potato-Küche in der Lazy-Wan-Tan-Edition,2026-10-07,2026-10-08,2,1
63743511770621,2026-10-07T10:02:00+00:00,https://www.leckerschmecker.me/haehnchen-mit-apfel-brie-fuellung/63743511770621,Gefüllte Hähnchenbrust mit fruchtig-käsigem Twist: Koch das nach!,2026-10-07,2026-10-07,1,1
63743511597098,2026-10-07T10:46:58+00:00,https://www.leckerschmecker.me/bananen-schmarrn-a-a/63743511597098,"Bananen-Schmarrn: zum Frühstück, als Dessert oder als süßer Snack",2026-10-07,2026-10-08,2,1
63743511596913,2026-10-07T10:49:53+00:00,https://www.leckerschmecker.me/malzbiergulasch-a-a/63743511596913,Herzhafte Hausmannskost: deftiges Malzbiergulasch,2026-10-07,2026-10-08,2,1
63743511768925,2026-10-07T10:51:38+00:00,https://www.leckerschmecker.me/schinken-kaese-frittata-deftig/63743511768925,Genieße ein deftig-würziges Frühstück,2026-10-07,2026-10-08,2,3
63743511604663,2026-10-07T10:56:26+00:00,https://www.leckerschmecker.me/vegane-nudeln-suesssauer-a-a/63743511604663,Lust auf Nudeln süßsauer? Probier diese vegane Variante!,2026-10-07,2026-10-08,2,1
63743511699858,2026-10-07T11:02:48+00:00,https://www.leckerschmecker.me/papaya-pancakes-a-c/63743511699858,Ein tropischer Morgen: So einfach gelingen dir Papaya-Pancakes,2026-10-07,2026-10-08,2,3
63743511735241,2026-10-07T11:04:02+00:00,https://www.leckerschmecker.me/crinkle-cake-mit-pflaumen-und-brie-a-a/63743511735241,Dieser Crinkle-Cake mit Pflaumen und Brie ist unwiderstehlich knusprig,2026-10-07,2026-10-08,2,3
63743511720686,2026-10-07T11:04:42+00:00,https://www.leckerschmecker.me/tapiokapudding-mit-basilikum-kiwimus-a-c/63743511720686,Kiwi zum Frühstück: Mit diesem Tapiokapudding startest du fruchtig in den Tag,2026-10-07,2026-10-08,2,3
63743511734530,2026-10-07T11:05:49+00:00,https://www.leckerschmecker.me/pflaumen-schinken-schnecken-airfryer-a-a/63743511734530,In 30 Minuten fertig: knusprige Pflaumen-Schinken-Schnecken aus dem Airfryer,2026-10-07,2026-10-08,2,3
63743511667425,2026-10-07T11:21:37+00:00,https://www.leckerschmecker.me/karotten-orangen-kuchen-a-a-saftige/63743511667425,Dieser Karottenkuchen aus der Kastenform überzeugt mit seiner Fruchtigkeit,2026-10-07,2026-10-08,2,2
63743511705563,2026-10-07T11:21:38+00:00,https://www.leckerschmecker.me/napoleon-dessert-im-glas-a-a-urspruenglich/63743511705563,Napoleon-Dessert im Glas: Eine süße Krönung für jeden Anlass,2026-10-07,2026-10-08,2,6
63743511770564,2026-10-07T11:25:00+00:00,https://www.leckerschmecker.me/cookie-dough-baellchen-airfryer/63743511770564,"Kleine Kugeln, großer Genuss: Backe dir süße Cookie-Dough-Bällchen aus dem Airfryer",2026-10-07,2026-10-08,2,1
63743511699804,2026-10-07T12:26:44+00:00,https://www.leckerschmecker.me/chili-limetten-wings-airfryer-a/63743511699804,Unsere Chili-Limetten-Wings aus dem Airfryer sorgen für eine echte Geschmacksexplosion,2026-10-07,2026-10-09,3,1
63743511696915,2026-10-07T12:27:06+00:00,https://www.leckerschmecker.me/kartoffelstroh-fries-airfryer-a/63743511696915,So werden Pommes extra dünn und knusprig,2026-10-07,2026-10-09,3,1
63743511484685,2026-10-07T12:53:29+00:00,https://www.leckerschmecker.me/ueberbackene-pfannkuchenrollen-a-d-kreativer/63743511484685,Überbackene Pfannkuchenrollen: kreativer Genuss aus dem Ofen,2026-10-07,2026-10-09,3,3
63743511770274,2026-10-07T13:20:36+00:00,https://www.leckerschmecker.me/erdnussbutter-haehnchen-sandwich/63743511770274,Erdnussbutter-Hähnchen: Weil Erdnussbutter nicht nur auf dem Sandwich schmeckt,2026-10-07,2026-10-08,2,2
63743511770011,2026-10-07T13:20:38+00:00,https://www.leckerschmecker.me/mangold-pasta-mit-croutons-lust/63743511770011,Lust auf Pasta mit Gemüse? Dieses Mangold-Rezept solltest du probieren,2026-10-07,2026-10-09,3,2
63743511770400,2026-10-07T13:20:39+00:00,https://www.leckerschmecker.me/kuerbis-zucchini-pizza-bunte/63743511770400,"Bunte Herbstpizza mit Kürbis, Zucchini und roten Zwiebeln: goldbraun und gemüsig",2026-10-07,2026-10-09,3,2
63743511770075,2026-10-07T13:20:40+00:00,https://www.leckerschmecker.me/kuerbis-chai-kuchen-herbstklassiker/63743511770075,Kürbis-Chai-Kuchen: vom Herbstklassiker zum Lieblingskuchen,2026-10-07,2026-10-09,3,2
63743511770905,2026-10-07T13:53:00+00:00,https://www.leckerschmecker.me/schoko-kuerbisgugelhupf/63743511770905,Dieser Schoko-Kürbisgugelhupf mit Orange wird besonders saftig,2026-10-07,2026-10-08,2,1
63743511769378,2026-10-07T14:13:42+00:00,https://www.leckerschmecker.me/rote-bete-linsen-koefte-bringen/63743511769378,Rote-Bete-Linsen-Köfte bringen kräftige Farbe auf die Mezze-Platte,2026-10-07,2026-10-09,3,2
63743511485495,2026-10-07T14:13:43+00:00,https://www.leckerschmecker.me/spaetzle-hack-pfanne-mit-lauch-und-kaese-a-f-zutaten/63743511485495,"Wenn ein Gericht den Namen Wohlfühlessen verdient, ist es dieses",2026-10-07,2026-10-09,3,8
63743511494265,2026-10-07T14:13:44+00:00,https://www.leckerschmecker.me/zuckerfeie-haferflockenkekse-joghurt-a-c-genuss/63743511494265,Zuckerfreie Haferflockenkekse mit Joghurt: Genuss ohne Reue,2026-10-07,2026-10-09,3,3
63743511599932,2026-10-07T14:13:45+00:00,https://www.leckerschmecker.me/marry-me-chicken-ramen-a-a-komfortessen/63743511599932,Marry Me Chicken Ramen: Wohlfühlessen für den Feierabend,2026-10-07,2026-10-09,3,2
63743511770811,2026-10-07T15:35:00+00:00,https://www.leckerschmecker.me/prime-deal-days-delonghi-classic-siebtraegermaschine/63743511770811,Siebträgermaschine im Angebot: De&#8217;Longhi Classic bei den Prime Deal Days um 33 Prozent günstiger,2026-10-07,2026-10-09,3,1
63743511770597,2026-10-07T16:09:00+00:00,https://www.leckerschmecker.me/bigos-mit-raeuchertofu/63743511770597,Sauerkraut trifft Räuchertofu: Dein neues Lieblings-Bigos,2026-10-07,2026-10-08,2,1
63743511770319,2026-10-07T16:31:00+00:00,https://www.leckerschmecker.me/prime-deal-days-stabmixer-philips-5000-a-a/63743511770319,Nur noch heute: Dieser geniale Philips 5000 Stabmixer ist während der Amazon Prime Deal Days um mehr als die Hälfte reduziert!,2026-10-08,2026-10-09,2,2
63743511768225,2026-10-07T16:52:42+00:00,https://www.leckerschmecker.me/apfel-buchweizen-torte-nussig/63743511768225,Diese Apfel-Buchweizen-Torte mit Preiselbeeren schmeckt nussig und fruchtig,2026-10-07,2026-10-08,2,4
63743511770074,2026-10-07T17:26:00+00:00,https://www.leckerschmecker.me/loaded-suesskartoffel-pommes/63743511770074,Loaded Süßkartoffel-Pommes: knusprig aus dem Airfryer,2026-10-07,2026-10-08,2,1
63743511770485,2026-10-07T18:41:00+00:00,https://www.leckerschmecker.me/zwetschgen-cocktail/63743511770485,Zwetschge trifft Wodka: Plötzlich ist der Herbst gar nicht mehr so grau,2026-10-07,2026-10-08,2,1
63743511354890,2026-10-07T18:45:05+00:00,https://www.leckerschmecker.me/roesti-auflauf-a-f/63743511354890,Rösti-Auflauf aus dem Ofen: Der verschönert dir den Tag,2026-10-07,2026-10-09,3,1
63743511445411,2026-10-07T18:45:31+00:00,https://www.leckerschmecker.me/blumenkohl-kaese-auflauf-a-r/63743511445411,Blumenkohl-Käse-Auflauf: perfekter Auflauf für gemütliche Abende,2026-10-07,2026-10-09,3,1
63743511769002,2026-10-08T04:02:53+00:00,https://www.leckerschmecker.me/polenta-benedict-mit-pilzen-brunchklassiker/63743511769002,Polenta-Benedict mit Pilzen bringt den Brunchklassiker ohne Brot auf den Teller,2026-10-08,2026-10-09,2,3
63743511770429,2026-10-08T04:02:54+00:00,https://www.leckerschmecker.me/birnen-haselnuss-schmarrn-bringt/63743511770429,Birnen-Haselnuss-Schmarrn bringt herbstliche Kuchenaromen in die Pfanne,2026-10-08,2026-10-09,2,2
63743511764482,2026-10-08T04:02:55+00:00,https://www.leckerschmecker.me/kohlrabi-hackfleisch-pfanne-mit-kartoffeln-gemuese/63743511764482,"Kohlrabi-Hackfleisch-Pfanne mit Kartoffeln: das beste Gericht, wenn es schnell gehen soll",2026-10-08,2026-10-09,2,7
63743511768060,2026-10-08T04:02:56+00:00,https://www.leckerschmecker.me/kartoffel-bohnen-gulasch-schnell/63743511768060,Deftig und schnell gemacht: Kartoffel-Bohnen-Gulasch,2026-10-08,2026-10-09,2,3
63743511770693,2026-10-08T05:05:00+00:00,https://www.leckerschmecker.me/spicy-vanilla-chai-latte/63743511770693,Kaffee war gestern: Heute gibt&#8217;s Spicy Vanilla Chai Latte,2026-10-08,2026-10-08,1,1
63743511770621,2026-10-08T05:30:47+00:00,https://www.leckerschmecker.me/haehnchen-mit-apfel-brie-fuellung-gefuellte/63743511770621,Gefüllte Hähnchenbrust mit fruchtig-käsigem Twist: Koch das nach!,2026-10-08,2026-10-09,2,2
63743511770304,2026-10-08T05:30:49+00:00,https://www.leckerschmecker.me/cereal-bowl-mit-mini-pancakes-schokoladig/63743511770304,"Schokoladig, fruchtig, unwiderstehlich: die Bowl mit Mini-Pancakes, die alle begeistert",2026-10-08,2026-10-09,2,2
63743511770505,2026-10-08T05:30:50+00:00,https://www.leckerschmecker.me/hagebuttengelee-rote/63743511770505,Rote Herbstfrüchte im Glas: Hagebuttengelee selber kochen,2026-10-08,2026-10-09,2,2
63743511520578,2026-10-08T05:44:54+00:00,https://www.leckerschmecker.me/ruehrei-mit-raeucherlachs-und-feta-a-b/63743511520578,Beginne deinen Tag mit leckerem Rührei mit Räucherlachs und Feta,2026-10-08,2026-10-08,1,1
63743511771058,2026-10-08T05:48:00+00:00,https://www.leckerschmecker.me/germknoedel-baked-oats/63743511771058,"Für alle, die morgens gern süß essen: Germknödel treffen auf Haferflocken",2026-10-08,2026-10-08,1,1
63743511603485,2026-10-08T06:11:42+00:00,https://www.leckerschmecker.me/franzoesischer-quittenkuchen-a-c/63743511603485,Französischer Quittenkuchen: versüßt dir die Herbstnachmittage,2026-10-08,2026-10-09,2,1
63743511769999,2026-10-08T06:53:42+00:00,https://www.leckerschmecker.me/vegane-kuerbis-carbonara-tofu/63743511769999,"Rauchiger Tofu, cremiger Kürbis: Verpasse einem Pasta-Klassiker ein köstliches pflanzliches Update",2026-10-08,2026-10-09,2,3
63743511746025,2026-10-08T06:53:43+00:00,https://www.leckerschmecker.me/burrata-crostini-airfryer-a-a-minuten/63743511746025,Burrata-Crostini in 30 Minuten: So gelingt der italienische Trendsnack,2026-10-08,2026-10-09,2,4
63743511486586,2026-10-08T07:07:47+00:00,https://www.leckerschmecker.me/ueberbackenes-kaesebrot-mit-gebratenen-champignons-a-b/63743511486586,Auf der Suche nach einem herzhaft-deftigen Frühstück?,2026-10-08,2026-10-09,2,2
63743511555901,2026-10-08T07:12:48+00:00,https://www.leckerschmecker.me/polenta-mit-pochierten-eiern-a-b/63743511555901,"Polenta, Eier und Pilze sorgen für eine Schüssel voller Genuss",2026-10-08,2026-10-09,2,1
63743511769286,2026-10-08T07:26:43+00:00,https://www.leckerschmecker.me/ofensellerie-mit-gorgonzola-sellerie/63743511769286,Ofensellerie mit Gorgonzola: So köstlich hast du Sellerie noch nie gegessen,2026-10-08,2026-10-09,2,3
63743511748573,2026-10-08T07:29:00+00:00,https://www.leckerschmecker.me/bear-claws/63743511748573,Bear Claws: Nordamerikas Mandelgebäck zum Reinbeißen,2026-10-08,2026-10-08,1,1
63743511252667,2026-10-08T09:08:05+00:00,https://www.leckerschmecker.me/suesskartoffel-feta-auflauf-a-a/63743511252667,Süßkartoffel-Feta-Auflauf: ein Gericht zum Nachkochen,2026-10-08,2026-10-09,2,1
63743511607120,2026-10-08T09:30:32+00:00,https://www.leckerschmecker.me/bratkartoffel-burger-a-a/63743511607120,"Brötchen auf, Bratkartoffeln rein, glücklich sein!",2026-10-08,2026-10-09,2,1
63743511770903,2026-10-08T09:31:00+00:00,https://www.leckerschmecker.me/kuerbis-sate/63743511770903,Kürbis-Saté mit Kräuterreis und Erdnusssoße bringt Herbst und Südostasien zusammen,2026-10-08,2026-10-08,1,1
63743511770164,2026-10-08T10:07:00+00:00,https://www.leckerschmecker.me/ofenkuerbis-mit-knusprigem-feta/63743511770164,Ofenkürbis mit knusprigem Feta: Panade trifft Karamell,2026-10-08,2026-10-08,1,1
63743511581861,2026-10-08T10:25:58+00:00,https://www.leckerschmecker.me/pilz-tofu-geschnetzeltes-mit-suesskartoffelpueree-a-a/63743511581861,Das perfekte Dinner für jeden Tag: Veggie-Geschnetzeltes mit Süßkartoffelpüree,2026-10-08,2026-10-09,2,1
63743511639172,2026-10-08T10:36:44+00:00,https://www.leckerschmecker.me/kreta-orzo-pfanne-mit-haehnchen-a-a/63743511639172,Träum dich in den Urlaub mit einer würzigen Hähnchen-Pfanne,2026-10-08,2026-10-09,2,1
63743511606877,2026-10-08T11:05:28+00:00,https://www.leckerschmecker.me/maronen-risotto-mit-bacon-a-a/63743511606877,Wohlfühlgericht im Herbst: Maronen-Risotto mit Bacon,2026-10-08,2026-10-09,2,1
63743511603598,2026-10-08T11:17:50+00:00,https://www.leckerschmecker.me/apfel-hirse-auflauf-a-a/63743511603598,Heute wird’s süß: Apfel-Hirse-Auflauf zum Wohlfühlen,2026-10-08,2026-10-09,2,1
63743511566585,2026-10-08T11:19:43+00:00,https://www.leckerschmecker.me/pilzragout-mit-parmesan-polenta-a-a-pilz/63743511566585,Pilz-Power aus der Pfanne: Pilzragout mit Parmesan-Polenta,2026-10-08,2026-10-09,2,2
63743511570847,2026-10-08T11:19:44+00:00,https://www.leckerschmecker.me/blaubeer-cheesecake-plunderzopf-a-b-schnell/63743511570847,"Schnell gebacken, schnell vernascht: Blaubeer-Cheesecake-Plunderzopf",2026-10-08,2026-10-09,2,2
63743511769305,2026-10-08T11:19:45+00:00,https://www.leckerschmecker.me/igel-kekse-vernaschen/63743511769305,Süße Igel zum Vernaschen: einfaches Rezept für Igel-Kekse,2026-10-08,2026-10-09,2,3
63743511770532,2026-10-08T11:22:00+00:00,https://www.leckerschmecker.me/reispapier-nuggets-airfryer/63743511770532,Knusper-Alarm: die schnellsten Reispapier-Nuggets aus dem Airfryer,2026-10-08,2026-10-08,1,1
63743511699703,2026-10-08T11:27:57+00:00,https://www.leckerschmecker.me/kartoffelmilch-a-b/63743511699703,Kartoffeln im Kaffee: So gelingt dir die vegane Milchalternative aus Erdäpfeln,2026-10-08,2026-10-09,2,2
63743511719692,2026-10-08T11:28:41+00:00,https://www.leckerschmecker.me/kiwi-mochi-a-c/63743511719692,Süße Überraschung mit Fruchtkern: So gelingen dir Kiwi-Mochi zu Hause,2026-10-08,2026-10-09,2,3
63743511702164,2026-10-08T11:31:48+00:00,https://www.leckerschmecker.me/zimt-knusperflakes-a-c/63743511702164,Spar dir das Geld: Diese DIY-Zimt-Knusperflakes schmecken wie das Original aus dem Supermarkt,2026-10-08,2026-10-09,2,3
63743511732507,2026-10-08T11:37:15+00:00,https://www.leckerschmecker.me/erdnussbutter-selbst-machen-a-b/63743511732507,Selbstgemacht schmeckt am besten: Diese Erdnussbutter gelingt in wenigen Minuten,2026-10-08,2026-10-09,2,3
63743511734271,2026-10-08T11:55:51+00:00,https://www.leckerschmecker.me/schnitzel-burger-aus-dem-airfryer-a-a/63743511734271,Schnitzel-Burger aus dem Airfryer: So knusprig hast du Burger noch nie gegessen,2026-10-09,2026-10-09,1,3
63743511647620,2026-10-08T12:42:13+00:00,https://www.leckerschmecker.me/apfelmuskuchen-mit-karamellisierten-aepfeln-a-a/63743511647620,"Einfaches Rezept, großer Auftritt: Saftiger Kuchen mit Karamell-Apfel-Deko",2026-10-09,2026-10-09,1,1
63743511696449,2026-10-08T13:21:41+00:00,https://www.leckerschmecker.me/pasta-gerostete-zitrone-a/63743511696449,"Ja, die Zitrone muss bei dieser Pasta geröstet werden!",2026-10-09,2026-10-09,1,1
63743511694095,2026-10-08T13:22:53+00:00,https://www.leckerschmecker.me/vegane-erbsen-pasta-a/63743511694095,Eine blitzschnelle Erbsen-Pasta für Veganer,2026-10-09,2026-10-09,1,1
63743511770485,2026-10-08T13:35:34+00:00,https://www.leckerschmecker.me/zwetschgen-cocktail-zwetschge/63743511770485,Zwetschge trifft Wodka: Plötzlich ist der Herbst gar nicht mehr so grau,2026-10-09,2026-10-09,1,2
63743511770074,2026-10-08T13:35:35+00:00,https://www.leckerschmecker.me/loaded-suesskartoffel-pommes-knusprig/63743511770074,Loaded Süßkartoffel-Pommes: knusprig aus dem Airfryer,2026-10-09,2026-10-09,1,2
63743511770597,2026-10-08T13:35:37+00:00,https://www.leckerschmecker.me/bigos-mit-raeuchertofu-sauerkraut/63743511770597,Sauerkraut trifft Räuchertofu: Dein neues Lieblings-Bigos,2026-10-09,2026-10-09,1,2
63743511770905,2026-10-08T13:35:38+00:00,https://www.leckerschmecker.me/schoko-kuerbisgugelhupf-orange/63743511770905,Dieser Schoko-Kürbisgugelhupf mit Orange wird besonders saftig,2026-10-09,2026-10-09,1,2
63743511771157,2026-10-08T13:56:00+00:00,https://www.leckerschmecker.me/torta-diplomatica/63743511771157,Torta diplomatica: So baust du die italienische Schichttorte,2026-10-09,2026-10-09,1,1
63743511367613,2026-10-08T14:03:44+00:00,https://www.leckerschmecker.me/torta-caprese-italienischer-schoko-mandel-kuchen-a-o-backst/63743511367613,Kuchen ohne Mehl: So backst du den italienischen Schoko-Mandel-Kuchen Torta Caprese,2026-10-09,2026-10-09,1,3
63743511769956,2026-10-08T15:18:00+00:00,https://www.leckerschmecker.me/fliegenpilz-muffins/63743511769956,Diese Fliegenpilz-Muffins sehen aus wie aus dem Märchenwald,2026-10-09,2026-10-09,1,1
63743511749175,2026-10-08T16:03:00+00:00,https://www.leckerschmecker.me/vegane-kuerbissuppe-karamellisierten-walnuessen/63743511749175,Unsere vegane Kürbissuppe kommt mit Kräuter-Salsa,2026-10-09,2026-10-09,1,1
63743511453601,2026-10-08T17:21:21+00:00,https://www.leckerschmecker.me/vegetarischer-borschtsch-a-b/63743511453601,Vegetarischer Borschtsch macht satt &amp; glücklich,2026-10-09,2026-10-09,1,1
63743511770907,2026-10-08T17:31:00+00:00,https://www.leckerschmecker.me/chicken-normandy/63743511770907,Chicken Normandy mit Apfel und Cidre bringt französische Gemütlichkeit in die Pfanne,2026-10-09,2026-10-09,1,1
63743511542356,2026-10-08T18:35:15+00:00,https://www.leckerschmecker.me/kichererbsensalat-mit-curry-dressing-a-b/63743511542356,"Alles außer langweilig: Ein Salat, den du nicht mehr missen willst",2026-10-09,2026-10-09,1,1
63743511770961,2026-10-08T18:43:00+00:00,https://www.leckerschmecker.me/weintrauben-schichtdessert-mit-cookies/63743511770961,Cremig trifft knusprig: Dieses Trauben-Cookie-Dessert gelingt in 25 Minuten,2026-10-09,2026-10-09,1,1
63743511771415,2026-10-08T19:06:00+00:00,https://www.leckerschmecker.me/holunderbeeren-verarbeiten/63743511771415,Holunderbeeren verarbeiten: So verwandelst du die dunklen Früchte sicher in Genuss,2026-10-09,2026-10-09,1,1
63743511768652,2026-10-09T04:05:51+00:00,https://www.leckerschmecker.me/kuerbis-wuerstchen-auflauf-familienessen/63743511768652,Herbstliches Familienessen aus dem Ofen: Das kochst du ab sofort bestimmt öfter,2026-10-09,2026-10-09,1,3
63743511768945,2026-10-09T04:05:52+00:00,https://www.leckerschmecker.me/winzerquiche-boden/63743511768945,"Knuspriger Boden, würzige Füllung: Winzerquiche selber backen",2026-10-09,2026-10-09,1,3
63743511769585,2026-10-09T04:05:53+00:00,https://www.leckerschmecker.me/ruehrei-bowl-neuerdings/63743511769585,Rührei-Bowl: So hast du Rührei noch nie gegessen,2026-10-09,2026-10-09,1,3
63743511771015,2026-10-09T05:08:00+00:00,https://www.leckerschmecker.me/omelett-im-glas/63743511771015,Keine Pfanne nötig: Dieses Omelett im Glas ist perfekt für Gäste,2026-10-09,2026-10-09,1,1
63743511770532,2026-10-09T05:26:53+00:00,https://www.leckerschmecker.me/reispapier-nuggets-airfryer-knusper/63743511770532,Knusper-Alarm: die schnellsten Reispapier-Nuggets aus dem Airfryer,2026-10-09,2026-10-09,1,2
63743511770164,2026-10-09T05:26:54+00:00,https://www.leckerschmecker.me/ofenkuerbis-mit-knusprigem-feta-panade/63743511770164,Ofenkürbis mit knusprigem Feta: Panade trifft Karamell,2026-10-09,2026-10-09,1,2
63743511770903,2026-10-09T05:26:55+00:00,https://www.leckerschmecker.me/kuerbis-sate-sat/63743511770903,Kürbis-Saté mit Kräuterreis und Erdnusssoße bringt Herbst und Südostasien zusammen,2026-10-09,2026-10-09,1,2
63743511748573,2026-10-09T05:26:56+00:00,https://www.leckerschmecker.me/bear-claws-nordamerikas/63743511748573,Bear Claws: Nordamerikas Mandelgebäck zum Reinbeißen,2026-10-09,2026-10-09,1,2
63743511771058,2026-10-09T05:26:57+00:00,https://www.leckerschmecker.me/germknoedel-baked-oats-fuer/63743511771058,"Für alle, die morgens gern süß essen: Germknödel treffen auf Haferflocken",2026-10-09,2026-10-09,1,2
63743511439249,2026-10-09T05:46:36+00:00,https://www.leckerschmecker.me/pumpkin-spice-affogato-a-b/63743511439249,Pumpkin Spice Affogato: italienischer Klassiker mit herbstlichem Twist,2026-10-09,2026-10-09,1,1
63743511771297,2026-10-09T05:49:00+00:00,https://www.leckerschmecker.me/chai-latte-milchreis/63743511771297,Deinen Chai Latte gibt&#8217;s jetzt auch zum Löffeln,2026-10-09,2026-10-09,1,1
63743511572133,2026-10-09T05:51:38+00:00,https://www.leckerschmecker.me/frittierte-champignons-a-c/63743511572133,Frittierte Champignons: knusprige Gaumenfreude für Pilz-Freunde,2026-10-09,2026-10-09,1,1
63743511496564,2026-10-09T05:54:00+00:00,https://www.leckerschmecker.me/ungarische-pilzsuppe-a-c/63743511496564,Ungarische Pilzsuppe: herzhaft und würzig,2026-10-09,2026-10-09,1,1
63743511770693,2026-10-09T06:14:48+00:00,https://www.leckerschmecker.me/spicy-vanilla-chai-latte-kaffee/63743511770693,Kaffee war gestern: Heute gibt&#8217;s Spicy Vanilla Chai Latte,2026-10-09,2026-10-09,1,2
63743511768225,2026-10-09T06:39:46+00:00,https://www.leckerschmecker.me/apfel-buchweizen-torte-fruchtig/63743511768225,Diese Apfel-Buchweizen-Torte mit Preiselbeeren schmeckt nussig und fruchtig,2026-10-09,2026-10-09,1,5
63743511757206,2026-10-09T06:39:47+00:00,https://www.leckerschmecker.me/schupfnudel-sauerkraut-pfanne-a-b-gericht/63743511757206,One-Pan-Gericht: Schupfnudel-Sauerkraut-Pfanne,2026-10-09,2026-10-09,1,5
63743511526614,2026-10-09T07:13:51+00:00,https://www.leckerschmecker.me/schoko-bananen-croissants-a-a/63743511526614,"Banane, Schokolade, Blätterteig: Dieses Frühstücks-Trio sorgt für gute Laune",2026-10-09,2026-10-09,1,1
63743511592427,2026-10-09T07:19:01+00:00,https://www.leckerschmecker.me/birnen-chai-scones-a-a/63743511592427,Zum Kaffee oder Tee: Birnen-Chai-Scones machen Frühstück und Nachmittag gemütlich,2026-10-09,2026-10-09,1,1
63743511770747,2026-10-09T07:28:00+00:00,https://www.leckerschmecker.me/scharfes-pflaumen-chutney/63743511770747,Hot Stuff im Glas: Pflaumen-Chutney für Mutige,2026-10-09,2026-10-09,1,1
63743511506859,2026-10-09T07:34:40+00:00,https://www.leckerschmecker.me/dieser-franzoesische-zuckerkuchen-ist-tres-bon-a-a-tr/63743511506859,Dieser französische Zuckerkuchen ist très bon,2026-10-09,2026-10-09,1,3
63743511596297,2026-10-09T08:04:16+00:00,https://www.leckerschmecker.me/french-toast-auflauf-mit-kuerbis-a-a/63743511596297,Im Herbst gibt&#8217;s French-Toast-Auflauf mit Kürbis zum Frühstück,2026-10-09,2026-10-09,1,1
63743511721699,2026-10-09T08:39:33+00:00,https://www.leckerschmecker.me/pak-choi-airfryer-a-a/63743511721699,Dieses Airfryer-Rezept macht Pak Choi zur besten Beilage überhaupt,2026-10-09,2026-10-09,1,2
63743511723406,2026-10-09T08:40:49+00:00,https://www.leckerschmecker.me/ravioli-mit-pfifferlingfuellung-a-b/63743511723406,"Cremig, aromatisch, hausgemacht: So gelingen Ravioli mit Pfifferlingfüllung",2026-10-09,2026-10-09,1,3
63743511725171,2026-10-09T08:42:18+00:00,https://www.leckerschmecker.me/italienischer-schichtsalat-mit-spaghetti-a-a/63743511725171,Dieser Spaghetti-Schichtsalat ist schnell gemacht und schmeckt nach Urlaub,2026-10-09,2026-10-09,1,7
63743511520578,2026-10-09T08:58:28+00:00,https://www.leckerschmecker.me/ruehrei-mit-raeucherlachs-und-feta-a-b-beginne/63743511520578,Beginne deinen Tag mit leckerem Rührei mit Räucherlachs und Feta,2026-10-09,2026-10-09,1,2
63743511749277,2026-10-09T09:38:00+00:00,https://www.leckerschmecker.me/koreanische-kohlsuppe/63743511749277,"Diese koreanische Suppe ist genau das, was du jetzt brauchst",2026-10-09,2026-10-09,1,1
63743511771090,2026-10-09T10:01:00+00:00,https://www.leckerschmecker.me/peruanische-bolognese/63743511771090,Peruanische Bolognese bringt Ají panca und Kreuzkümmel an die Pasta,2026-10-09,2026-10-09,1,1
63743511479692,2026-10-09T10:08:34+00:00,https://www.leckerschmecker.me/wurstpfanne-deftig-a-b/63743511479692,"Würstchen, Kohlrabi und eine würzige Senfsoße machen es sich zusammen in der Pfanne gemütlich",2026-10-09,2026-10-09,1,1
63743511679298,2026-10-09T10:53:09+00:00,https://www.leckerschmecker.me/schupfnudeln-mit-biersosse-a-a/63743511679298,Diese Schupfnudeln kommen direkt aus Omas Kochbuch,2026-10-09,2026-10-09,1,1
63743511601218,2026-10-09T11:10:12+00:00,https://www.leckerschmecker.me/ragout-fin-a-a/63743511601218,Ragout fin: Nostalgie auf dem Teller,2026-10-09,2026-10-09,1,1
63743511597579,2026-10-09T11:12:16+00:00,https://www.leckerschmecker.me/thueringer-kloesse-a-a/63743511597579,So machst du Thüringer Klöße wie bei Oma,2026-10-09,2026-10-09,1,1
63743511770985,2026-10-09T11:21:00+00:00,https://www.leckerschmecker.me/suesse-ravioli-aus-dem-airfryer/63743511770985,Blätterteig und Airfryer-Liebe: Genieße süß-fruchtige Ravioli,2026-10-09,2026-10-09,1,1
63743511676753,2026-10-09T11:21:08+00:00,https://www.leckerschmecker.me/bagel-mit-eiersalat-a-a/63743511676753,Gönn dir diesen Bagel und der restliche Tag wird gut,2026-10-09,2026-10-09,1,1
63743511593717,2026-10-09T11:24:14+00:00,https://www.leckerschmecker.me/kuerbis-orzo-auflauf-mit-halloumi-a-a/63743511593717,"Halloumi trifft Kürbis: ein Auflauf, der glücklich macht",2026-10-09,2026-10-09,1,1
63743511603548,2026-10-09T11:26:09+00:00,https://www.leckerschmecker.me/gewuerzkuchen-mit-zimtglasur-a-c/63743511603548,Dieser Kastenkuchen ist perfekt für jede Kaffeepause,2026-10-09,2026-10-09,1,1
63743511770274,2026-10-09T11:35:35+00:00,https://www.leckerschmecker.me/erdnussbutter-haehnchen-schmeckt/63743511770274,Erdnussbutter-Hähnchen: Weil Erdnussbutter nicht nur auf dem Sandwich schmeckt,2026-10-09,2026-10-09,1,3
63743511770564,2026-10-09T11:35:36+00:00,https://www.leckerschmecker.me/cookie-dough-baellchen-airfryer-kugeln/63743511770564,"Kleine Kugeln, großer Genuss: Backe dir süße Cookie-Dough-Bällchen aus dem Airfryer",2026-10-09,2026-10-09,1,2
63743511599932,2026-10-09T12:51:27+00:00,https://www.leckerschmecker.me/marry-me-chicken-ramen-a-a-minuten/63743511599932,Marry Me Chicken Ramen: Wohlfühlessen für den Feierabend,2026-10-09,2026-10-09,1,3
63743511771415,2026-10-09T13:21:34+00:00,https://www.leckerschmecker.me/holunderbeeren-verarbeiten-verwandelst/63743511771415,Holunderbeeren verarbeiten: So verwandelst du die dunklen Früchte sicher in Genuss,2026-10-09,2026-10-09,1,2
63743511749175,2026-10-09T13:21:35+00:00,https://www.leckerschmecker.me/vegane-kuerbissuppe-karamellisierten-walnuessen-kraeuter/63743511749175,Unsere vegane Kürbissuppe kommt mit Kräuter-Salsa,2026-10-09,2026-10-09,1,2
63743511449059,2026-10-09T13:55:47+00:00,https://www.leckerschmecker.me/rote-bete-linsen-salat-a-m/63743511449059,Rote-Bete-Linsen-Salat macht dich fit für die kalte Jahreszeit,2026-10-09,2026-10-09,1,1
63743511748658,2026-10-09T13:57:00+00:00,https://www.leckerschmecker.me/suesskartoffel-pfirsich-cobbler/63743511748658,Unser Süßkartoffel-Pfirsich-Cobbler vereint zwei Jahreszeiten,2026-10-09,2026-10-09,1,1
63743511485495,2026-10-09T14:16:41+00:00,https://www.leckerschmecker.me/spaetzle-hack-pfanne-mit-lauch-und-kaese-a-f-zauberst/63743511485495,"Wenn ein Gericht den Namen Wohlfühlessen verdient, ist es dieses",2026-10-09,2026-10-09,1,9
63743511692576,2026-10-09T15:07:35+00:00,https://www.leckerschmecker.me/thai-tea-tiramisu-tee-a/63743511692576,Thai-Tee-Tiramisu ist die perfekte Kombination von Geschmäckern,2026-10-09,2026-10-09,1,1
63743511695797,2026-10-09T15:07:46+00:00,https://www.leckerschmecker.me/cola-kirsch-cocktail-a/63743511695797,Zeit für einen Cola-Kirsch-Cocktail,2026-10-09,2026-10-09,1,1
63743511771458,2026-10-09T15:22:00+00:00,https://www.leckerschmecker.me/nudelsalat-mit-feigen-und-ziegenkaese/63743511771458,Nudelsalat mit Feigen und Ziegenkäse: für eine unkomplizierte Mittagspause,2026-10-09,2026-10-09,1,1
63743511525709,2026-10-09T15:56:25+00:00,https://www.leckerschmecker.me/knuspriger-feta-aus-dem-airfryer-a-c/63743511525709,Knuspriger Feta aus dem Airfryer: in nur 15 Minuten zubereitet,2026-10-09,2026-10-09,1,1
63743511602177,2026-10-09T15:56:52+00:00,https://www.leckerschmecker.me/spitzkohl-haehnchen-pfanne-a-c/63743511602177,Hähnchen und Spitzkohl in cremiger Soße: Besser geht&#8217;s nicht,2026-10-09,2026-10-09,1,1
63743511770692,2026-10-09T16:07:00+00:00,https://www.leckerschmecker.me/vegane-burrata-aus-mandeln/63743511770692,"Vegane Burrata aus Mandeln: ohne Muh, mit ganz viel Mmmh!",2026-10-09,2026-10-09,1,1
63743511601467,2026-10-09T17:20:53+00:00,https://www.leckerschmecker.me/spitzkohl-in-sahne-senf-sosse-a-b/63743511601467,Lieblings-Beilage: Spitzkohl in Sahne-Senf-Soße,2026-10-09,2026-10-09,1,1
63743511445415,2026-10-09T17:27:42+00:00,https://www.leckerschmecker.me/quittenlikoer-a-e/63743511445415,So machst du deinen eigenen Quittenlikör,2026-10-09,2026-10-09,1,1
63743511771088,2026-10-09T17:31:00+00:00,https://www.leckerschmecker.me/salsiccia-maronen-pasta/63743511771088,Salsiccia-Maronen-Pasta verbindet kräftige Wurst mit nussigem Herbstgeschmack,2026-10-09,2026-10-09,1,1
63743511445411,2026-10-09T18:01:47+00:00,https://www.leckerschmecker.me/blumenkohl-kaese-auflauf-a-r-perfekte/63743511445411,Blumenkohl-Käse-Auflauf: perfekter Auflauf für gemütliche Abende,2026-10-09,2026-10-09,1,2
63743511772066,2026-10-09T18:39:00+00:00,https://www.leckerschmecker.me/wildschweingulasch-mit-pilzen/63743511772066,Wildschweingulasch mit Pilzen: Klassiker der Herbstküche,2026-10-09,2026-10-09,1,1
63743511764482,2026-10-09T18:56:48+00:00,https://www.leckerschmecker.me/kohlrabi-hackfleisch-pfanne-mit-kartoffeln-fall/63743511764482,"Kohlrabi-Hackfleisch-Pfanne mit Kartoffeln: das beste Gericht, wenn es schnell gehen soll",2026-10-09,2026-10-09,1,8
63743511771045,2026-10-09T19:09:00+00:00,https://www.leckerschmecker.me/pflaumen-mocktail/63743511771045,Pflaume trifft Kombucha: Das spritzige Dream-Team im Glas,2026-10-09,2026-10-09,1,1
63743511419816,2026-10-09T19:14:16+00:00,https://www.leckerschmecker.me/mediterranes-ofengemuese-a-w/63743511419816,Mediterranes Ofengemüse mit Zucchini: So einfach kann Kochen sein,2026-10-09,2026-10-09,1,1
